latitude,longitude,brightness,scan,track,acq_date,acq_time,satellite,instrument,confidence,version,bright_t31,frp,daynight,type
18.41101,95.26782,337.5,0.53,0.5,2026-01-01,0721,N20,VIIRS,n,2,305.29,3.95,D,0
18.44492,95.2383,334.47,0.53,0.5,2026-01-01,0721,N20,VIIRS,l,2,305.93,3.82,D,0
18.44466,95.2402,341.66,0.53,0.5,2026-01-01,0721,N20,VIIRS,n,2,306.11,4.05,D,0
18.45319,95.27442,341.79,0.53,0.5,2026-01-01,0721,N20,VIIRS,n,2,303.69,7.26,D,0
18.44814,95.22968,346.26,0.53,0.5,2026-01-01,0721,N20,VIIRS,n,2,305.95,10.71,D,0
18.45275,95.2291,343.51,0.53,0.5,2026-01-01,0721,N20,VIIRS,n,2,308.52,20.56,D,0
18.45218,95.22413,340.01,0.53,0.5,2026-01-01,0721,N20,VIIRS,n,2,306.74,20.56,D,0
18.45735,95.22851,334.9,0.53,0.5,2026-01-01,0721,N20,VIIRS,n,2,303.23,20.56,D,0
18.49131,95.23934,351.73,0.53,0.5,2026-01-01,0721,N20,VIIRS,n,2,310.7,34.28,D,0
18.51748,95.34359,343.52,0.54,0.5,2026-01-01,0721,N20,VIIRS,n,2,306.22,5.9,D,0
18.55091,95.59142,331.31,0.56,0.51,2026-01-01,0721,N20,VIIRS,l,2,304.47,3.73,D,0
18.5503,95.58614,331.68,0.56,0.51,2026-01-01,0721,N20,VIIRS,l,2,306.27,3.73,D,0
18.54491,95.34712,345.99,0.54,0.51,2026-01-01,0721,N20,VIIRS,n,2,305.42,11.97,D,0
18.55575,95.19241,329.34,0.52,0.5,2026-01-01,0721,N20,VIIRS,n,2,304.31,2.52,D,0
18.63411,95.46651,333.88,0.55,0.51,2026-01-01,0721,N20,VIIRS,n,2,305.58,3.08,D,0
18.85253,96.41603,341.45,0.32,0.54,2026-01-01,0721,N20,VIIRS,n,2,306.52,1.8,D,0
18.82346,95.67429,328.86,0.57,0.52,2026-01-01,0721,N20,VIIRS,n,2,301.02,3.63,D,0
18.81827,95.41271,333.95,0.55,0.51,2026-01-01,0721,N20,VIIRS,l,2,306.67,3.41,D,0
18.83525,95.395,341.87,0.54,0.51,2026-01-01,0721,N20,VIIRS,n,2,306.27,6.47,D,0
18.95073,96.3836,330.92,0.64,0.54,2026-01-01,0721,N20,VIIRS,l,2,304.76,5.21,D,0
18.8499,95.39847,332.08,0.55,0.51,2026-01-01,0721,N20,VIIRS,l,2,305.36,3.62,D,0
18.54192,95.35103,331.67,0.54,0.51,2026-01-01,0721,N20,VIIRS,n,2,301.54,13.47,D,0
16.12037,95.67795,330.34,0.52,0.5,2026-01-01,0721,N20,VIIRS,l,2,302.32,3.12,D,0
16.23251,94.99997,342.51,0.47,0.48,2026-01-01,0721,N20,VIIRS,n,2,303.07,5.36,D,0
16.39251,96.18983,331.27,0.57,0.52,2026-01-01,0721,N20,VIIRS,l,2,302.79,2.83,D,0
16.25732,95.01939,339.01,0.48,0.48,2026-01-01,0721,N20,VIIRS,n,2,302.88,2.91,D,0
16.4528,96.2892,331.71,0.58,0.52,2026-01-01,0721,N20,VIIRS,l,2,301.99,5.58,D,0
16.51485,96.48387,335.26,0.6,0.53,2026-01-01,0721,N20,VIIRS,n,2,301.45,3.36,D,0
16.52727,96.38052,343.9,0.59,0.53,2026-01-01,0721,N20,VIIRS,n,2,302.34,7.69,D,0
16.52643,96.38304,343.81,0.59,0.53,2026-01-01,0721,N20,VIIRS,n,2,302.39,6.97,D,0
16.55448,96.41351,336.54,0.59,0.53,2026-01-01,0721,N20,VIIRS,n,2,303.4,5.62,D,0
16.71386,94.91132,334.93,0.48,0.48,2026-01-01,0721,N20,VIIRS,l,2,305.63,5.4,D,0
16.71332,94.90685,344.22,0.48,0.48,2026-01-01,0721,N20,VIIRS,n,2,303.68,5.35,D,0
16.77592,95.2378,333.32,0.5,0.49,2026-01-01,0721,N20,VIIRS,n,2,301.57,1.69,D,0
16.74091,94.73354,332.49,0.46,0.47,2026-01-01,0721,N20,VIIRS,n,2,304.13,3.97,D,0
16.77606,94.90791,330.43,0.48,0.48,2026-01-01,0721,N20,VIIRS,n,2,303.52,3.29,D,0
16.91777,95.94512,354.47,0.56,0.51,2026-01-01,0721,N20,VIIRS,n,2,303.28,12.98,D,0
16.7731,94.77814,336.99,0.47,0.47,2026-01-01,0721,N20,VIIRS,n,2,305.59,4.61,D,0
16.91903,95.94289,340.58,0.56,0.51,2026-01-01,0721,N20,VIIRS,n,2,302.33,8.0,D,0
16.80398,94.87879,339.83,0.47,0.48,2026-01-01,0721,N20,VIIRS,n,2,305.15,3.81,D,0
16.82059,94.8316,341.12,0.47,0.48,2026-01-01,0721,N20,VIIRS,n,2,303.28,8.8,D,0
16.83037,94.87542,342.87,0.47,0.48,2026-01-01,0721,N20,VIIRS,n,2,305.54,7.57,D,0
16.82335,94.81779,340.66,0.47,0.48,2026-01-01,0721,N20,VIIRS,n,2,304.1,5.14,D,0
16.79678,94.60078,340.3,0.46,0.47,2026-01-01,0721,N20,VIIRS,n,2,304.65,5.79,D,0
17.12313,96.36719,344.67,0.6,0.53,2026-01-01,0721,N20,VIIRS,n,2,304.82,8.82,D,0
17.12867,96.37227,333.65,0.6,0.53,2026-01-01,0721,N20,VIIRS,n,2,301.12,8.82,D,0
17.13355,96.37169,331.31,0.6,0.53,2026-01-01,0721,N20,VIIRS,n,2,300.11,4.23,D,0
17.29741,95.03752,340.49,0.49,0.49,2026-01-01,0721,N20,VIIRS,n,2,302.26,4.83,D,0
14.63613,77.35288,331.86,0.51,0.66,2026-01-01,0721,N20,VIIRS,n,2,295.4,5.23,D,0
17.94106,96.71836,345.11,0.32,0.55,2026-01-01,0721,N20,VIIRS,n,2,302.33,4.27,D,0
17.81391,95.22143,332.07,0.51,0.5,2026-01-01,0721,N20,VIIRS,n,2,301.1,3.34,D,0
18.21555,95.84514,331.05,0.57,0.52,2026-01-01,0721,N20,VIIRS,n,2,299.87,2.2,D,0
18.30737,95.66858,331.23,0.56,0.51,2026-01-01,0721,N20,VIIRS,n,2,302.77,2.79,D,0
18.43897,96.5363,332.35,0.32,0.55,2026-01-01,0721,N20,VIIRS,n,2,302.19,1.0,D,0
15.0978,75.66778,333.12,0.65,0.73,2026-01-01,0721,N20,VIIRS,n,2,297.7,5.45,D,0
18.40423,95.37084,341.91,0.54,0.51,2026-01-01,0721,N20,VIIRS,n,2,303.4,5.49,D,0
18.40888,95.37028,337.59,0.54,0.51,2026-01-01,0721,N20,VIIRS,n,2,301.11,3.83,D,0
18.40829,95.36517,351.03,0.54,0.5,2026-01-01,0721,N20,VIIRS,n,2,301.25,10.22,D,0
20.25902,86.26407,331.74,0.4,0.37,2026-01-01,0722,N20,VIIRS,n,2,298.3,2.72,D,0
19.02239,95.32495,330.67,0.54,0.51,2026-01-01,0722,N20,VIIRS,n,2,304.48,3.02,D,0
16.13987,76.98265,330.43,0.51,0.66,2026-01-01,0722,N20,VIIRS,n,2,295.87,3.86,D,0
19.18321,95.21803,336.33,0.54,0.51,2026-01-01,0722,N20,VIIRS,n,2,300.19,4.43,D,0
19.18262,95.21298,335.09,0.54,0.5,2026-01-01,0722,N20,VIIRS,n,2,301.82,3.93,D,0
19.18174,95.21593,343.07,0.54,0.51,2026-01-01,0722,N20,VIIRS,n,2,301.51,9.46,D,0
19.34803,96.49165,329.43,0.33,0.55,2026-01-01,0722,N20,VIIRS,n,2,293.7,1.48,D,0
19.36909,96.3532,336.55,0.32,0.55,2026-01-01,0722,N20,VIIRS,n,2,301.82,2.15,D,0
19.17432,94.0483,333.58,0.45,0.47,2026-01-01,0722,N20,VIIRS,n,2,304.03,2.18,D,0
19.17862,94.04774,331.89,0.45,0.47,2026-01-01,0722,N20,VIIRS,n,2,303.8,2.18,D,0
17.60606,83.20131,336.62,0.57,0.43,2026-01-01,0722,N20,VIIRS,n,2,297.81,7.38,D,2
19.61226,96.88603,326.66,0.35,0.57,2026-01-01,0722,N20,VIIRS,n,2,300.73,1.95,D,0
16.14241,75.46941,345.51,0.64,0.72,2026-01-01,0722,N20,VIIRS,n,2,298.48,6.85,D,0
16.44389,76.82289,331.9,0.51,0.66,2026-01-01,0722,N20,VIIRS,n,2,296.7,3.54,D,0
16.52753,77.15764,335.84,0.49,0.65,2026-01-01,0722,N20,VIIRS,n,2,296.34,3.87,D,0
19.50432,95.29713,332.66,0.55,0.51,2026-01-01,0722,N20,VIIRS,l,2,302.78,3.22,D,0
19.50211,95.29987,338.14,0.55,0.51,2026-01-01,0722,N20,VIIRS,n,2,303.02,5.36,D,0
19.53219,95.22771,347.36,0.54,0.51,2026-01-01,0722,N20,VIIRS,n,2,302.82,9.16,D,0
19.68176,96.14542,341.01,0.63,0.54,2026-01-01,0722,N20,VIIRS,n,2,304.89,7.77,D,0
16.87765,78.12162,338.42,0.41,0.61,2026-01-01,0722,N20,VIIRS,n,2,294.93,3.48,D,0
19.61106,95.21317,348.8,0.54,0.51,2026-01-01,0722,N20,VIIRS,n,2,305.32,9.56,D,0
19.60945,95.21519,334.47,0.54,0.51,2026-01-01,0722,N20,VIIRS,n,2,304.11,4.43,D,0
19.60889,95.21005,329.64,0.54,0.51,2026-01-01,0722,N20,VIIRS,n,2,304.15,4.43,D,0
19.61411,95.21457,345.24,0.54,0.51,2026-01-01,0722,N20,VIIRS,n,2,302.41,4.43,D,0
16.87737,78.12067,335.82,0.41,0.61,2026-01-01,0722,N20,VIIRS,n,2,295.29,4.15,D,0
19.90254,96.86803,344.88,0.35,0.57,2026-01-01,0722,N20,VIIRS,n,2,299.0,3.47,D,0
19.90219,96.86472,339.62,0.35,0.57,2026-01-01,0722,N20,VIIRS,n,2,299.76,3.47,D,0
19.75153,95.59,335.9,0.58,0.52,2026-01-01,0722,N20,VIIRS,n,2,304.11,4.81,D,0
19.90289,96.86651,350.02,0.35,0.57,2026-01-01,0722,N20,VIIRS,n,2,300.27,3.47,D,0
19.90256,96.86317,327.55,0.35,0.57,2026-01-01,0722,N20,VIIRS,l,2,299.58,3.47,D,0
17.08421,78.42688,340.94,0.39,0.59,2026-01-01,0722,N20,VIIRS,n,2,298.49,3.44,D,0
17.12901,78.34439,344.3,0.4,0.6,2026-01-01,0722,N20,VIIRS,n,2,295.62,3.17,D,0
20.05403,96.2556,331.3,0.32,0.55,2026-01-01,0722,N20,VIIRS,n,2,300.73,1.46,D,0
18.03276,81.75722,338.8,0.45,0.47,2026-01-01,0722,N20,VIIRS,n,2,300.55,3.93,D,0
18.03188,81.75887,334.01,0.45,0.47,2026-01-01,0722,N20,VIIRS,n,2,299.31,3.0,D,0
19.89337,93.58835,336.24,0.43,0.46,2026-01-01,0722,N20,VIIRS,n,2,306.28,3.62,D,0
18.2942,82.87179,335.01,0.39,0.44,2026-01-01,0722,N20,VIIRS,n,2,299.32,2.39,D,0
17.36889,78.08869,367.0,0.41,0.6,2026-01-01,0722,N20,VIIRS,h,2,300.47,10.42,D,0
17.3681,78.08494,332.89,0.41,0.6,2026-01-01,0722,N20,VIIRS,n,2,298.72,10.42,D,0
18.13863,81.85876,328.62,0.45,0.47,2026-01-01,0722,N20,VIIRS,n,2,301.32,2.44,D,0
20.32807,96.75843,337.21,0.35,0.57,2026-01-01,0722,N20,VIIRS,n,2,305.09,2.06,D,0
20.3106,96.28076,347.68,0.33,0.55,2026-01-01,0722,N20,VIIRS,n,2,301.86,4.53,D,0
20.12894,94.61433,338.43,0.5,0.49,2026-01-01,0722,N20,VIIRS,n,2,302.5,3.94,D,0
20.31868,96.21164,339.63,0.32,0.55,2026-01-01,0722,N20,VIIRS,n,2,302.88,2.38,D,0
20.3897,96.74174,340.34,0.35,0.57,2026-01-01,0722,N20,VIIRS,n,2,306.81,3.33,D,0
20.3949,96.74102,336.82,0.35,0.57,2026-01-01,0722,N20,VIIRS,n,2,304.78,3.66,D,0
17.89455,79.94875,330.11,0.6,0.53,2026-01-01,0722,N20,VIIRS,n,2,296.52,4.13,D,0
20.40442,96.68096,343.62,0.35,0.56,2026-01-01,0722,N20,VIIRS,n,2,301.52,3.84,D,0
20.40571,96.68024,344.66,0.35,0.57,2026-01-01,0722,N20,VIIRS,n,2,302.77,3.87,D,0
20.42062,96.67158,337.64,0.35,0.56,2026-01-01,0722,N20,VIIRS,n,2,301.32,2.25,D,0
20.08564,93.43439,327.48,0.42,0.46,2026-01-01,0722,N20,VIIRS,l,2,301.69,2.5,D,0
20.24257,94.71182,341.84,0.51,0.5,2026-01-01,0722,N20,VIIRS,n,2,305.56,3.76,D,0
20.05055,93.07375,335.66,0.4,0.44,2026-01-01,0722,N20,VIIRS,n,2,303.9,1.72,D,0
20.30671,94.70079,330.32,0.51,0.5,2026-01-01,0722,N20,VIIRS,l,2,304.71,2.17,D,0
20.30921,94.55705,339.01,0.5,0.49,2026-01-01,0722,N20,VIIRS,n,2,302.17,4.37,D,0
20.34233,94.77177,339.97,0.52,0.5,2026-01-01,0722,N20,VIIRS,n,2,305.02,4.34,D,0
18.0397,79.90845,338.15,0.6,0.53,2026-01-01,0722,N20,VIIRS,n,2,298.32,5.47,D,0
18.74503,83.54093,337.06,0.52,0.42,2026-01-01,0722,N20,VIIRS,n,2,300.01,6.83,D,0
20.42887,94.75378,346.91,0.52,0.5,2026-01-01,0722,N20,VIIRS,n,2,302.59,5.28,D,0
20.4329,94.74823,337.76,0.52,0.5,2026-01-01,0722,N20,VIIRS,n,2,302.35,7.27,D,0
20.42704,94.52953,332.68,0.5,0.49,2026-01-01,0722,N20,VIIRS,n,2,302.86,2.75,D,0
20.53617,95.34602,332.87,0.57,0.52,2026-01-01,0722,N20,VIIRS,n,2,303.38,3.44,D,0
17.20948,75.30629,335.15,0.62,0.72,2026-01-01,0722,N20,VIIRS,n,2,298.67,7.93,D,0
20.49251,94.66046,335.55,0.51,0.5,2026-01-01,0722,N20,VIIRS,n,2,302.44,5.33,D,0
20.49649,94.65495,335.2,0.51,0.5,2026-01-01,0722,N20,VIIRS,n,2,302.69,4.4,D,0
20.39269,93.27108,333.7,0.42,0.45,2026-01-01,0722,N20,VIIRS,n,2,302.58,2.53,D,0
17.51662,76.23452,345.54,0.53,0.67,2026-01-01,0722,N20,VIIRS,n,2,299.89,7.82,D,0
20.64466,94.68537,339.31,0.52,0.5,2026-01-01,0722,N20,VIIRS,n,2,299.14,3.79,D,0
20.99263,96.75984,327.04,0.36,0.57,2026-01-01,0722,N20,VIIRS,n,2,298.28,2.12,D,0
19.05593,82.65762,330.56,0.39,0.44,2026-01-01,0722,N20,VIIRS,n,2,304.71,1.8,D,0
18.98413,81.96761,340.25,0.42,0.46,2026-01-01,0722,N20,VIIRS,n,2,301.93,4.63,D,0
18.989,81.97072,339.3,0.42,0.46,2026-01-01,0722,N20,VIIRS,n,2,302.17,3.59,D,0
18.98825,81.96673,342.57,0.42,0.46,2026-01-01,0722,N20,VIIRS,n,2,313.14,43.21,D,0
19.07073,82.36563,333.45,0.4,0.44,2026-01-01,0722,N20,VIIRS,n,2,302.92,5.07,D,0
18.30735,78.46686,330.83,0.37,0.58,2026-01-01,0722,N20,VIIRS,n,2,299.68,3.94,D,0
17.88081,76.46621,332.74,0.51,0.66,2026-01-01,0722,N20,VIIRS,n,2,299.81,3.98,D,0
19.14756,82.69611,335.06,0.57,0.43,2026-01-01,0722,N20,VIIRS,n,2,302.03,3.57,D,0
19.07088,82.27544,339.2,0.41,0.45,2026-01-01,0722,N20,VIIRS,n,2,304.8,3.38,D,0
19.13708,82.45621,339.84,0.4,0.44,2026-01-01,0722,N20,VIIRS,n,2,301.15,2.23,D,0
19.0962,82.20704,353.7,0.41,0.45,2026-01-01,0722,N20,VIIRS,n,2,305.72,7.26,D,0
19.17783,82.61446,332.4,0.39,0.44,2026-01-01,0722,N20,VIIRS,n,2,305.83,3.56,D,0
19.09738,82.1671,332.61,0.41,0.45,2026-01-01,0722,N20,VIIRS,n,2,302.79,4.82,D,2
19.17623,82.61441,331.8,0.39,0.44,2026-01-01,0722,N20,VIIRS,n,2,304.63,2.73,D,0
19.09675,82.16734,337.4,0.41,0.45,2026-01-01,0722,N20,VIIRS,n,2,302.7,4.69,D,2
19.16824,82.43807,330.95,0.4,0.44,2026-01-01,0722,N20,VIIRS,n,2,300.59,1.8,D,0
19.15917,82.36671,330.66,0.4,0.44,2026-01-01,0722,N20,VIIRS,l,2,302.92,3.87,D,0
19.19651,82.54643,328.93,0.39,0.44,2026-01-01,0722,N20,VIIRS,n,2,302.48,1.84,D,0
21.10592,95.8259,334.78,0.62,0.54,2026-01-01,0722,N20,VIIRS,n,2,304.26,5.46,D,0
19.17276,82.28217,333.3,0.4,0.45,2026-01-01,0722,N20,VIIRS,l,2,305.27,2.42,D,0
18.02407,76.51125,336.5,0.5,0.66,2026-01-01,0722,N20,VIIRS,n,2,297.63,2.55,D,0
17.78052,75.22619,330.07,0.61,0.71,2026-01-01,0722,N20,VIIRS,n,2,297.79,3.36,D,0
21.25791,95.68542,333.62,0.61,0.53,2026-01-01,0722,N20,VIIRS,n,2,300.76,2.65,D,0
21.40869,96.35106,333.84,0.34,0.56,2026-01-01,0722,N20,VIIRS,n,2,299.69,3.35,D,0
18.04304,75.49193,339.74,0.58,0.7,2026-01-01,0722,N20,VIIRS,n,2,298.39,5.37,D,0
20.10032,86.26929,330.53,0.4,0.37,2026-01-01,0722,N20,VIIRS,l,2,300.87,2.01,D,0
21.43927,96.34431,332.91,0.34,0.56,2026-01-01,0722,N20,VIIRS,n,2,301.43,2.44,D,0
19.36878,81.8847,340.79,0.42,0.45,2026-01-01,0722,N20,VIIRS,n,2,304.13,4.32,D,0
19.54667,82.84463,335.6,0.55,0.43,2026-01-01,0722,N20,VIIRS,n,2,302.64,3.28,D,0
19.36712,81.88589,332.49,0.42,0.45,2026-01-01,0722,N20,VIIRS,n,2,301.01,3.28,D,0
19.36636,81.88194,334.92,0.42,0.45,2026-01-01,0722,N20,VIIRS,n,2,304.71,5.62,D,0
19.37082,81.81516,328.95,0.43,0.46,2026-01-01,0722,N20,VIIRS,n,2,300.81,1.09,D,0
18.0458,75.49012,340.58,0.58,0.7,2026-01-01,0722,N20,VIIRS,n,2,298.8,4.98,D,0
19.57655,82.87627,335.05,0.55,0.43,2026-01-01,0722,N20,VIIRS,n,2,302.01,4.79,D,0
19.58229,82.88579,333.44,0.55,0.43,2026-01-01,0722,N20,VIIRS,n,2,302.28,5.48,D,0
19.65639,83.16451,332.62,0.53,0.42,2026-01-01,0722,N20,VIIRS,n,2,301.91,3.8,D,0
19.62123,82.83507,329.84,0.55,0.43,2026-01-01,0722,N20,VIIRS,n,2,302.94,3.39,D,0
19.63251,82.87563,332.25,0.55,0.43,2026-01-01,0722,N20,VIIRS,l,2,302.54,2.78,D,0
21.50512,96.05222,338.05,0.32,0.55,2026-01-01,0722,N20,VIIRS,n,2,300.15,4.14,D,0
21.50479,96.04907,352.94,0.32,0.55,2026-01-01,0722,N20,VIIRS,n,2,302.9,4.14,D,0
19.58172,82.52522,333.52,0.39,0.44,2026-01-01,0722,N20,VIIRS,n,2,299.86,2.35,D,0
21.50889,96.04988,342.89,0.33,0.55,2026-01-01,0722,N20,VIIRS,n,2,300.93,3.19,D,0
21.35767,94.44067,328.85,0.51,0.49,2026-01-01,0722,N20,VIIRS,n,2,298.58,1.87,D,0
19.6818,82.7449,333.07,0.56,0.43,2026-01-01,0722,N20,VIIRS,n,2,301.98,4.31,D,0
19.69156,82.73203,332.98,0.56,0.43,2026-01-01,0722,N20,VIIRS,n,2,302.13,6.27,D,0
17.83765,73.79288,335.46,0.76,0.77,2026-01-01,0722,N20,VIIRS,n,2,298.98,11.84,D,0
19.61027,82.15059,347.04,0.4,0.45,2026-01-01,0722,N20,VIIRS,n,2,305.88,12.17,D,0
19.6096,82.14693,334.61,0.4,0.45,2026-01-01,0722,N20,VIIRS,n,2,301.05,5.64,D,0
19.01449,79.02657,330.97,0.33,0.55,2026-01-01,0722,N20,VIIRS,n,2,298.01,1.21,D,0
21.16594,92.19054,331.04,0.55,0.43,2026-01-01,0722,N20,VIIRS,n,2,299.93,3.29,D,0
21.68365,96.11648,340.47,0.33,0.55,2026-01-01,0722,N20,VIIRS,n,2,300.78,2.46,D,0
21.73092,96.27631,342.16,0.34,0.56,2026-01-01,0722,N20,VIIRS,n,2,302.28,3.39,D,0
18.79867,77.39375,330.16,0.42,0.61,2026-01-01,0722,N20,VIIRS,n,2,298.38,1.59,D,0
19.96289,83.33282,332.02,0.51,0.41,2026-01-01,0722,N20,VIIRS,n,2,302.35,3.19,D,0
20.49308,86.45168,333.03,0.39,0.36,2026-01-01,0722,N20,VIIRS,n,2,301.26,2.51,D,0
19.96355,83.3341,331.94,0.51,0.41,2026-01-01,0722,N20,VIIRS,n,2,302.59,3.64,D,0
18.797,77.39249,332.66,0.42,0.61,2026-01-01,0722,N20,VIIRS,n,2,299.24,2.37,D,0
21.83093,96.92156,325.79,0.37,0.58,2026-01-01,0722,N20,VIIRS,l,2,295.84,1.25,D,0
21.84204,96.92423,327.86,0.37,0.58,2026-01-01,0722,N20,VIIRS,n,2,297.39,2.37,D,0
19.79362,82.11977,339.92,0.4,0.44,2026-01-01,0722,N20,VIIRS,n,2,301.69,1.91,D,0
21.84107,96.16113,333.79,0.33,0.56,2026-01-01,0722,N20,VIIRS,n,2,303.28,2.99,D,0
20.5779,86.47092,334.95,0.39,0.36,2026-01-01,0722,N20,VIIRS,n,2,299.76,3.71,D,0
20.59952,86.47859,336.66,0.39,0.36,2026-01-01,0722,N20,VIIRS,n,2,300.44,4.05,D,0
20.65089,86.67473,330.26,0.39,0.36,2026-01-01,0722,N20,VIIRS,n,2,299.56,2.54,D,0
21.86608,96.12161,331.15,0.33,0.55,2026-01-01,0722,N20,VIIRS,n,2,301.97,0.9,D,0
20.51521,85.57114,330.27,0.41,0.37,2026-01-01,0722,N20,VIIRS,n,2,298.49,1.2,D,0
19.9343,82.1769,335.56,0.4,0.44,2026-01-01,0722,N20,VIIRS,n,2,302.54,1.56,D,0
19.9383,82.17606,330.91,0.4,0.44,2026-01-01,0722,N20,VIIRS,n,2,301.35,1.56,D,0
19.06857,77.55939,338.22,0.41,0.6,2026-01-01,0722,N20,VIIRS,n,2,299.86,3.77,D,0
19.06777,77.55569,333.78,0.41,0.6,2026-01-01,0722,N20,VIIRS,n,2,300.99,3.77,D,0
21.96542,95.99842,334.83,0.33,0.55,2026-01-01,0722,N20,VIIRS,n,2,299.2,2.27,D,0
20.82848,86.96429,340.73,0.39,0.36,2026-01-01,0722,N20,VIIRS,n,2,307.88,4.2,D,0
20.83507,86.96314,340.08,0.39,0.36,2026-01-01,0722,N20,VIIRS,n,2,306.02,4.25,D,0
19.56817,79.64003,330.2,0.58,0.52,2026-01-01,0722,N20,VIIRS,n,2,299.05,2.75,D,0
22.06329,96.25181,347.95,0.34,0.56,2026-01-01,0722,N20,VIIRS,n,2,299.27,5.11,D,0
19.76973,80.60098,337.54,0.5,0.49,2026-01-01,0722,N20,VIIRS,n,2,299.52,3.38,D,0
21.76785,93.5266,333.28,0.45,0.47,2026-01-01,0722,N20,VIIRS,l,2,306.52,5.58,D,0
18.59968,74.92023,332.97,0.62,0.71,2026-01-01,0722,N20,VIIRS,n,2,300.23,5.92,D,0
19.9377,81.42046,331.68,0.44,0.46,2026-01-01,0722,N20,VIIRS,n,2,302.31,4.34,D,0
19.77322,80.60278,330.41,0.5,0.49,2026-01-01,0722,N20,VIIRS,n,2,298.44,4.11,D,0
19.93744,81.41763,334.08,0.44,0.46,2026-01-01,0722,N20,VIIRS,n,2,302.45,3.49,D,0
22.06533,96.25139,348.62,0.34,0.56,2026-01-01,0722,N20,VIIRS,n,2,299.12,5.51,D,0
20.71082,85.58363,327.16,0.41,0.37,2026-01-01,0722,N20,VIIRS,n,2,297.4,2.02,D,0
18.60019,74.9197,332.77,0.62,0.71,2026-01-01,0722,N20,VIIRS,n,2,300.12,7.54,D,0
22.00534,95.1934,334.73,0.58,0.52,2026-01-01,0722,N20,VIIRS,n,2,299.5,2.09,D,0
20.89189,86.43399,332.33,0.39,0.36,2026-01-01,0722,N20,VIIRS,n,2,300.32,3.59,D,0
18.35199,73.39596,367.0,0.78,0.78,2026-01-01,0722,N20,VIIRS,h,2,295.0,19.84,D,0
20.75863,85.29765,333.57,0.41,0.37,2026-01-01,0722,N20,VIIRS,n,2,302.3,4.04,D,2
19.90376,80.54723,332.69,0.5,0.49,2026-01-01,0722,N20,VIIRS,n,2,301.85,4.71,D,0
18.35609,73.39404,367.0,0.78,0.78,2026-01-01,0722,N20,VIIRS,h,2,294.15,15.05,D,0
20.4698,83.5074,334.83,0.5,0.41,2026-01-01,0722,N20,VIIRS,n,2,303.49,3.67,D,0
19.13911,76.80087,342.19,0.45,0.63,2026-01-01,0722,N20,VIIRS,n,2,299.86,4.11,D,0
20.78534,85.26823,331.36,0.42,0.37,2026-01-01,0722,N20,VIIRS,n,2,298.03,5.12,D,2
20.79361,85.2545,335.28,0.42,0.37,2026-01-01,0722,N20,VIIRS,n,2,301.17,10.47,D,2
20.95017,86.05029,335.52,0.4,0.37,2026-01-01,0722,N20,VIIRS,n,2,302.18,3.68,D,2
20.96395,86.01252,335.54,0.4,0.37,2026-01-01,0722,N20,VIIRS,n,2,301.28,5.02,D,2
20.96334,86.00875,347.33,0.4,0.37,2026-01-01,0722,N20,VIIRS,n,2,303.2,5.02,D,2
20.96273,86.00497,331.46,0.4,0.37,2026-01-01,0722,N20,VIIRS,n,2,301.32,3.06,D,2
20.92837,85.72961,331.08,0.4,0.37,2026-01-01,0722,N20,VIIRS,n,2,297.8,1.64,D,0
21.0823,86.49832,332.88,0.39,0.36,2026-01-01,0722,N20,VIIRS,n,2,300.09,2.51,D,0
20.62557,83.7071,327.35,0.48,0.4,2026-01-01,0722,N20,VIIRS,n,2,300.6,1.71,D,0
20.25464,81.59505,333.94,0.43,0.46,2026-01-01,0722,N20,VIIRS,n,2,303.4,2.66,D,0
20.86335,84.99522,330.31,0.42,0.38,2026-01-01,0722,N20,VIIRS,l,2,300.98,4.88,D,2
20.30731,81.74039,329.56,0.42,0.45,2026-01-01,0722,N20,VIIRS,n,2,302.28,1.7,D,0
19.42914,77.28636,339.66,0.42,0.61,2026-01-01,0722,N20,VIIRS,n,2,300.85,5.76,D,0
20.88606,84.98265,331.37,0.42,0.38,2026-01-01,0722,N20,VIIRS,n,2,298.48,4.21,D,2
21.14613,86.36452,331.22,0.39,0.36,2026-01-01,0722,N20,VIIRS,n,2,300.8,2.12,D,0
19.42845,77.28654,345.08,0.42,0.61,2026-01-01,0722,N20,VIIRS,n,2,301.46,5.14,D,0
20.96242,85.19061,338.15,0.42,0.37,2026-01-01,0722,N20,VIIRS,n,2,303.63,4.68,D,2
19.42329,77.21007,332.18,0.42,0.61,2026-01-01,0722,N20,VIIRS,n,2,300.27,2.53,D,0
20.9632,85.17416,333.8,0.42,0.37,2026-01-01,0722,N20,VIIRS,n,2,299.73,4.85,D,2
20.97067,85.17683,348.08,0.42,0.37,2026-01-01,0722,N20,VIIRS,n,2,301.91,11.46,D,2
20.96672,85.15302,326.09,0.42,0.37,2026-01-01,0722,N20,VIIRS,l,2,299.81,3.17,D,2
19.56226,77.72121,336.06,0.39,0.59,2026-01-01,0722,N20,VIIRS,n,2,299.74,2.46,D,0
20.55352,82.60248,332.27,0.55,0.43,2026-01-01,0722,N20,VIIRS,n,2,302.33,3.05,D,0
19.23596,76.00175,336.42,0.51,0.66,2026-01-01,0722,N20,VIIRS,n,2,299.18,4.71,D,0
21.20065,86.34325,336.65,0.39,0.36,2026-01-01,0722,N20,VIIRS,n,2,302.64,9.85,D,0
19.23901,76.00407,342.39,0.51,0.66,2026-01-01,0722,N20,VIIRS,n,2,299.07,8.19,D,0
19.19465,75.58613,339.63,0.54,0.68,2026-01-01,0722,N20,VIIRS,n,2,298.97,4.35,D,0
21.07794,85.03841,339.23,0.42,0.38,2026-01-01,0722,N20,VIIRS,n,2,305.29,10.31,D,2
21.08136,85.03777,335.41,0.42,0.38,2026-01-01,0722,N20,VIIRS,n,2,300.42,4.26,D,2
20.48216,81.55225,338.26,0.42,0.46,2026-01-01,0722,N20,VIIRS,n,2,299.83,4.57,D,0
20.48141,81.54824,338.72,0.42,0.46,2026-01-01,0722,N20,VIIRS,n,2,303.12,4.57,D,0
22.54107,95.71754,343.05,0.32,0.54,2026-01-01,0722,N20,VIIRS,n,2,300.23,3.03,D,0
22.53453,95.65429,341.09,0.63,0.54,2026-01-01,0722,N20,VIIRS,n,2,299.31,7.0,D,0
21.91982,90.35156,329.29,0.46,0.39,2026-01-01,0722,N20,VIIRS,n,2,299.72,2.34,D,0
22.52847,95.64049,339.83,0.63,0.54,2026-01-01,0722,N20,VIIRS,n,2,299.42,11.78,D,0
22.54075,95.71558,337.36,0.32,0.54,2026-01-01,0722,N20,VIIRS,n,2,300.3,2.34,D,0
22.53465,95.65221,338.86,0.63,0.54,2026-01-01,0722,N20,VIIRS,n,2,299.45,5.6,D,0
22.51231,95.42235,331.39,0.61,0.53,2026-01-01,0722,N20,VIIRS,n,2,299.82,4.76,D,0
20.53256,81.44575,333.45,0.43,0.46,2026-01-01,0722,N20,VIIRS,n,2,300.55,2.2,D,0
20.97909,83.75003,333.0,0.47,0.4,2026-01-01,0722,N20,VIIRS,n,2,298.98,2.54,D,0
21.57211,87.18349,333.15,0.38,0.36,2026-01-01,0722,N20,VIIRS,n,2,299.64,4.47,D,0
21.83366,87.24667,328.1,0.38,0.36,2026-01-01,0723,N20,VIIRS,n,2,299.55,1.9,D,0
21.22705,83.70071,331.69,0.47,0.4,2026-01-01,0723,N20,VIIRS,n,2,299.11,2.61,D,0
21.23928,83.79083,329.27,0.47,0.4,2026-01-01,0723,N20,VIIRS,n,2,299.4,2.6,D,0
21.24711,83.83516,328.05,0.47,0.39,2026-01-01,0723,N20,VIIRS,n,2,301.99,2.26,D,0
21.22945,83.69838,333.32,0.47,0.4,2026-01-01,0723,N20,VIIRS,n,2,299.79,2.86,D,0
21.23761,83.78941,330.18,0.47,0.4,2026-01-01,0723,N20,VIIRS,n,2,300.87,2.56,D,0
21.25898,83.93605,336.0,0.46,0.39,2026-01-01,0723,N20,VIIRS,n,2,301.25,3.35,D,0
21.25541,83.93677,336.44,0.46,0.39,2026-01-01,0723,N20,VIIRS,n,2,301.16,5.84,D,0
21.78967,87.27318,333.39,0.38,0.36,2026-01-01,0723,N20,VIIRS,n,2,302.49,2.36,D,0
22.83027,95.37525,335.71,0.61,0.53,2026-01-01,0723,N20,VIIRS,n,2,301.37,4.2,D,0
21.18188,83.55302,331.46,0.48,0.4,2026-01-01,0723,N20,VIIRS,n,2,299.28,2.63,D,0
21.78197,87.26696,330.6,0.38,0.36,2026-01-01,0723,N20,VIIRS,n,2,301.92,2.0,D,0
22.55029,93.02263,330.0,0.43,0.46,2026-01-01,0723,N20,VIIRS,n,2,298.47,3.83,D,0
22.5508,93.02696,344.44,0.43,0.46,2026-01-01,0723,N20,VIIRS,n,2,298.25,3.83,D,0
22.54187,93.02358,353.11,0.43,0.46,2026-01-01,0723,N20,VIIRS,n,2,300.92,7.83,D,0
22.5424,93.02815,340.14,0.43,0.46,2026-01-01,0723,N20,VIIRS,n,2,297.31,7.83,D,0
21.21698,83.88512,327.94,0.46,0.39,2026-01-01,0723,N20,VIIRS,n,2,299.88,2.28,D,0
22.53824,93.02907,334.52,0.43,0.46,2026-01-01,0723,N20,VIIRS,n,2,292.14,8.28,D,0
22.53769,93.02438,367.0,0.43,0.46,2026-01-01,0723,N20,VIIRS,h,2,304.27,8.28,D,0
22.5335,93.02502,346.52,0.43,0.46,2026-01-01,0723,N20,VIIRS,n,2,296.52,8.28,D,0
19.66863,76.07374,367.0,0.49,0.65,2026-01-01,0723,N20,VIIRS,h,2,299.02,11.93,D,0
20.87972,82.04226,331.54,0.39,0.44,2026-01-01,0723,N20,VIIRS,n,2,303.41,3.28,D,0
20.88041,82.04596,330.14,0.39,0.44,2026-01-01,0723,N20,VIIRS,n,2,300.8,2.25,D,0
21.02227,82.82374,338.46,0.53,0.42,2026-01-01,0723,N20,VIIRS,n,2,302.56,4.91,D,0
21.81942,87.67332,335.17,0.39,0.36,2026-01-01,0723,N20,VIIRS,n,2,299.56,2.8,D,0
21.13414,83.58139,336.2,0.48,0.4,2026-01-01,0723,N20,VIIRS,n,2,300.4,4.8,D,0
20.7633,81.59991,329.85,0.42,0.45,2026-01-01,0723,N20,VIIRS,l,2,301.27,4.84,D,0
20.90631,82.40644,332.29,0.56,0.43,2026-01-01,0723,N20,VIIRS,n,2,300.98,3.21,D,0
20.73518,81.51951,340.62,0.42,0.45,2026-01-01,0723,N20,VIIRS,n,2,302.5,4.16,D,0
20.80574,81.98563,340.92,0.4,0.44,2026-01-01,0723,N20,VIIRS,n,2,302.09,4.54,D,0
21.08365,83.57168,331.11,0.48,0.4,2026-01-01,0723,N20,VIIRS,n,2,301.22,3.05,D,0
20.83389,82.23048,348.77,0.57,0.43,2026-01-01,0723,N20,VIIRS,n,2,304.63,10.3,D,0
21.85035,88.48386,327.26,0.4,0.37,2026-01-01,0723,N20,VIIRS,n,2,298.51,1.7,D,0
21.07325,83.66331,332.29,0.48,0.4,2026-01-01,0723,N20,VIIRS,n,2,301.51,3.13,D,0
22.62598,95.34223,339.47,0.6,0.53,2026-01-01,0723,N20,VIIRS,n,2,301.25,5.64,D,0
21.00759,83.61037,331.0,0.48,0.4,2026-01-01,0723,N20,VIIRS,n,2,299.68,3.54,D,0
19.35552,75.56181,336.36,0.54,0.68,2026-01-01,0723,N20,VIIRS,n,2,299.19,4.97,D,0
23.67469,88.06621,332.34,0.4,0.37,2026-01-01,0723,N20,VIIRS,n,2,298.1,2.12,D,0
23.55807,87.24055,337.0,0.39,0.36,2026-01-01,0723,N20,VIIRS,n,2,300.34,3.89,D,2
23.55458,87.14888,347.18,0.39,0.36,2026-01-01,0723,N20,VIIRS,n,2,304.09,10.99,D,0
23.559,87.15579,339.4,0.39,0.36,2026-01-01,0723,N20,VIIRS,n,2,300.74,5.56,D,0
23.55788,87.1483,328.5,0.39,0.36,2026-01-01,0723,N20,VIIRS,l,2,300.88,4.56,D,0
23.66053,87.8008,331.77,0.39,0.36,2026-01-01,0723,N20,VIIRS,n,2,299.44,2.5,D,0
23.71254,88.13934,337.38,0.4,0.37,2026-01-01,0723,N20,VIIRS,n,2,297.65,3.21,D,0
23.67716,87.79796,333.24,0.39,0.36,2026-01-01,0723,N20,VIIRS,n,2,299.38,3.13,D,0
21.80831,82.64152,334.11,0.52,0.42,2026-01-01,0723,N20,VIIRS,n,2,302.19,2.91,D,0
21.81082,82.69778,332.04,0.52,0.42,2026-01-01,0723,N20,VIIRS,n,2,301.45,2.05,D,0
21.91278,83.25833,328.23,0.49,0.4,2026-01-01,0723,N20,VIIRS,n,2,300.96,1.55,D,0
21.8094,82.64394,330.26,0.53,0.42,2026-01-01,0723,N20,VIIRS,l,2,300.98,3.19,D,0
21.81158,82.70031,330.95,0.52,0.42,2026-01-01,0723,N20,VIIRS,n,2,302.35,2.64,D,0
21.92193,83.35056,341.74,0.48,0.4,2026-01-01,0723,N20,VIIRS,n,2,305.63,4.73,D,2
22.49433,86.87944,342.83,0.38,0.36,2026-01-01,0723,N20,VIIRS,n,2,300.21,2.62,D,0
21.80996,82.75708,334.1,0.52,0.41,2026-01-01,0723,N20,VIIRS,n,2,303.61,3.63,D,0
21.755,82.60319,334.31,0.53,0.42,2026-01-01,0723,N20,VIIRS,n,2,305.59,3.89,D,0
21.59836,81.85934,331.08,0.39,0.44,2026-01-01,0723,N20,VIIRS,n,2,302.62,1.82,D,0
21.31883,80.42304,339.59,0.48,0.48,2026-01-01,0723,N20,VIIRS,n,2,300.52,7.91,D,0
21.71196,82.49656,341.61,0.54,0.42,2026-01-01,0723,N20,VIIRS,n,2,303.49,7.53,D,0
21.8192,83.15454,329.63,0.49,0.41,2026-01-01,0723,N20,VIIRS,l,2,302.89,3.68,D,0
21.82857,83.24955,331.7,0.49,0.4,2026-01-01,0723,N20,VIIRS,n,2,300.52,2.75,D,0
21.75725,82.87454,332.69,0.51,0.41,2026-01-01,0723,N20,VIIRS,n,2,302.14,8.48,D,0
22.61432,88.14182,332.47,0.39,0.36,2026-01-01,0723,N20,VIIRS,n,2,296.93,1.47,D,0
22.6088,88.12717,341.79,0.39,0.36,2026-01-01,0723,N20,VIIRS,n,2,299.34,6.72,D,0
22.60546,88.12772,335.56,0.39,0.36,2026-01-01,0723,N20,VIIRS,n,2,298.98,3.6,D,0
21.61969,82.19197,336.18,0.56,0.43,2026-01-01,0723,N20,VIIRS,n,2,300.85,4.63,D,0
21.72218,82.83113,339.75,0.51,0.41,2026-01-01,0723,N20,VIIRS,n,2,302.98,7.87,D,0
21.61967,82.19382,336.14,0.56,0.43,2026-01-01,0723,N20,VIIRS,n,2,301.1,2.66,D,0
21.72576,82.8327,329.65,0.51,0.41,2026-01-01,0723,N20,VIIRS,n,2,302.44,3.64,D,0
21.72201,82.83347,334.52,0.51,0.41,2026-01-01,0723,N20,VIIRS,n,2,302.61,3.64,D,0
21.81798,83.40261,331.37,0.48,0.4,2026-01-01,0723,N20,VIIRS,n,2,301.23,1.63,D,0
21.78286,83.26622,333.89,0.49,0.4,2026-01-01,0723,N20,VIIRS,n,2,302.49,5.78,D,0
21.65153,82.5482,344.23,0.53,0.42,2026-01-01,0723,N20,VIIRS,n,2,304.06,9.62,D,0
21.9359,84.17544,335.1,0.44,0.39,2026-01-01,0723,N20,VIIRS,n,2,301.88,4.69,D,0
21.95515,84.28916,330.75,0.44,0.38,2026-01-01,0723,N20,VIIRS,n,2,299.39,2.8,D,0
21.64772,82.54901,346.55,0.53,0.42,2026-01-01,0723,N20,VIIRS,n,2,304.62,9.62,D,0
21.95166,84.28983,328.18,0.44,0.38,2026-01-01,0723,N20,VIIRS,n,2,299.49,2.8,D,0
21.69317,82.82423,344.83,0.52,0.41,2026-01-01,0723,N20,VIIRS,n,2,305.32,5.86,D,0
21.67597,82.77164,347.55,0.52,0.41,2026-01-01,0723,N20,VIIRS,n,2,306.81,16.38,D,0
19.61357,73.0601,340.12,0.77,0.77,2026-01-01,0723,N20,VIIRS,n,2,292.85,6.07,D,0
23.49518,96.15396,335.69,0.35,0.57,2026-01-01,0723,N20,VIIRS,n,2,297.94,2.03,D,0
21.69743,82.99947,336.84,0.5,0.41,2026-01-01,0723,N20,VIIRS,n,2,302.55,3.52,D,0
22.33617,86.88833,330.11,0.38,0.36,2026-01-01,0723,N20,VIIRS,n,2,301.44,1.55,D,0
21.12969,80.0674,330.68,0.51,0.49,2026-01-01,0723,N20,VIIRS,n,2,299.8,1.82,D,0
21.21517,80.59036,347.59,0.47,0.48,2026-01-01,0723,N20,VIIRS,n,2,299.2,7.25,D,0
21.43778,81.74167,341.5,0.4,0.44,2026-01-01,0723,N20,VIIRS,n,2,302.85,5.36,D,0
22.37864,87.27953,333.11,0.38,0.36,2026-01-01,0723,N20,VIIRS,l,2,303.74,4.86,D,2
21.40331,81.62634,338.91,0.4,0.45,2026-01-01,0723,N20,VIIRS,n,2,301.83,3.29,D,0
21.43008,81.76687,344.78,0.4,0.44,2026-01-01,0723,N20,VIIRS,n,2,306.06,10.63,D,0
21.41022,81.68449,350.78,0.4,0.44,2026-01-01,0723,N20,VIIRS,n,2,302.97,7.65,D,0
22.40537,87.54906,329.85,0.39,0.36,2026-01-01,0723,N20,VIIRS,n,2,300.72,2.11,D,0
21.84241,84.07495,331.74,0.45,0.39,2026-01-01,0723,N20,VIIRS,n,2,300.44,10.79,D,0
22.36496,87.30091,337.05,0.38,0.36,2026-01-01,0723,N20,VIIRS,n,2,308.75,6.46,D,2
22.41806,87.6577,331.94,0.39,0.36,2026-01-01,0723,N20,VIIRS,n,2,302.41,2.9,D,0
22.41476,87.65826,327.99,0.39,0.36,2026-01-01,0723,N20,VIIRS,l,2,300.9,2.62,D,0
22.41145,87.65883,331.85,0.39,0.36,2026-01-01,0723,N20,VIIRS,n,2,300.98,2.62,D,0
22.40584,87.64469,332.19,0.39,0.36,2026-01-01,0723,N20,VIIRS,n,2,300.04,3.24,D,0
22.37866,87.48525,331.4,0.39,0.36,2026-01-01,0723,N20,VIIRS,n,2,298.75,2.33,D,0
21.40974,81.68453,347.84,0.4,0.44,2026-01-01,0723,N20,VIIRS,n,2,302.75,7.78,D,0
21.80931,83.96471,331.37,0.45,0.39,2026-01-01,0723,N20,VIIRS,n,2,300.03,2.08,D,0
21.81005,83.96904,330.1,0.45,0.39,2026-01-01,0723,N20,VIIRS,n,2,300.68,3.43,D,0
22.36157,87.46153,341.55,0.39,0.36,2026-01-01,0723,N20,VIIRS,n,2,300.38,4.54,D,0
21.63236,83.03059,340.52,0.5,0.41,2026-01-01,0723,N20,VIIRS,n,2,302.34,4.79,D,0
22.35332,87.45154,334.49,0.39,0.36,2026-01-01,0723,N20,VIIRS,n,2,300.72,4.65,D,0
21.62865,83.03135,345.0,0.5,0.41,2026-01-01,0723,N20,VIIRS,n,2,306.24,8.32,D,0
22.34891,87.44469,333.92,0.39,0.36,2026-01-01,0723,N20,VIIRS,n,2,302.98,2.63,D,0
22.37831,87.64176,334.39,0.39,0.36,2026-01-01,0723,N20,VIIRS,n,2,300.31,2.76,D,0
22.375,87.64233,332.67,0.39,0.36,2026-01-01,0723,N20,VIIRS,n,2,299.56,2.76,D,0
21.86296,84.43127,349.39,0.43,0.38,2026-01-01,0723,N20,VIIRS,n,2,302.44,13.97,D,0
22.27637,87.00919,329.76,0.38,0.36,2026-01-01,0723,N20,VIIRS,n,2,298.45,1.32,D,0
22.26246,86.96233,328.35,0.38,0.36,2026-01-01,0723,N20,VIIRS,n,2,301.71,1.78,D,0
22.24731,86.88533,335.58,0.38,0.36,2026-01-01,0723,N20,VIIRS,n,2,301.93,2.33,D,0
21.68881,83.50254,334.95,0.48,0.4,2026-01-01,0723,N20,VIIRS,n,2,300.42,6.02,D,0
21.8357,84.35494,327.05,0.44,0.38,2026-01-01,0723,N20,VIIRS,n,2,299.64,2.3,D,0
22.32913,87.4481,332.48,0.39,0.36,2026-01-01,0723,N20,VIIRS,n,2,300.03,3.92,D,0
21.7443,83.84257,333.77,0.46,0.39,2026-01-01,0723,N20,VIIRS,n,2,302.51,3.02,D,0
21.83222,84.35561,329.66,0.44,0.38,2026-01-01,0723,N20,VIIRS,n,2,300.1,2.3,D,0
21.59611,83.04305,330.83,0.5,0.41,2026-01-01,0723,N20,VIIRS,n,2,301.67,2.1,D,0
22.31761,87.46151,332.86,0.39,0.36,2026-01-01,0723,N20,VIIRS,n,2,300.14,4.02,D,0
21.35068,81.74847,336.78,0.4,0.44,2026-01-01,0723,N20,VIIRS,n,2,301.67,4.64,D,0
21.58497,83.04534,331.01,0.5,0.41,2026-01-01,0723,N20,VIIRS,l,2,302.28,1.95,D,0
22.32706,87.57037,328.42,0.39,0.36,2026-01-01,0723,N20,VIIRS,n,2,302.14,2.19,D,0
21.62399,83.30627,329.21,0.49,0.4,2026-01-01,0723,N20,VIIRS,l,2,301.93,1.16,D,0
21.89999,84.92704,332.76,0.42,0.37,2026-01-01,0723,N20,VIIRS,n,2,299.88,1.86,D,0
21.60718,83.27594,330.02,0.49,0.4,2026-01-01,0723,N20,VIIRS,n,2,301.29,2.71,D,0
21.60402,83.30069,329.86,0.49,0.4,2026-01-01,0723,N20,VIIRS,n,2,303.46,2.41,D,0
21.92499,85.22443,330.52,0.41,0.37,2026-01-01,0723,N20,VIIRS,l,2,304.26,1.94,D,2
22.23699,87.21715,332.83,0.38,0.36,2026-01-01,0723,N20,VIIRS,n,2,300.25,2.71,D,0
21.59102,83.33075,332.64,0.49,0.4,2026-01-01,0723,N20,VIIRS,n,2,301.24,3.29,D,0
22.24559,87.39081,328.85,0.38,0.36,2026-01-01,0723,N20,VIIRS,n,2,302.54,2.49,D,2
22.22573,87.34866,333.67,0.38,0.36,2026-01-01,0723,N20,VIIRS,n,2,301.67,3.64,D,0
22.23909,87.43755,345.2,0.39,0.36,2026-01-01,0723,N20,VIIRS,n,2,302.11,6.17,D,0
21.31561,81.96964,337.44,0.39,0.44,2026-01-01,0723,N20,VIIRS,n,2,301.67,2.04,D,0
21.33593,82.08001,346.11,0.57,0.43,2026-01-01,0723,N20,VIIRS,n,2,305.35,10.59,D,0
22.22702,87.44724,336.01,0.39,0.36,2026-01-01,0723,N20,VIIRS,n,2,301.03,2.13,D,0
21.2954,82.01578,334.46,0.39,0.44,2026-01-01,0723,N20,VIIRS,n,2,302.73,2.96,D,0
22.19614,87.37657,333.07,0.38,0.36,2026-01-01,0723,N20,VIIRS,n,2,300.68,2.71,D,0
21.28941,82.00565,334.35,0.39,0.44,2026-01-01,0723,N20,VIIRS,n,2,303.92,2.31,D,0
21.12028,81.15755,332.25,0.44,0.46,2026-01-01,0723,N20,VIIRS,n,2,302.21,3.02,D,0
22.1891,87.44238,327.87,0.39,0.36,2026-01-01,0723,N20,VIIRS,l,2,301.84,4.51,D,0
22.18966,87.44608,336.14,0.39,0.36,2026-01-01,0723,N20,VIIRS,n,2,299.66,4.51,D,0
22.14864,87.24064,332.16,0.38,0.36,2026-01-01,0723,N20,VIIRS,n,2,300.05,2.24,D,0
22.16646,87.35894,334.36,0.38,0.36,2026-01-01,0723,N20,VIIRS,n,2,299.83,3.19,D,0
21.09843,81.17932,334.48,0.44,0.46,2026-01-01,0723,N20,VIIRS,n,2,299.5,3.03,D,0
21.10461,81.23347,341.53,0.43,0.46,2026-01-01,0723,N20,VIIRS,n,2,300.76,5.06,D,0
21.09766,81.1788,333.12,0.44,0.46,2026-01-01,0723,N20,VIIRS,n,2,300.4,2.77,D,0
21.10348,81.23309,339.83,0.43,0.46,2026-01-01,0723,N20,VIIRS,n,2,301.24,5.97,D,0
21.06642,81.15121,337.99,0.44,0.46,2026-01-01,0723,N20,VIIRS,n,2,302.21,2.53,D,0
21.62555,84.3384,330.76,0.44,0.38,2026-01-01,0723,N20,VIIRS,n,2,299.92,2.43,D,0
21.0046,80.94138,334.58,0.45,0.47,2026-01-01,0723,N20,VIIRS,n,2,300.67,2.33,D,0
22.00213,86.7057,340.01,0.39,0.36,2026-01-01,0723,N20,VIIRS,n,2,302.5,5.45,D,0
22.0027,86.70939,332.99,0.39,0.36,2026-01-01,0723,N20,VIIRS,n,2,299.98,1.73,D,0
21.11485,81.56741,331.78,0.41,0.45,2026-01-01,0723,N20,VIIRS,n,2,303.52,2.96,D,0
21.11559,81.57131,330.77,0.41,0.45,2026-01-01,0723,N20,VIIRS,n,2,300.84,2.53,D,0
21.33699,82.7732,330.06,0.53,0.42,2026-01-01,0723,N20,VIIRS,n,2,299.6,3.61,D,0
20.99025,80.93563,334.08,0.45,0.47,2026-01-01,0723,N20,VIIRS,n,2,301.99,2.72,D,0
21.39525,83.11987,333.12,0.5,0.41,2026-01-01,0723,N20,VIIRS,n,2,300.57,4.21,D,0
22.09085,87.37609,332.69,0.38,0.36,2026-01-01,0723,N20,VIIRS,n,2,300.02,3.22,D,0
21.36692,83.0261,332.04,0.51,0.41,2026-01-01,0723,N20,VIIRS,n,2,303.52,5.78,D,0
21.3249,82.8578,332.92,0.52,0.42,2026-01-01,0723,N20,VIIRS,n,2,301.31,5.05,D,0
21.05344,81.44549,332.29,0.42,0.45,2026-01-01,0723,N20,VIIRS,n,2,302.99,3.33,D,0
21.46389,83.80465,331.14,0.47,0.39,2026-01-01,0723,N20,VIIRS,n,2,299.47,3.52,D,0
21.45097,83.71806,327.73,0.47,0.4,2026-01-01,0723,N20,VIIRS,n,2,300.36,2.64,D,0
21.46184,83.80332,331.28,0.47,0.39,2026-01-01,0723,N20,VIIRS,n,2,299.66,2.77,D,0
21.14512,82.0968,333.77,0.38,0.44,2026-01-01,0723,N20,VIIRS,l,2,305.93,4.02,D,0
20.91922,80.90485,339.41,0.46,0.47,2026-01-01,0723,N20,VIIRS,n,2,301.13,5.28,D,0
21.14648,82.1267,335.92,0.38,0.43,2026-01-01,0723,N20,VIIRS,n,2,302.95,3.56,D,0
21.99658,87.24837,327.64,0.38,0.36,2026-01-01,0723,N20,VIIRS,l,2,301.0,2.71,D,0
21.28362,82.95487,333.74,0.51,0.41,2026-01-01,0723,N20,VIIRS,n,2,301.29,4.16,D,0
21.0903,81.93255,334.0,0.39,0.44,2026-01-01,0723,N20,VIIRS,n,2,300.31,2.95,D,0
21.10746,82.04787,340.78,0.39,0.44,2026-01-01,0723,N20,VIIRS,n,2,304.92,4.38,D,0
20.94887,81.22268,335.15,0.44,0.46,2026-01-01,0723,N20,VIIRS,n,2,301.45,2.03,D,0
21.41604,83.81695,335.11,0.47,0.39,2026-01-01,0723,N20,VIIRS,n,2,300.3,3.61,D,0
19.63984,75.04012,331.28,0.58,0.69,2026-01-01,0723,N20,VIIRS,n,2,297.63,5.6,D,0
20.91034,81.06636,332.01,0.45,0.47,2026-01-01,0723,N20,VIIRS,n,2,299.58,1.57,D,0
21.96696,87.25352,338.24,0.38,0.36,2026-01-01,0723,N20,VIIRS,n,2,300.6,3.44,D,0
21.96312,87.2504,328.2,0.38,0.36,2026-01-01,0723,N20,VIIRS,l,2,299.95,1.75,D,0
23.0107,95.69982,339.38,0.32,0.55,2026-01-01,0723,N20,VIIRS,n,2,297.84,3.54,D,0
20.88345,81.06344,354.93,0.45,0.47,2026-01-01,0723,N20,VIIRS,n,2,302.77,10.17,D,0
22.99558,95.70148,353.24,0.32,0.55,2026-01-01,0723,N20,VIIRS,n,2,300.69,4.98,D,0
21.9779,87.55109,327.65,0.39,0.36,2026-01-01,0723,N20,VIIRS,n,2,300.76,1.99,D,0
22.05583,88.12685,345.83,0.39,0.36,2026-01-01,0723,N20,VIIRS,n,2,304.57,7.91,D,2
21.90406,87.12826,332.25,0.38,0.36,2026-01-01,0723,N20,VIIRS,n,2,301.22,1.85,D,0
21.38228,83.95411,337.81,0.46,0.39,2026-01-01,0723,N20,VIIRS,n,2,298.94,2.94,D,0
21.34197,83.76134,336.25,0.47,0.4,2026-01-01,0723,N20,VIIRS,n,2,302.92,4.89,D,0
21.8819,87.23071,331.84,0.38,0.36,2026-01-01,0723,N20,VIIRS,l,2,302.66,6.79,D,0
20.84337,81.14989,331.99,0.44,0.46,2026-01-01,0723,N20,VIIRS,n,2,300.04,3.1,D,0
21.25718,83.44496,328.53,0.49,0.4,2026-01-01,0723,N20,VIIRS,n,2,298.48,1.86,D,0
21.34836,83.99242,328.64,0.46,0.39,2026-01-01,0723,N20,VIIRS,n,2,300.01,2.0,D,0
21.90884,87.52143,334.08,0.39,0.36,2026-01-01,0723,N20,VIIRS,n,2,300.93,2.5,D,0
21.3083,83.90977,327.82,0.46,0.39,2026-01-01,0723,N20,VIIRS,n,2,298.5,2.49,D,0
21.84061,87.18119,337.14,0.38,0.36,2026-01-01,0723,N20,VIIRS,n,2,302.31,3.06,D,0
21.85241,87.28124,327.96,0.38,0.36,2026-01-01,0723,N20,VIIRS,n,2,302.79,2.66,D,0
20.96121,82.02536,354.87,0.39,0.44,2026-01-01,0723,N20,VIIRS,n,2,303.47,20.08,D,0
20.9619,82.02905,355.62,0.39,0.44,2026-01-01,0723,N20,VIIRS,n,2,302.03,19.08,D,0
21.24087,83.56686,335.57,0.48,0.4,2026-01-01,0723,N20,VIIRS,n,2,301.46,3.27,D,0
21.84911,87.28181,332.2,0.38,0.36,2026-01-01,0723,N20,VIIRS,n,2,302.14,2.92,D,0
20.95724,82.02618,351.73,0.39,0.44,2026-01-01,0723,N20,VIIRS,n,2,305.02,20.08,D,0
20.95793,82.02987,348.77,0.39,0.44,2026-01-01,0723,N20,VIIRS,n,2,313.24,19.08,D,0
20.95862,82.03356,341.11,0.39,0.44,2026-01-01,0723,N20,VIIRS,n,2,303.01,19.08,D,0
22.04891,88.66698,328.92,0.4,0.37,2026-01-01,0723,N20,VIIRS,n,2,298.65,1.8,D,0
21.26537,83.74873,334.41,0.47,0.4,2026-01-01,0723,N20,VIIRS,n,2,301.17,3.26,D,0
21.30166,83.9565,328.53,0.46,0.39,2026-01-01,0723,N20,VIIRS,n,2,298.95,3.17,D,0
21.86761,87.4944,333.02,0.38,0.36,2026-01-01,0723,N20,VIIRS,n,2,300.64,2.73,D,0
24.14206,82.63699,336.31,0.49,0.4,2026-01-01,0723,N20,VIIRS,n,2,299.54,4.07,D,2
24.13766,82.69659,327.41,0.48,0.4,2026-01-01,0723,N20,VIIRS,n,2,297.58,2.78,D,0
25.34447,91.57468,344.25,0.38,0.43,2026-01-01,0723,N20,VIIRS,n,2,294.01,4.08,D,0
25.40873,92.36816,325.57,0.43,0.46,2026-01-01,0723,N20,VIIRS,n,2,298.81,1.8,D,0
24.82649,87.80057,326.99,0.4,0.37,2026-01-01,0723,N20,VIIRS,n,2,297.84,1.3,D,0
25.39417,92.36065,329.21,0.43,0.46,2026-01-01,0723,N20,VIIRS,n,2,295.28,2.37,D,0
23.04848,77.90894,367.0,0.32,0.55,2026-01-01,0723,N20,VIIRS,h,2,294.82,8.73,D,0
25.34874,92.37214,336.74,0.43,0.46,2026-01-01,0723,N20,VIIRS,n,2,295.3,2.61,D,0
25.28441,92.30402,327.66,0.42,0.45,2026-01-01,0723,N20,VIIRS,n,2,298.97,2.46,D,0
23.31654,79.87639,338.24,0.48,0.48,2026-01-01,0723,N20,VIIRS,n,2,295.8,4.88,D,0
25.29003,92.77175,338.75,0.45,0.47,2026-01-01,0723,N20,VIIRS,n,2,295.35,8.91,D,0
25.66104,96.66701,347.62,0.4,0.6,2026-01-01,0723,N20,VIIRS,n,2,299.07,3.9,D,0
25.66138,96.67101,325.71,0.4,0.6,2026-01-01,0723,N20,VIIRS,n,2,296.4,3.9,D,0
23.79374,86.35321,329.1,0.38,0.36,2026-01-01,0723,N20,VIIRS,l,2,303.76,3.0,D,2
23.79703,86.35262,329.5,0.38,0.36,2026-01-01,0723,N20,VIIRS,l,2,300.28,2.7,D,2
23.77833,86.20983,341.97,0.39,0.36,2026-01-01,0723,N20,VIIRS,n,2,304.91,5.23,D,2
23.78162,86.20924,332.67,0.39,0.36,2026-01-01,0723,N20,VIIRS,l,2,306.27,3.04,D,2
23.80401,86.33212,334.33,0.38,0.36,2026-01-01,0723,N20,VIIRS,l,2,304.48,3.32,D,2
23.80343,86.32838,332.22,0.38,0.36,2026-01-01,0723,N20,VIIRS,l,2,306.65,3.32,D,2
23.16232,82.33759,327.9,0.52,0.42,2026-01-01,0723,N20,VIIRS,l,2,299.78,4.68,D,2
23.16698,82.34184,329.23,0.52,0.42,2026-01-01,0723,N20,VIIRS,l,2,300.01,4.68,D,2
23.16203,82.33544,326.4,0.52,0.42,2026-01-01,0723,N20,VIIRS,l,2,298.78,3.5,D,2
23.16671,82.33964,326.26,0.52,0.41,2026-01-01,0723,N20,VIIRS,l,2,300.19,7.78,D,2
24.04706,87.63659,330.86,0.39,0.36,2026-01-01,0723,N20,VIIRS,n,2,298.55,2.1,D,0
24.43348,89.93515,326.09,0.46,0.39,2026-01-01,0723,N20,VIIRS,l,2,296.39,1.96,D,0
21.64376,74.42865,342.88,0.57,0.69,2026-01-01,0723,N20,VIIRS,n,2,294.2,5.76,D,0
21.66493,74.43469,328.03,0.57,0.69,2026-01-01,0723,N20,VIIRS,n,2,293.45,2.85,D,0
24.46176,89.30883,330.26,0.44,0.38,2026-01-01,0723,N20,VIIRS,n,2,298.4,2.6,D,0
25.27982,96.49617,328.59,0.38,0.59,2026-01-01,0723,N20,VIIRS,n,2,295.9,1.78,D,0
25.32992,96.56888,329.11,0.39,0.59,2026-01-01,0723,N20,VIIRS,n,2,294.12,1.77,D,0
23.82908,84.57493,334.07,0.41,0.37,2026-01-01,0723,N20,VIIRS,n,2,305.31,4.92,D,0
22.80385,78.91283,330.95,0.56,0.51,2026-01-01,0723,N20,VIIRS,n,2,295.54,3.12,D,0
24.63385,89.13934,343.99,0.43,0.38,2026-01-01,0723,N20,VIIRS,n,2,298.59,7.61,D,0
22.21308,75.74402,326.43,0.46,0.63,2026-01-01,0723,N20,VIIRS,n,2,294.98,2.2,D,0
23.04227,79.41153,338.93,0.52,0.5,2026-01-01,0723,N20,VIIRS,n,2,294.15,6.94,D,0
23.04674,79.41047,339.19,0.52,0.5,2026-01-01,0723,N20,VIIRS,n,2,294.93,12.7,D,0
23.04327,79.40788,340.66,0.52,0.5,2026-01-01,0723,N20,VIIRS,n,2,297.94,22.69,D,0
21.62985,72.91446,345.96,0.71,0.75,2026-01-01,0723,N20,VIIRS,n,2,289.19,7.43,D,0
23.01025,78.85195,332.14,0.56,0.51,2026-01-01,0723,N20,VIIRS,n,2,295.4,3.52,D,0
25.5376,96.08262,333.16,0.36,0.58,2026-01-01,0723,N20,VIIRS,n,2,294.71,2.35,D,0
23.73661,88.02013,339.26,0.4,0.37,2026-01-01,0723,N20,VIIRS,n,2,299.0,3.44,D,0
23.75946,88.01232,334.34,0.4,0.37,2026-01-01,0723,N20,VIIRS,n,2,299.33,2.5,D,0
23.75555,87.9853,330.56,0.4,0.37,2026-01-01,0723,N20,VIIRS,n,2,298.23,2.04,D,0
23.78116,88.00469,327.82,0.4,0.37,2026-01-01,0723,N20,VIIRS,n,2,297.24,2.26,D,0
23.76957,87.92367,331.63,0.39,0.37,2026-01-01,0723,N20,VIIRS,n,2,298.95,2.07,D,0
23.79895,88.03337,328.93,0.4,0.37,2026-01-01,0723,N20,VIIRS,n,2,297.95,3.93,D,0
23.72922,87.5043,331.44,0.39,0.36,2026-01-01,0723,N20,VIIRS,n,2,296.37,1.99,D,0
23.70756,87.35701,332.56,0.39,0.36,2026-01-01,0723,N20,VIIRS,n,2,298.22,3.64,D,0
23.80899,88.03168,331.67,0.4,0.37,2026-01-01,0723,N20,VIIRS,n,2,297.55,2.14,D,0
23.73808,87.5416,333.85,0.39,0.36,2026-01-01,0723,N20,VIIRS,n,2,300.2,2.95,D,0
23.73413,87.44527,328.67,0.39,0.36,2026-01-01,0723,N20,VIIRS,n,2,299.0,1.51,D,0
23.73744,87.44469,329.75,0.39,0.36,2026-01-01,0723,N20,VIIRS,n,2,299.16,1.75,D,0
23.82907,88.02829,329.73,0.4,0.37,2026-01-01,0723,N20,VIIRS,n,2,297.83,2.35,D,0
23.83242,88.02773,331.62,0.4,0.37,2026-01-01,0723,N20,VIIRS,n,2,298.25,2.35,D,0
23.82203,87.62871,330.38,0.39,0.36,2026-01-01,0723,N20,VIIRS,n,2,296.86,2.2,D,0
23.84746,87.73387,331.03,0.39,0.36,2026-01-01,0723,N20,VIIRS,n,2,297.7,2.17,D,0
23.67842,86.398,336.73,0.38,0.36,2026-01-01,0723,N20,VIIRS,l,2,309.49,6.48,D,2
23.68171,86.3974,336.4,0.38,0.36,2026-01-01,0723,N20,VIIRS,n,2,304.8,3.51,D,2
23.68056,86.38992,330.77,0.38,0.36,2026-01-01,0723,N20,VIIRS,l,2,301.0,3.32,D,2
23.68442,86.39307,337.81,0.38,0.36,2026-01-01,0723,N20,VIIRS,n,2,305.99,3.32,D,2
23.88013,87.63043,327.29,0.39,0.36,2026-01-01,0723,N20,VIIRS,n,2,298.9,1.85,D,0
23.71392,86.45298,335.95,0.38,0.36,2026-01-01,0723,N20,VIIRS,n,2,301.65,3.74,D,2
24.22848,90.01996,332.55,0.47,0.39,2026-01-01,0723,N20,VIIRS,n,2,297.55,3.41,D,0
23.67422,86.08713,335.28,0.39,0.36,2026-01-01,0723,N20,VIIRS,n,2,302.87,7.83,D,2
23.68198,86.09341,334.44,0.39,0.36,2026-01-01,0723,N20,VIIRS,n,2,299.05,2.75,D,2
23.73793,86.43328,331.11,0.38,0.36,2026-01-01,0723,N20,VIIRS,l,2,304.09,4.94,D,2
23.7579,86.40582,327.66,0.38,0.36,2026-01-01,0723,N20,VIIRS,l,2,301.14,1.6,D,2
23.76119,86.40522,330.01,0.38,0.36,2026-01-01,0723,N20,VIIRS,l,2,300.78,1.6,D,2
23.76062,86.40148,331.21,0.38,0.36,2026-01-01,0723,N20,VIIRS,l,2,301.71,4.72,D,2
23.76448,86.40462,340.76,0.38,0.36,2026-01-01,0723,N20,VIIRS,n,2,303.22,2.62,D,2
23.76777,86.40402,328.93,0.38,0.36,2026-01-01,0723,N20,VIIRS,l,2,299.15,2.62,D,2
23.77919,86.39043,351.98,0.38,0.36,2026-01-01,0723,N20,VIIRS,n,2,309.72,7.81,D,2
23.77516,86.36428,344.07,0.38,0.36,2026-01-01,0723,N20,VIIRS,n,2,305.56,4.9,D,2
24.01144,87.83501,328.94,0.39,0.37,2026-01-01,0723,N20,VIIRS,n,2,298.01,1.56,D,0
23.64692,85.44149,333.75,0.39,0.36,2026-01-01,0723,N20,VIIRS,n,2,300.51,2.88,D,2
22.07367,82.57552,329.32,0.52,0.42,2026-01-01,0723,N20,VIIRS,n,2,299.92,2.53,D,0
22.0708,82.58131,332.89,0.52,0.42,2026-01-01,0723,N20,VIIRS,n,2,301.17,4.56,D,0
22.03396,82.40014,332.4,0.54,0.42,2026-01-01,0723,N20,VIIRS,n,2,300.8,3.66,D,0
22.00734,82.36311,330.72,0.54,0.42,2026-01-01,0723,N20,VIIRS,n,2,299.61,3.81,D,0
22.03717,82.52588,334.13,0.53,0.42,2026-01-01,0723,N20,VIIRS,n,2,301.88,5.13,D,0
22.04618,82.59676,331.92,0.52,0.42,2026-01-01,0723,N20,VIIRS,n,2,301.14,2.78,D,0
21.8589,81.65535,336.04,0.4,0.44,2026-01-01,0723,N20,VIIRS,n,2,300.88,3.18,D,0
23.29317,90.7997,327.08,0.5,0.41,2026-01-01,0723,N20,VIIRS,n,2,296.37,4.44,D,0
22.9594,88.32742,329.33,0.4,0.37,2026-01-01,0723,N20,VIIRS,n,2,297.82,1.88,D,0
22.00405,82.517,329.62,0.53,0.42,2026-01-01,0723,N20,VIIRS,l,2,300.96,2.11,D,0
21.99279,82.47745,333.43,0.53,0.42,2026-01-01,0723,N20,VIIRS,n,2,303.1,3.24,D,0
21.91522,82.08342,331.64,0.56,0.43,2026-01-01,0723,N20,VIIRS,n,2,299.69,2.95,D,0
21.98899,82.47824,333.85,0.53,0.42,2026-01-01,0723,N20,VIIRS,l,2,304.44,5.12,D,0
22.03032,82.72337,333.24,0.52,0.41,2026-01-01,0723,N20,VIIRS,n,2,302.09,3.71,D,0
22.0057,82.52016,330.53,0.53,0.42,2026-01-01,0723,N20,VIIRS,l,2,301.38,2.03,D,0
22.57271,85.89653,334.88,0.39,0.36,2026-01-01,0723,N20,VIIRS,n,2,304.25,3.14,D,0
21.99089,82.48133,345.15,0.53,0.42,2026-01-01,0723,N20,VIIRS,n,2,305.67,9.9,D,0
21.91581,82.08655,331.21,0.56,0.43,2026-01-01,0723,N20,VIIRS,n,2,300.6,2.61,D,0
22.02984,82.72199,332.73,0.52,0.41,2026-01-01,0723,N20,VIIRS,n,2,301.62,3.62,D,0
21.94976,82.36259,340.29,0.54,0.42,2026-01-01,0723,N20,VIIRS,n,2,303.75,12.95,D,0
21.93631,82.37614,332.03,0.54,0.42,2026-01-01,0723,N20,VIIRS,n,2,301.11,2.87,D,0
21.85498,81.95392,332.24,0.57,0.43,2026-01-01,0723,N20,VIIRS,n,2,301.84,4.08,D,0
22.04788,83.01908,332.13,0.5,0.41,2026-01-01,0723,N20,VIIRS,n,2,301.26,2.16,D,0
21.95913,82.5456,345.79,0.53,0.42,2026-01-01,0723,N20,VIIRS,n,2,302.63,14.21,D,0
21.96004,82.55065,335.73,0.53,0.42,2026-01-01,0723,N20,VIIRS,n,2,302.17,9.34,D,0
21.96277,82.56573,346.22,0.53,0.42,2026-01-01,0723,N20,VIIRS,n,2,303.37,14.36,D,0
21.94396,82.54874,330.04,0.53,0.42,2026-01-01,0723,N20,VIIRS,n,2,302.36,2.79,D,0
21.95548,82.65528,334.91,0.52,0.42,2026-01-01,0723,N20,VIIRS,n,2,302.68,5.08,D,0
22.10972,83.51875,330.23,0.47,0.4,2026-01-01,0723,N20,VIIRS,l,2,301.36,2.56,D,2
23.75321,95.72883,340.27,0.33,0.55,2026-01-01,0723,N20,VIIRS,n,2,298.63,4.51,D,0
21.89522,82.34718,329.44,0.54,0.42,2026-01-01,0723,N20,VIIRS,n,2,299.65,1.23,D,0
22.02005,83.03465,328.59,0.5,0.41,2026-01-01,0723,N20,VIIRS,n,2,301.81,2.08,D,0
21.99671,82.99004,329.5,0.5,0.41,2026-01-01,0723,N20,VIIRS,n,2,300.73,2.44,D,0
21.98672,82.9772,328.85,0.5,0.41,2026-01-01,0723,N20,VIIRS,l,2,300.12,4.56,D,0
21.90512,82.55154,345.28,0.53,0.42,2026-01-01,0723,N20,VIIRS,n,2,304.0,7.35,D,0
22.01094,83.15377,332.29,0.49,0.4,2026-01-01,0723,N20,VIIRS,n,2,300.25,4.48,D,0
21.88908,82.52869,344.79,0.53,0.42,2026-01-01,0723,N20,VIIRS,n,2,301.51,8.88,D,0
21.88715,82.53958,336.1,0.53,0.42,2026-01-01,0723,N20,VIIRS,n,2,302.94,4.16,D,0
22.00858,83.15679,331.73,0.49,0.4,2026-01-01,0723,N20,VIIRS,n,2,299.85,3.64,D,0
21.88951,82.52552,329.98,0.53,0.42,2026-01-01,0723,N20,VIIRS,n,2,301.7,4.34,D,0
21.89042,82.53059,331.58,0.53,0.42,2026-01-01,0723,N20,VIIRS,n,2,299.26,5.26,D,0
21.91846,82.73197,347.46,0.52,0.41,2026-01-01,0723,N20,VIIRS,n,2,303.28,8.12,D,0
21.90589,82.68326,344.98,0.52,0.42,2026-01-01,0723,N20,VIIRS,n,2,305.28,15.57,D,0
22.60538,86.93939,329.86,0.38,0.36,2026-01-01,0723,N20,VIIRS,n,2,301.76,2.14,D,0
21.89303,82.65507,337.31,0.52,0.42,2026-01-01,0723,N20,VIIRS,n,2,303.12,4.99,D,0
21.87256,82.62827,333.28,0.52,0.42,2026-01-01,0723,N20,VIIRS,n,2,302.85,2.59,D,0
22.63013,87.30418,337.97,0.38,0.36,2026-01-01,0723,N20,VIIRS,n,2,300.66,2.97,D,0
21.797,82.34293,332.58,0.55,0.42,2026-01-01,0723,N20,VIIRS,l,2,305.7,19.12,D,0
22.04521,83.7325,330.24,0.46,0.39,2026-01-01,0723,N20,VIIRS,l,2,304.76,4.97,D,2
21.85692,82.69337,343.08,0.52,0.42,2026-01-01,0723,N20,VIIRS,n,2,303.06,5.7,D,0
22.04088,83.72882,344.19,0.46,0.39,2026-01-01,0723,N20,VIIRS,n,2,307.97,12.44,D,2
22.04165,83.73322,355.62,0.46,0.39,2026-01-01,0723,N20,VIIRS,n,2,318.08,12.44,D,2
22.04241,83.73762,337.96,0.46,0.39,2026-01-01,0723,N20,VIIRS,n,2,309.46,5.78,D,2
22.03808,83.73396,347.22,0.46,0.39,2026-01-01,0723,N20,VIIRS,n,2,308.51,12.44,D,2
22.03885,83.73835,331.83,0.46,0.39,2026-01-01,0723,N20,VIIRS,l,2,305.45,5.78,D,2
21.89649,82.99824,333.09,0.5,0.41,2026-01-01,0723,N20,VIIRS,n,2,300.25,6.36,D,0
21.74097,82.19158,334.06,0.56,0.43,2026-01-01,0723,N20,VIIRS,n,2,300.51,4.28,D,0
22.2091,84.86131,337.82,0.42,0.37,2026-01-01,0723,N20,VIIRS,n,2,302.16,4.95,D,2
22.96819,87.86764,346.34,0.39,0.36,2026-01-01,0723,N20,VIIRS,n,2,300.11,3.19,D,0
22.94876,87.73544,329.25,0.39,0.36,2026-01-01,0723,N20,VIIRS,n,2,298.76,2.01,D,0
22.06236,82.24951,329.36,0.55,0.42,2026-01-01,0723,N20,VIIRS,l,2,301.86,5.77,D,0
23.38986,90.86214,325.08,0.5,0.41,2026-01-01,0723,N20,VIIRS,l,2,297.12,3.0,D,0
22.06347,82.24728,334.42,0.55,0.42,2026-01-01,0723,N20,VIIRS,n,2,303.67,4.94,D,0
22.75875,86.27812,328.08,0.39,0.36,2026-01-01,0723,N20,VIIRS,n,2,299.05,1.93,D,0
21.9564,81.5483,337.64,0.4,0.44,2026-01-01,0723,N20,VIIRS,n,2,300.07,2.56,D,0
22.78992,86.19568,332.38,0.39,0.36,2026-01-01,0723,N20,VIIRS,n,2,300.09,2.24,D,2
23.02997,87.7566,327.2,0.39,0.36,2026-01-01,0723,N20,VIIRS,l,2,300.58,1.88,D,0
23.02886,87.74905,330.59,0.39,0.36,2026-01-01,0723,N20,VIIRS,l,2,300.98,5.45,D,0
23.02775,87.7415,344.72,0.39,0.36,2026-01-01,0723,N20,VIIRS,n,2,300.93,4.68,D,0
23.13815,88.33778,331.86,0.4,0.37,2026-01-01,0723,N20,VIIRS,n,2,298.69,2.42,D,0
22.14246,82.17635,332.94,0.55,0.43,2026-01-01,0723,N20,VIIRS,n,2,301.76,6.3,D,0
23.06758,87.80443,331.41,0.39,0.36,2026-01-01,0723,N20,VIIRS,n,2,298.97,0.71,D,0
22.1106,81.97893,333.56,0.56,0.43,2026-01-01,0723,N20,VIIRS,n,2,300.79,3.53,D,0
23.14265,88.29733,332.8,0.4,0.37,2026-01-01,0723,N20,VIIRS,n,2,298.31,1.9,D,0
23.06533,87.74282,332.0,0.39,0.36,2026-01-01,0723,N20,VIIRS,n,2,297.99,2.05,D,0
22.1109,81.98228,331.87,0.56,0.43,2026-01-01,0723,N20,VIIRS,n,2,300.36,6.71,D,0
23.09153,87.83131,326.88,0.39,0.36,2026-01-01,0723,N20,VIIRS,l,2,299.15,1.61,D,0
23.17857,88.31922,332.97,0.4,0.37,2026-01-01,0723,N20,VIIRS,n,2,300.2,2.26,D,0
23.12577,87.92668,332.82,0.39,0.36,2026-01-01,0723,N20,VIIRS,n,2,299.24,2.79,D,0
22.24188,82.5357,346.57,0.52,0.42,2026-01-01,0723,N20,VIIRS,n,2,306.67,17.74,D,0
23.00773,87.1038,333.84,0.38,0.36,2026-01-01,0723,N20,VIIRS,n,2,300.23,2.68,D,0
22.24566,82.5349,335.6,0.52,0.42,2026-01-01,0723,N20,VIIRS,n,2,300.16,4.76,D,0
23.12364,87.74825,330.32,0.39,0.36,2026-01-01,0723,N20,VIIRS,n,2,299.87,2.6,D,0
22.20759,82.17655,333.42,0.55,0.43,2026-01-01,0723,N20,VIIRS,n,2,301.94,2.89,D,0
23.15296,87.85585,350.73,0.39,0.36,2026-01-01,0723,N20,VIIRS,n,2,307.68,14.53,D,0
23.13303,87.71953,326.95,0.39,0.36,2026-01-01,0723,N20,VIIRS,n,2,299.75,1.36,D,0
23.15629,87.85529,329.46,0.39,0.36,2026-01-01,0723,N20,VIIRS,n,2,298.13,14.53,D,0
23.14687,87.79082,330.0,0.39,0.36,2026-01-01,0723,N20,VIIRS,n,2,299.79,2.12,D,0
22.22587,82.18896,331.15,0.55,0.42,2026-01-01,0723,N20,VIIRS,n,2,301.68,3.54,D,0
23.1441,87.74863,328.48,0.39,0.36,2026-01-01,0723,N20,VIIRS,n,2,298.07,5.3,D,0
23.14354,87.74484,338.75,0.39,0.36,2026-01-01,0723,N20,VIIRS,n,2,302.62,5.3,D,0
23.12296,87.53595,330.35,0.39,0.36,2026-01-01,0723,N20,VIIRS,n,2,301.12,1.89,D,0
23.18176,87.84317,332.27,0.39,0.36,2026-01-01,0723,N20,VIIRS,n,2,299.85,2.37,D,0
23.16898,87.75601,329.91,0.39,0.36,2026-01-01,0723,N20,VIIRS,n,2,300.01,1.44,D,0
22.32116,82.51919,334.08,0.52,0.42,2026-01-01,0723,N20,VIIRS,n,2,303.77,3.53,D,0
23.15219,87.55018,329.39,0.39,0.36,2026-01-01,0723,N20,VIIRS,n,2,300.37,2.04,D,0
22.32142,82.52209,333.57,0.52,0.42,2026-01-01,0723,N20,VIIRS,n,2,303.55,5.1,D,0
23.11746,87.26827,331.49,0.39,0.36,2026-01-01,0723,N20,VIIRS,n,2,298.83,2.23,D,0
23.1235,87.26339,338.09,0.39,0.36,2026-01-01,0723,N20,VIIRS,n,2,299.8,4.57,D,0
23.17115,87.56252,333.87,0.39,0.36,2026-01-01,0723,N20,VIIRS,n,2,300.5,2.93,D,0
23.12735,87.26656,328.73,0.39,0.36,2026-01-01,0723,N20,VIIRS,n,2,299.36,1.45,D,0
23.12513,87.25162,341.9,0.39,0.36,2026-01-01,0723,N20,VIIRS,n,2,299.78,3.54,D,0
23.13065,87.26598,328.56,0.39,0.36,2026-01-01,0723,N20,VIIRS,n,2,298.28,1.45,D,0
22.2364,81.95943,332.62,0.56,0.43,2026-01-01,0723,N20,VIIRS,n,2,300.92,4.45,D,0
23.24612,88.03185,335.63,0.39,0.37,2026-01-01,0723,N20,VIIRS,n,2,300.21,3.71,D,0
23.08469,86.93766,337.53,0.38,0.36,2026-01-01,0723,N20,VIIRS,n,2,297.79,2.42,D,0
22.2403,81.95861,332.84,0.56,0.43,2026-01-01,0723,N20,VIIRS,n,2,300.66,4.48,D,0
23.15892,87.41068,333.4,0.39,0.36,2026-01-01,0723,N20,VIIRS,n,2,300.33,1.76,D,0
23.20096,87.65008,332.69,0.39,0.36,2026-01-01,0723,N20,VIIRS,n,2,301.85,2.71,D,0
23.26446,88.04053,332.5,0.39,0.37,2026-01-01,0723,N20,VIIRS,n,2,298.93,2.02,D,0
23.14597,87.23266,341.33,0.39,0.36,2026-01-01,0723,N20,VIIRS,n,2,302.03,12.12,D,0
23.14926,87.23208,331.82,0.39,0.36,2026-01-01,0723,N20,VIIRS,n,2,299.16,3.23,D,0
22.22797,81.76246,338.01,0.39,0.44,2026-01-01,0723,N20,VIIRS,n,2,301.13,3.37,D,0
23.28498,88.11189,328.22,0.4,0.37,2026-01-01,0723,N20,VIIRS,n,2,300.83,2.48,D,0
22.03224,82.34717,333.16,0.54,0.42,2026-01-01,0723,N20,VIIRS,n,2,299.12,5.92,D,0
23.28394,88.00977,337.06,0.39,0.37,2026-01-01,0723,N20,VIIRS,n,2,300.73,3.01,D,0
23.26955,87.91042,326.98,0.39,0.36,2026-01-01,0723,N20,VIIRS,l,2,299.78,1.7,D,0
23.27343,87.91367,332.73,0.39,0.36,2026-01-01,0723,N20,VIIRS,n,2,299.51,1.7,D,0
23.32674,88.18783,331.74,0.4,0.37,2026-01-01,0723,N20,VIIRS,n,2,299.25,3.93,D,0
23.32618,88.18397,332.5,0.4,0.37,2026-01-01,0723,N20,VIIRS,n,2,300.3,3.93,D,0
23.30896,87.99377,333.97,0.39,0.36,2026-01-01,0723,N20,VIIRS,n,2,298.98,3.29,D,0
23.27555,87.69537,334.23,0.39,0.36,2026-01-01,0723,N20,VIIRS,n,2,299.77,3.09,D,0
23.29349,87.7271,327.76,0.39,0.36,2026-01-01,0723,N20,VIIRS,l,2,298.93,2.35,D,0
23.29676,87.49438,334.41,0.39,0.36,2026-01-01,0723,N20,VIIRS,n,2,300.21,2.8,D,0
23.32388,87.63269,332.54,0.39,0.36,2026-01-01,0723,N20,VIIRS,n,2,299.62,2.6,D,0
23.3255,87.57436,337.88,0.39,0.36,2026-01-01,0723,N20,VIIRS,n,2,299.63,2.62,D,0
23.25179,87.03401,334.65,0.38,0.36,2026-01-01,0723,N20,VIIRS,n,2,297.67,2.24,D,0
23.35042,87.67464,332.76,0.39,0.36,2026-01-01,0723,N20,VIIRS,n,2,300.26,3.32,D,0
23.34543,87.64061,333.22,0.39,0.36,2026-01-01,0723,N20,VIIRS,n,2,299.27,2.87,D,0
23.34761,87.60925,334.85,0.39,0.36,2026-01-01,0723,N20,VIIRS,n,2,297.9,2.31,D,0
23.34978,87.57791,332.09,0.39,0.36,2026-01-01,0723,N20,VIIRS,n,2,298.96,2.73,D,0
23.3492,87.55095,332.79,0.39,0.36,2026-01-01,0723,N20,VIIRS,n,2,299.25,3.7,D,0
23.36973,87.64418,331.69,0.39,0.36,2026-01-01,0723,N20,VIIRS,n,2,298.83,4.76,D,0
23.39973,87.77894,330.68,0.39,0.36,2026-01-01,0723,N20,VIIRS,n,2,300.29,1.98,D,0
23.40305,87.77837,338.85,0.39,0.36,2026-01-01,0723,N20,VIIRS,n,2,299.72,1.98,D,0
23.38076,87.62679,335.62,0.39,0.36,2026-01-01,0723,N20,VIIRS,n,2,300.08,6.71,D,0
23.3802,87.62302,328.66,0.39,0.36,2026-01-01,0723,N20,VIIRS,n,2,299.1,2.59,D,0
23.38234,87.61451,335.69,0.39,0.36,2026-01-01,0723,N20,VIIRS,n,2,301.39,5.41,D,0
23.4474,87.97004,341.04,0.39,0.37,2026-01-01,0723,N20,VIIRS,n,2,298.16,3.22,D,0
23.38279,87.40968,332.94,0.39,0.36,2026-01-01,0723,N20,VIIRS,n,2,302.39,4.1,D,0
23.38609,87.40911,332.92,0.39,0.36,2026-01-01,0723,N20,VIIRS,n,2,301.53,4.84,D,0
23.47469,87.87518,326.76,0.39,0.36,2026-01-01,0723,N20,VIIRS,n,2,299.48,1.23,D,0
23.40528,87.35571,333.25,0.39,0.36,2026-01-01,0723,N20,VIIRS,n,2,299.94,3.26,D,0
23.49854,87.96924,330.99,0.39,0.37,2026-01-01,0723,N20,VIIRS,n,2,298.55,1.86,D,0
23.44863,87.19031,333.06,0.39,0.36,2026-01-01,0723,N20,VIIRS,n,2,299.69,2.0,D,0
23.53954,87.71567,328.81,0.39,0.36,2026-01-01,0723,N20,VIIRS,n,2,297.95,1.63,D,0
23.61773,87.97268,340.82,0.4,0.37,2026-01-01,0723,N20,VIIRS,n,2,298.34,3.38,D,0
23.62107,87.97211,336.79,0.4,0.37,2026-01-01,0723,N20,VIIRS,n,2,299.34,3.38,D,0
23.5777,87.67407,329.39,0.39,0.36,2026-01-01,0723,N20,VIIRS,l,2,299.44,1.98,D,0
23.49764,87.04353,327.94,0.38,0.36,2026-01-01,0723,N20,VIIRS,n,2,299.48,1.44,D,0
23.6592,88.00554,333.92,0.4,0.37,2026-01-01,0723,N20,VIIRS,n,2,297.68,3.55,D,0
25.61842,91.98269,332.4,0.41,0.45,2026-01-01,0724,N20,VIIRS,n,2,292.23,3.43,D,0
27.58617,82.2429,329.67,0.46,0.39,2026-01-01,0724,N20,VIIRS,n,2,293.66,2.16,D,0
27.43472,81.44818,330.22,0.5,0.41,2026-01-01,0724,N20,VIIRS,n,2,293.5,4.66,D,0
27.6335,83.45236,336.25,0.41,0.37,2026-01-01,0724,N20,VIIRS,n,2,294.81,1.87,D,0
27.82986,85.51424,327.74,0.38,0.36,2026-01-01,0724,N20,VIIRS,n,2,288.76,1.87,D,0
27.82659,85.51487,346.41,0.38,0.36,2026-01-01,0724,N20,VIIRS,n,2,291.46,5.64,D,0
28.98778,95.80935,335.65,0.38,0.59,2026-01-01,0724,N20,VIIRS,n,2,294.75,6.91,D,0
27.47433,83.87389,327.22,0.4,0.37,2026-01-01,0724,N20,VIIRS,n,2,293.4,0.97,D,0
28.86927,95.85513,367.0,0.38,0.59,2026-01-01,0724,N20,VIIRS,l,2,334.15,69.8,D,0
28.86946,95.85764,367.0,0.38,0.59,2026-01-01,0724,N20,VIIRS,h,2,306.29,69.8,D,0
25.2005,84.31555,349.0,0.41,0.37,2026-01-01,0724,N20,VIIRS,n,2,297.55,7.19,D,0
28.8639,95.85656,328.96,0.38,0.59,2026-01-01,0724,N20,VIIRS,n,2,293.04,69.8,D,0
27.17828,83.74081,326.9,0.41,0.37,2026-01-01,0724,N20,VIIRS,n,2,289.7,2.01,D,0
27.18884,84.17162,326.27,0.4,0.37,2026-01-01,0724,N20,VIIRS,n,2,296.87,1.61,D,0
27.2076,84.28698,327.14,0.4,0.37,2026-01-01,0724,N20,VIIRS,n,2,294.44,2.39,D,0
27.17747,84.44011,326.6,0.39,0.37,2026-01-01,0724,N20,VIIRS,n,2,293.23,1.36,D,0
27.12635,84.29536,336.87,0.4,0.37,2026-01-01,0724,N20,VIIRS,n,2,295.5,2.46,D,0
27.04809,84.18842,329.92,0.4,0.37,2026-01-01,0724,N20,VIIRS,n,2,293.41,2.18,D,0
26.96873,83.96001,326.38,0.41,0.37,2026-01-01,0724,N20,VIIRS,n,2,290.28,2.32,D,0
27.08071,84.72713,336.44,0.39,0.36,2026-01-01,0724,N20,VIIRS,n,2,294.6,2.68,D,0
25.23923,84.42336,336.92,0.41,0.37,2026-01-01,0724,N20,VIIRS,n,2,296.64,3.54,D,0
25.13358,83.38317,329.64,0.44,0.38,2026-01-01,0724,N20,VIIRS,n,2,293.65,2.36,D,0
26.27868,91.28556,327.02,0.57,0.43,2026-01-01,0724,N20,VIIRS,n,2,296.91,2.19,D,0
25.33798,84.29694,329.02,0.41,0.37,2026-01-01,0724,N20,VIIRS,n,2,296.49,1.72,D,0
25.36342,84.34563,328.03,0.41,0.37,2026-01-01,0724,N20,VIIRS,n,2,293.67,1.5,D,0
25.51996,85.21098,332.14,0.39,0.36,2026-01-01,0724,N20,VIIRS,n,2,295.68,3.33,D,0
25.39752,84.35568,325.9,0.41,0.37,2026-01-01,0724,N20,VIIRS,n,2,294.36,1.39,D,0
25.39025,84.27026,328.67,0.41,0.37,2026-01-01,0724,N20,VIIRS,n,2,294.07,1.88,D,0
25.28009,83.57851,333.91,0.43,0.38,2026-01-01,0724,N20,VIIRS,n,2,294.97,2.81,D,0
25.46174,84.57651,334.45,0.4,0.37,2026-01-01,0724,N20,VIIRS,n,2,296.52,2.95,D,0
25.52207,84.88383,333.81,0.4,0.37,2026-01-01,0724,N20,VIIRS,n,2,295.87,2.74,D,0
25.37597,83.97569,346.17,0.42,0.37,2026-01-01,0724,N20,VIIRS,n,2,295.61,4.81,D,0
25.38072,83.96201,332.97,0.42,0.37,2026-01-01,0724,N20,VIIRS,n,2,295.38,3.87,D,0
25.291,83.39131,327.74,0.44,0.38,2026-01-01,0724,N20,VIIRS,n,2,294.12,2.19,D,0
25.3723,83.84885,328.66,0.42,0.38,2026-01-01,0724,N20,VIIRS,n,2,295.63,2.05,D,0
25.33391,83.55856,334.51,0.43,0.38,2026-01-01,0724,N20,VIIRS,n,2,294.86,3.29,D,0
26.64376,82.62503,326.73,0.45,0.39,2026-01-01,0724,N20,VIIRS,n,2,292.4,2.39,D,0
26.73766,85.42312,329.62,0.39,0.36,2026-01-01,0724,N20,VIIRS,n,2,292.06,1.75,D,0
25.99334,81.60684,326.41,0.51,0.41,2026-01-01,0724,N20,VIIRS,n,2,291.01,2.25,D,0
26.64828,86.6499,330.33,0.39,0.36,2026-01-01,0724,N20,VIIRS,n,2,296.05,3.27,D,0
26.60709,86.94793,342.76,0.39,0.36,2026-01-01,0724,N20,VIIRS,n,2,298.33,9.88,D,0
26.60766,86.95184,335.34,0.39,0.36,2026-01-01,0724,N20,VIIRS,n,2,295.54,2.55,D,0
25.62112,82.34847,334.03,0.48,0.4,2026-01-01,0724,N20,VIIRS,n,2,293.0,4.0,D,0
26.97437,93.01026,329.67,0.49,0.48,2026-01-01,0724,N20,VIIRS,n,2,291.42,4.92,D,0
25.72361,83.76229,327.78,0.42,0.38,2026-01-01,0724,N20,VIIRS,n,2,293.53,1.77,D,0
26.93873,94.05902,337.34,0.56,0.52,2026-01-01,0724,N20,VIIRS,n,2,290.62,3.42,D,0
25.52871,84.00467,333.29,0.42,0.37,2026-01-01,0724,N20,VIIRS,n,2,295.75,2.06,D,0
25.52258,84.05225,325.02,0.41,0.37,2026-01-01,0724,N20,VIIRS,n,2,294.0,1.34,D,0
25.51375,84.08344,325.46,0.41,0.37,2026-01-01,0724,N20,VIIRS,n,2,293.96,1.31,D,0
25.51713,84.10372,336.82,0.41,0.37,2026-01-01,0724,N20,VIIRS,n,2,297.09,4.95,D,0
26.6551,92.35265,334.11,0.44,0.46,2026-01-01,0724,N20,VIIRS,n,2,294.38,2.72,D,0
25.46293,83.80138,333.18,0.42,0.38,2026-01-01,0724,N20,VIIRS,n,2,295.36,2.83,D,0
26.55658,91.54961,339.26,0.4,0.44,2026-01-01,0724,N20,VIIRS,n,2,296.89,4.73,D,0
25.43692,84.0023,328.87,0.42,0.37,2026-01-01,0724,N20,VIIRS,n,2,296.09,2.83,D,0
25.35896,83.56778,331.45,0.43,0.38,2026-01-01,0724,N20,VIIRS,n,2,295.76,4.47,D,0
25.4204,83.94646,332.56,0.42,0.37,2026-01-01,0724,N20,VIIRS,n,2,295.17,2.78,D,0
25.38312,83.74914,327.77,0.42,0.38,2026-01-01,0724,N20,VIIRS,n,2,296.14,3.08,D,0
25.34571,83.56486,331.25,0.43,0.38,2026-01-01,0724,N20,VIIRS,n,2,294.98,14.6,D,0
25.39143,83.83636,335.32,0.42,0.38,2026-01-01,0724,N20,VIIRS,n,2,295.07,3.04,D,0
27.557,80.84477,326.95,0.53,0.42,2026-01-01,0724,N20,VIIRS,n,2,290.64,2.88,D,0
26.1936,92.52942,335.32,0.45,0.47,2026-01-01,0724,N20,VIIRS,n,2,296.49,2.82,D,0
26.25488,93.11634,341.66,0.48,0.48,2026-01-01,0724,N20,VIIRS,n,2,296.88,6.39,D,0
25.06059,84.25602,335.94,0.41,0.37,2026-01-01,0724,N20,VIIRS,n,2,296.19,2.41,D,0
26.14231,92.64488,339.98,0.45,0.47,2026-01-01,0724,N20,VIIRS,n,2,297.95,3.7,D,0
26.11506,92.67599,329.5,0.45,0.47,2026-01-01,0724,N20,VIIRS,n,2,297.57,2.32,D,0
26.09489,92.77596,331.08,0.46,0.47,2026-01-01,0724,N20,VIIRS,n,2,294.9,3.32,D,0
26.09729,92.79906,326.24,0.46,0.47,2026-01-01,0724,N20,VIIRS,n,2,295.88,1.61,D,0
26.1127,92.99178,335.5,0.47,0.48,2026-01-01,0724,N20,VIIRS,n,2,295.39,4.6,D,0
26.11262,92.99023,334.7,0.47,0.48,2026-01-01,0724,N20,VIIRS,n,2,296.65,3.28,D,0
26.02441,92.78828,342.83,0.46,0.47,2026-01-01,0724,N20,VIIRS,n,2,298.58,6.29,D,0
25.91927,92.72555,345.89,0.45,0.47,2026-01-01,0724,N20,VIIRS,n,2,301.32,20.49,D,0
24.99067,86.15599,330.84,0.38,0.36,2026-01-01,0724,N20,VIIRS,n,2,298.57,1.6,D,0
24.62407,83.98356,334.26,0.42,0.38,2026-01-01,0724,N20,VIIRS,n,2,297.15,3.5,D,0
24.84094,85.43552,330.52,0.39,0.36,2026-01-01,0724,N20,VIIRS,n,2,296.29,2.83,D,0
23.36786,77.64504,332.37,0.33,0.55,2026-01-01,0724,N20,VIIRS,n,2,294.49,5.72,D,0
25.03313,87.37128,341.78,0.39,0.36,2026-01-01,0724,N20,VIIRS,n,2,302.25,5.74,D,0
29.65724,79.71946,327.11,0.56,0.43,2026-01-01,0725,N20,VIIRS,n,2,292.99,3.4,D,0
28.28813,84.63094,336.62,0.39,0.36,2026-01-01,0725,N20,VIIRS,n,2,296.83,2.91,D,0
28.28961,84.61896,326.99,0.39,0.36,2026-01-01,0725,N20,VIIRS,n,2,292.41,2.0,D,0
27.79478,81.0275,343.44,0.52,0.41,2026-01-01,0725,N20,VIIRS,n,2,292.94,7.23,D,0
28.40273,84.38864,327.5,0.39,0.36,2026-01-01,0725,N20,VIIRS,n,2,282.24,2.29,D,0
27.6522,80.04435,341.96,0.39,0.44,2026-01-01,0725,N20,VIIRS,n,2,292.59,4.53,D,0
27.9188,81.3323,325.97,0.5,0.41,2026-01-01,0725,N20,VIIRS,n,2,292.48,2.19,D,0
28.04117,81.89449,342.55,0.47,0.39,2026-01-01,0725,N20,VIIRS,n,2,294.32,8.8,D,0
27.74798,80.333,327.83,0.56,0.43,2026-01-01,0725,N20,VIIRS,n,2,291.34,3.73,D,0
27.90119,81.03191,330.42,0.51,0.41,2026-01-01,0725,N20,VIIRS,n,2,294.7,3.95,D,0
27.9373,80.9536,329.07,0.52,0.41,2026-01-01,0725,N20,VIIRS,n,2,290.84,1.97,D,0
27.95243,81.01441,327.89,0.51,0.41,2026-01-01,0725,N20,VIIRS,n,2,292.11,2.54,D,0
27.95368,81.01736,328.04,0.51,0.41,2026-01-01,0725,N20,VIIRS,n,2,291.85,2.1,D,0
28.01287,80.9174,332.42,0.52,0.41,2026-01-01,0725,N20,VIIRS,n,2,290.95,4.76,D,0
28.22186,80.88365,328.67,0.52,0.41,2026-01-01,0725,N20,VIIRS,n,2,290.76,1.79,D,0
28.21712,80.34326,325.42,0.55,0.43,2026-01-01,0725,N20,VIIRS,n,2,289.59,2.84,D,0
28.44717,81.20525,330.93,0.49,0.41,2026-01-01,0725,N20,VIIRS,n,2,292.59,3.57,D,0
28.42795,80.97945,328.74,0.51,0.41,2026-01-01,0725,N20,VIIRS,n,2,291.36,2.44,D,0
28.3732,80.58572,334.18,0.53,0.42,2026-01-01,0725,N20,VIIRS,n,2,291.14,4.52,D,0
28.42857,79.73635,325.19,0.39,0.44,2026-01-01,0725,N20,VIIRS,n,2,283.91,2.43,D,0
28.64613,80.41685,328.22,0.54,0.42,2026-01-01,0725,N20,VIIRS,n,2,290.72,2.99,D,0
28.72088,79.37901,331.47,0.4,0.45,2026-01-01,0725,N20,VIIRS,n,2,288.58,2.45,D,0
28.78936,79.68664,339.04,0.39,0.44,2026-01-01,0725,N20,VIIRS,n,2,290.04,3.65,D,0
28.86296,79.36984,325.47,0.4,0.44,2026-01-01,0725,N20,VIIRS,n,2,288.18,2.16,D,0
28.99229,79.53777,338.53,0.39,0.44,2026-01-01,0725,N20,VIIRS,n,2,290.63,2.98,D,0
28.99413,79.53716,337.68,0.39,0.44,2026-01-01,0725,N20,VIIRS,n,2,291.23,3.36,D,0
28.97535,79.25585,337.84,0.41,0.45,2026-01-01,0725,N20,VIIRS,n,2,289.97,3.35,D,0
29.66121,79.71899,326.24,0.56,0.43,2026-01-01,0725,N20,VIIRS,n,2,291.23,3.4,D,0
29.61572,79.42177,340.17,0.39,0.44,2026-01-01,0725,N20,VIIRS,n,2,290.73,2.65,D,0
29.6197,79.42101,327.8,0.39,0.44,2026-01-01,0725,N20,VIIRS,n,2,288.67,2.65,D,0
29.65398,79.4759,337.72,0.38,0.44,2026-01-01,0725,N20,VIIRS,n,2,290.06,7.13,D,0
29.75933,79.72093,325.04,0.56,0.43,2026-01-01,0725,N20,VIIRS,n,2,289.05,5.69,D,0
29.81877,79.11819,335.35,0.4,0.44,2026-01-01,0725,N20,VIIRS,n,2,293.13,3.76,D,0
29.81796,79.11417,333.28,0.4,0.44,2026-01-01,0725,N20,VIIRS,n,2,293.61,3.76,D,0
29.82204,79.11365,337.63,0.4,0.44,2026-01-01,0725,N20,VIIRS,n,2,291.9,3.76,D,0
29.80867,78.90057,342.27,0.41,0.45,2026-01-01,0725,N20,VIIRS,n,2,290.23,6.49,D,0
29.81267,78.89932,340.11,0.41,0.45,2026-01-01,0725,N20,VIIRS,n,2,294.43,6.49,D,0
29.96507,78.73406,338.96,0.42,0.45,2026-01-01,0725,N20,VIIRS,n,2,290.89,4.63,D,0
30.35201,78.4324,327.98,0.43,0.46,2026-01-01,0725,N20,VIIRS,n,2,292.84,3.2,D,0
30.46303,78.16261,337.48,0.44,0.46,2026-01-01,0725,N20,VIIRS,n,2,285.03,7.76,D,0
30.46221,78.15862,332.98,0.44,0.46,2026-01-01,0725,N20,VIIRS,n,2,289.66,9.27,D,0
29.0773,70.99638,340.76,0.62,0.71,2026-01-01,0725,N20,VIIRS,n,2,288.38,6.77,D,0
29.77585,70.84251,340.86,0.6,0.71,2026-01-01,0726,N20,VIIRS,n,2,288.19,6.11,D,0
31.013,77.55051,339.54,0.46,0.47,2026-01-01,0726,N20,VIIRS,n,2,291.93,6.78,D,0
29.07723,70.99454,345.19,0.61,0.71,2026-01-01,0726,N20,VIIRS,n,2,288.9,6.94,D,0
9.19764,76.80509,336.65,0.58,0.7,2026-01-01,0900,N20,VIIRS,n,2,296.57,6.33,D,0
9.6396,76.45898,328.13,0.56,0.69,2026-01-01,0900,N20,VIIRS,n,2,295.04,8.51,D,0
14.65383,75.87464,328.3,0.59,0.7,2026-01-01,0902,N20,VIIRS,n,2,295.59,5.16,D,0
16.3259,73.66853,338.09,0.44,0.63,2026-01-01,0902,N20,VIIRS,n,2,299.39,6.33,D,0
16.32543,73.6643,350.69,0.44,0.63,2026-01-01,0902,N20,VIIRS,n,2,302.32,6.33,D,0
16.32136,73.67014,343.13,0.44,0.63,2026-01-01,0902,N20,VIIRS,n,2,303.73,5.62,D,0
16.3267,73.66533,345.67,0.44,0.63,2026-01-01,0902,N20,VIIRS,n,2,299.07,5.62,D,0
16.69324,75.88571,336.91,0.63,0.72,2026-01-01,0902,N20,VIIRS,n,2,298.95,4.13,D,0
16.78352,74.26867,336.87,0.49,0.65,2026-01-01,0902,N20,VIIRS,n,2,301.29,3.55,D,0
17.84585,73.80009,342.19,0.47,0.64,2026-01-01,0903,N20,VIIRS,n,2,298.55,8.36,D,0
17.92839,74.4036,338.73,0.52,0.67,2026-01-01,0903,N20,VIIRS,n,2,299.51,4.53,D,0
17.91656,74.21658,343.25,0.5,0.66,2026-01-01,0903,N20,VIIRS,n,2,300.34,4.75,D,0
18.12449,74.37757,338.93,0.52,0.67,2026-01-01,0903,N20,VIIRS,n,2,299.69,4.06,D,0
18.30569,73.15075,338.17,0.43,0.62,2026-01-01,0903,N20,VIIRS,n,2,298.37,2.14,D,0
18.35262,73.39162,335.56,0.45,0.63,2026-01-01,0903,N20,VIIRS,n,2,300.85,4.24,D,0
18.35166,73.26391,346.54,0.44,0.62,2026-01-01,0903,N20,VIIRS,n,2,298.88,5.81,D,0
18.35124,73.25973,332.23,0.44,0.62,2026-01-01,0903,N20,VIIRS,n,2,300.45,5.43,D,0
18.68378,74.38699,367.0,0.53,0.67,2026-01-01,0903,N20,VIIRS,h,2,302.1,9.57,D,0
18.67419,74.02724,335.82,0.5,0.66,2026-01-01,0903,N20,VIIRS,n,2,300.63,3.25,D,0
18.66428,73.03664,332.86,0.43,0.62,2026-01-01,0903,N20,VIIRS,n,2,295.63,5.1,D,0
18.77932,73.87157,330.39,0.49,0.65,2026-01-01,0903,N20,VIIRS,n,2,300.98,1.7,D,0
18.74183,73.2804,343.66,0.45,0.63,2026-01-01,0903,N20,VIIRS,n,2,298.49,5.21,D,0
18.8402,73.32701,354.48,0.45,0.63,2026-01-01,0903,N20,VIIRS,n,2,301.08,7.48,D,0
18.84057,73.32838,348.43,0.45,0.63,2026-01-01,0903,N20,VIIRS,n,2,300.63,5.84,D,0
19.28796,73.39984,330.66,0.46,0.64,2026-01-01,0903,N20,VIIRS,n,2,294.17,1.49,D,0
19.53863,75.04057,334.9,0.6,0.7,2026-01-01,0903,N20,VIIRS,n,2,297.74,3.53,D,0
19.38856,73.3465,367.0,0.46,0.63,2026-01-01,0903,N20,VIIRS,h,2,297.78,11.86,D,0
19.57662,74.72893,344.18,0.57,0.69,2026-01-01,0903,N20,VIIRS,n,2,298.77,5.11,D,0
21.55941,74.38257,327.64,0.57,0.69,2026-01-01,0904,N20,VIIRS,n,2,294.67,3.49,D,0
21.8471,72.61803,333.9,0.44,0.62,2026-01-01,0904,N20,VIIRS,n,2,292.18,1.81,D,0
21.84247,72.61838,329.2,0.44,0.62,2026-01-01,0904,N20,VIIRS,n,2,291.33,2.71,D,0
22.57406,70.40255,331.03,0.32,0.55,2026-01-01,0904,N20,VIIRS,n,2,297.12,0.92,D,0
22.82833,71.42416,337.79,0.38,0.59,2026-01-01,0904,N20,VIIRS,n,2,297.29,2.85,D,0
24.08888,69.62928,335.71,0.6,0.53,2026-01-01,0904,N20,VIIRS,n,2,301.86,5.44,D,0
24.09198,69.63263,339.63,0.6,0.53,2026-01-01,0904,N20,VIIRS,n,2,301.55,4.15,D,0
25.94798,68.98074,332.59,0.57,0.52,2026-01-01,0905,N20,VIIRS,n,2,294.48,5.29,D,0
24.35641,68.03991,334.69,0.48,0.48,2026-01-01,0905,N20,VIIRS,n,2,298.79,3.38,D,0
24.35602,68.04147,331.69,0.48,0.48,2026-01-01,0905,N20,VIIRS,n,2,297.33,3.14,D,0
24.9988,68.69579,339.85,0.54,0.51,2026-01-01,0905,N20,VIIRS,n,2,297.9,15.75,D,0
25.13178,68.76967,334.29,0.54,0.51,2026-01-01,0905,N20,VIIRS,n,2,294.15,2.88,D,0
25.39738,69.00295,339.94,0.57,0.52,2026-01-01,0905,N20,VIIRS,n,2,294.89,4.79,D,0
25.60856,68.93315,346.8,0.56,0.52,2026-01-01,0905,N20,VIIRS,n,2,296.73,18.18,D,0
25.87405,69.01819,338.27,0.58,0.52,2026-01-01,0905,N20,VIIRS,n,2,296.45,10.06,D,0
25.94806,68.98271,332.5,0.57,0.52,2026-01-01,0905,N20,VIIRS,n,2,295.73,3.44,D,0
26.39081,68.36248,335.68,0.53,0.5,2026-01-01,0905,N20,VIIRS,n,2,292.44,4.37,D,0
28.25816,69.85538,367.0,0.35,0.56,2026-01-01,0906,N20,VIIRS,h,2,292.13,6.04,D,0
28.25936,69.85522,367.0,0.35,0.56,2026-01-01,0906,N20,VIIRS,h,2,290.91,6.53,D,0
28.34912,69.79985,367.0,0.34,0.56,2026-01-01,0906,N20,VIIRS,h,2,292.99,4.94,D,0
28.43649,69.95556,328.63,0.35,0.57,2026-01-01,0906,N20,VIIRS,n,2,292.31,2.66,D,0
28.46362,69.96384,367.0,0.35,0.57,2026-01-01,0906,N20,VIIRS,h,2,295.25,10.4,D,0
28.55758,70.41632,332.58,0.38,0.58,2026-01-01,0906,N20,VIIRS,n,2,291.91,2.89,D,0
28.65717,70.70695,338.88,0.39,0.6,2026-01-01,0906,N20,VIIRS,n,2,291.77,3.84,D,0
28.62818,70.28175,326.51,0.37,0.58,2026-01-01,0906,N20,VIIRS,n,2,290.42,1.63,D,0
28.65742,70.70679,341.74,0.39,0.6,2026-01-01,0906,N20,VIIRS,n,2,291.84,3.56,D,0
28.63197,70.15123,335.64,0.36,0.58,2026-01-01,0906,N20,VIIRS,n,2,292.08,2.16,D,0
28.72926,71.00134,345.07,0.41,0.61,2026-01-01,0906,N20,VIIRS,n,2,291.22,4.1,D,0
28.73464,70.63059,354.62,0.39,0.59,2026-01-01,0906,N20,VIIRS,n,2,292.88,5.21,D,0
28.83085,70.64925,339.83,0.39,0.59,2026-01-01,0906,N20,VIIRS,n,2,292.63,5.08,D,0
28.85928,70.65896,367.0,0.39,0.6,2026-01-01,0906,N20,VIIRS,h,2,295.52,11.63,D,0
28.85713,70.56181,327.89,0.39,0.59,2026-01-01,0906,N20,VIIRS,n,2,291.59,3.1,D,0
28.85961,70.65866,367.0,0.39,0.6,2026-01-01,0906,N20,VIIRS,h,2,295.62,11.71,D,0
28.85808,70.5613,325.08,0.39,0.59,2026-01-01,0906,N20,VIIRS,n,2,291.46,3.2,D,0
28.95786,70.71146,350.85,0.4,0.6,2026-01-01,0906,N20,VIIRS,n,2,293.0,4.28,D,0
28.95803,70.71268,336.8,0.4,0.6,2026-01-01,0906,N20,VIIRS,n,2,292.22,3.59,D,0
29.02248,70.68211,329.52,0.4,0.6,2026-01-01,0906,N20,VIIRS,n,2,290.16,2.45,D,0
29.14307,71.04472,367.0,0.42,0.61,2026-01-01,0906,N20,VIIRS,h,2,295.8,13.72,D,0
29.15562,70.32724,330.43,0.38,0.59,2026-01-01,0906,N20,VIIRS,n,2,291.74,2.07,D,0
29.15804,70.32783,340.99,0.38,0.59,2026-01-01,0906,N20,VIIRS,n,2,291.4,2.64,D,0
29.30672,71.46523,350.67,0.44,0.63,2026-01-01,0906,N20,VIIRS,n,2,290.15,5.54,D,0
29.26135,70.53465,330.34,0.39,0.59,2026-01-01,0906,N20,VIIRS,n,2,291.93,2.6,D,0
29.26216,70.53638,346.48,0.39,0.59,2026-01-01,0906,N20,VIIRS,n,2,291.8,4.14,D,0
29.47436,70.62956,340.32,0.4,0.6,2026-01-01,0906,N20,VIIRS,n,2,291.03,4.88,D,0
29.52727,70.7507,335.79,0.4,0.6,2026-01-01,0906,N20,VIIRS,n,2,291.16,2.57,D,0
29.8616,70.92593,336.0,0.42,0.61,2026-01-01,0906,N20,VIIRS,n,2,290.5,4.22,D,0
30.01562,70.89137,367.0,0.42,0.61,2026-01-01,0906,N20,VIIRS,h,2,295.3,18.07,D,0
30.26694,71.02621,326.2,0.43,0.62,2026-01-01,0906,N20,VIIRS,n,2,289.62,1.8,D,0
30.28176,70.90412,329.15,0.42,0.61,2026-01-01,0906,N20,VIIRS,n,2,290.34,3.89,D,0
29.22505,88.34827,298.37,0.39,0.36,2026-01-01,1949,N20,VIIRS,n,2,266.55,0.54,N,2
27.60713,95.40154,301.79,0.46,0.47,2026-01-01,1949,N20,VIIRS,n,2,283.08,0.74,N,2
29.97263,78.98463,322.12,0.35,0.57,2026-01-01,1949,N20,VIIRS,n,2,276.04,2.48,N,0
29.96777,78.97929,303.98,0.35,0.57,2026-01-01,1949,N20,VIIRS,n,2,273.24,1.38,N,0
29.85116,79.04713,301.27,0.35,0.57,2026-01-01,1949,N20,VIIRS,n,2,276.59,0.79,N,0
30.45848,78.60508,295.3,0.38,0.59,2026-01-01,1949,N20,VIIRS,n,2,277.69,1.25,N,0
30.45869,78.6024,302.84,0.38,0.59,2026-01-01,1949,N20,VIIRS,n,2,277.11,1.25,N,0
30.46092,78.60365,313.59,0.38,0.59,2026-01-01,1949,N20,VIIRS,n,2,278.72,2.16,N,0
30.52878,78.64222,305.97,0.38,0.58,2026-01-01,1949,N20,VIIRS,n,2,278.33,2.09,N,0
30.52897,78.63976,299.24,0.38,0.58,2026-01-01,1949,N20,VIIRS,n,2,278.33,1.63,N,0
30.64211,78.2403,297.45,0.4,0.6,2026-01-01,1949,N20,VIIRS,n,2,277.4,1.26,N,0
30.64241,78.2362,302.98,0.4,0.6,2026-01-01,1949,N20,VIIRS,n,2,275.89,1.29,N,0
30.74857,78.3064,307.85,0.4,0.6,2026-01-01,1949,N20,VIIRS,n,2,275.88,1.03,N,0
29.85071,79.05259,303.67,0.35,0.57,2026-01-01,1949,N20,VIIRS,n,2,277.39,0.79,N,0
27.31742,95.26323,309.66,0.46,0.47,2026-01-01,1949,N20,VIIRS,n,2,284.55,1.28,N,2
27.37925,95.33237,312.65,0.46,0.47,2026-01-01,1949,N20,VIIRS,n,2,284.6,1.09,N,0
25.60097,85.03046,295.06,0.44,0.38,2026-01-01,1950,N20,VIIRS,n,2,284.09,0.7,N,0
25.25063,91.7392,296.29,0.48,0.4,2026-01-01,1950,N20,VIIRS,n,2,278.61,0.4,N,0
25.03319,87.37782,295.99,0.39,0.36,2026-01-01,1950,N20,VIIRS,n,2,285.12,0.84,N,0
26.52398,90.53308,297.8,0.42,0.38,2026-01-01,1950,N20,VIIRS,n,2,285.71,0.37,N,2
26.05908,93.89258,298.43,0.41,0.45,2026-01-01,1950,N20,VIIRS,n,2,284.78,0.5,N,2
28.34749,77.25327,296.5,0.43,0.62,2026-01-01,1950,N20,VIIRS,n,2,281.23,0.42,N,0
27.40075,88.35802,295.78,0.38,0.36,2026-01-01,1950,N20,VIIRS,n,2,278.77,0.75,N,0
26.53974,93.48719,296.22,0.57,0.43,2026-01-01,1950,N20,VIIRS,n,2,282.7,0.57,N,0
27.31915,95.26608,303.73,0.46,0.47,2026-01-01,1950,N20,VIIRS,n,2,284.71,0.81,N,2
27.22229,95.34222,302.66,0.47,0.48,2026-01-01,1950,N20,VIIRS,n,2,282.62,0.56,N,0
26.54536,93.50029,302.33,0.57,0.43,2026-01-01,1950,N20,VIIRS,n,2,283.73,0.85,N,0
25.03378,87.37403,310.33,0.39,0.36,2026-01-01,1950,N20,VIIRS,n,2,284.71,0.84,N,0
25.03436,87.37025,338.6,0.39,0.36,2026-01-01,1950,N20,VIIRS,n,2,289.24,3.73,N,0
26.64211,79.47518,295.05,0.6,0.53,2026-01-01,1950,N20,VIIRS,n,2,282.97,0.58,N,2
22.3623,87.01533,300.3,0.38,0.36,2026-01-01,1951,N20,VIIRS,n,2,287.83,1.36,N,2
25.31226,83.01367,295.47,0.54,0.42,2026-01-01,1951,N20,VIIRS,n,2,285.47,0.26,N,2
25.31118,83.01249,296.19,0.54,0.42,2026-01-01,1951,N20,VIIRS,n,2,285.14,0.77,N,2
23.14658,95.53668,304.41,0.58,0.52,2026-01-01,1951,N20,VIIRS,n,2,286.47,2.88,N,0
24.72173,86.13323,297.13,0.4,0.37,2026-01-01,1951,N20,VIIRS,n,2,282.33,0.27,N,0
24.66965,83.98856,296.31,0.47,0.4,2026-01-01,1951,N20,VIIRS,n,2,284.08,0.39,N,2
24.12059,86.85842,300.05,0.39,0.36,2026-01-01,1951,N20,VIIRS,n,2,284.64,0.6,N,2
24.11728,86.85782,300.77,0.39,0.36,2026-01-01,1951,N20,VIIRS,n,2,285.76,0.76,N,2
24.11928,86.34975,298.32,0.39,0.36,2026-01-01,1951,N20,VIIRS,n,2,284.09,0.74,N,2
24.44896,83.03976,297.36,0.53,0.42,2026-01-01,1951,N20,VIIRS,n,2,285.22,0.91,N,2
23.70038,87.11543,295.79,0.38,0.36,2026-01-01,1951,N20,VIIRS,n,2,282.93,0.44,N,0
23.69263,87.1217,324.47,0.38,0.36,2026-01-01,1951,N20,VIIRS,n,2,290.36,3.32,N,2
23.6967,87.09552,300.2,0.38,0.36,2026-01-01,1951,N20,VIIRS,n,2,288.16,0.84,N,2
23.69495,87.10674,305.39,0.38,0.36,2026-01-01,1951,N20,VIIRS,n,2,286.32,1.55,N,2
23.69437,87.11048,300.87,0.38,0.36,2026-01-01,1951,N20,VIIRS,n,2,285.56,0.9,N,2
23.69379,87.11423,304.86,0.38,0.36,2026-01-01,1951,N20,VIIRS,n,2,286.41,0.9,N,2
23.68933,87.1211,312.36,0.38,0.36,2026-01-01,1951,N20,VIIRS,n,2,287.96,1.38,N,2
23.80879,86.31616,302.14,0.39,0.36,2026-01-01,1951,N20,VIIRS,n,2,292.11,1.46,N,2
23.80707,86.32766,315.53,0.39,0.36,2026-01-01,1951,N20,VIIRS,n,2,289.11,1.69,N,2
23.80649,86.3315,306.0,0.39,0.36,2026-01-01,1951,N20,VIIRS,n,2,288.38,1.04,N,2
23.79904,86.38119,297.03,0.39,0.36,2026-01-01,1951,N20,VIIRS,n,2,286.19,0.32,N,0
23.68953,87.09805,313.41,0.38,0.36,2026-01-01,1951,N20,VIIRS,n,2,290.01,1.91,N,2
23.68895,87.10179,297.67,0.38,0.36,2026-01-01,1951,N20,VIIRS,n,2,285.09,0.83,N,2
23.68604,87.1205,309.3,0.38,0.36,2026-01-01,1951,N20,VIIRS,n,2,287.83,1.38,N,2
23.80317,86.3309,322.13,0.39,0.36,2026-01-01,1951,N20,VIIRS,n,2,291.66,2.48,N,2
23.8003,86.35001,328.8,0.39,0.36,2026-01-01,1951,N20,VIIRS,n,2,290.21,1.68,N,2
23.80374,86.32707,317.94,0.39,0.36,2026-01-01,1951,N20,VIIRS,n,2,292.24,2.6,N,2
23.80088,86.34618,309.17,0.39,0.36,2026-01-01,1951,N20,VIIRS,n,2,291.52,1.68,N,2
23.68158,87.12737,295.81,0.38,0.36,2026-01-01,1951,N20,VIIRS,n,2,285.24,0.54,N,0
23.79698,86.34942,303.91,0.39,0.36,2026-01-01,1951,N20,VIIRS,n,2,289.7,1.68,N,2
23.7964,86.35324,312.23,0.39,0.36,2026-01-01,1951,N20,VIIRS,n,2,288.8,1.59,N,2
23.7988,86.31438,302.08,0.39,0.36,2026-01-01,1951,N20,VIIRS,n,2,287.38,0.82,N,0
23.79308,86.35265,313.66,0.39,0.36,2026-01-01,1951,N20,VIIRS,n,2,293.16,1.79,N,2
23.79021,86.37176,296.57,0.39,0.36,2026-01-01,1951,N20,VIIRS,n,2,285.92,0.75,N,2
23.78403,86.39027,298.48,0.39,0.36,2026-01-01,1951,N20,VIIRS,n,2,286.04,0.53,N,2
23.78346,86.39408,300.45,0.39,0.36,2026-01-01,1951,N20,VIIRS,n,2,288.04,0.53,N,2
23.66646,87.15921,299.05,0.38,0.36,2026-01-01,1951,N20,VIIRS,n,2,285.19,0.55,N,0
23.7807,86.38966,342.93,0.39,0.36,2026-01-01,1951,N20,VIIRS,n,2,294.69,3.57,N,2
23.78299,86.37439,298.57,0.39,0.36,2026-01-01,1951,N20,VIIRS,n,2,286.24,0.55,N,2
23.66317,87.1586,304.88,0.38,0.36,2026-01-01,1951,N20,VIIRS,n,2,284.58,0.57,N,0
23.78024,86.36997,307.41,0.39,0.36,2026-01-01,1951,N20,VIIRS,n,2,287.68,1.05,N,2
23.77967,86.37379,297.45,0.39,0.36,2026-01-01,1951,N20,VIIRS,n,2,286.9,0.55,N,2
23.77795,86.38525,304.81,0.39,0.36,2026-01-01,1951,N20,VIIRS,n,2,286.57,1.45,N,2
23.77738,86.38908,319.21,0.39,0.36,2026-01-01,1951,N20,VIIRS,n,2,290.72,3.57,N,2
23.77452,86.40814,297.55,0.39,0.36,2026-01-01,1951,N20,VIIRS,n,2,286.57,0.58,N,2
23.78035,86.34644,310.49,0.39,0.36,2026-01-01,1951,N20,VIIRS,n,2,290.19,1.57,N,2
23.77749,86.36555,297.48,0.39,0.36,2026-01-01,1951,N20,VIIRS,n,2,287.06,1.38,N,2
23.77463,86.38466,307.1,0.39,0.36,2026-01-01,1951,N20,VIIRS,n,2,289.39,1.28,N,2
23.77473,86.36114,330.93,0.39,0.36,2026-01-01,1951,N20,VIIRS,n,2,289.75,3.38,N,2
23.76845,86.40313,333.17,0.39,0.36,2026-01-01,1951,N20,VIIRS,n,2,290.51,3.55,N,2
23.79414,86.2309,295.72,0.39,0.36,2026-01-01,1951,N20,VIIRS,n,2,283.78,0.42,N,2
23.77416,86.36496,314.82,0.39,0.36,2026-01-01,1951,N20,VIIRS,n,2,289.4,1.38,N,2
23.77073,86.38788,298.81,0.39,0.36,2026-01-01,1951,N20,VIIRS,n,2,288.32,1.91,N,2
23.76902,86.39931,305.9,0.39,0.36,2026-01-01,1951,N20,VIIRS,n,2,290.51,1.57,N,2
23.7654,86.40363,326.73,0.39,0.36,2026-01-01,1951,N20,VIIRS,n,2,291.61,2.69,N,2
23.77002,86.37313,307.27,0.39,0.36,2026-01-01,1951,N20,VIIRS,n,2,290.61,1.14,N,2
23.76713,86.3922,303.89,0.39,0.36,2026-01-01,1951,N20,VIIRS,n,2,292.8,1.13,N,2
23.76597,86.39982,308.8,0.39,0.36,2026-01-01,1951,N20,VIIRS,n,2,289.64,1.56,N,2
23.76207,86.40304,324.09,0.39,0.36,2026-01-01,1951,N20,VIIRS,n,2,289.6,2.69,N,2
23.7667,86.37254,311.49,0.39,0.36,2026-01-01,1951,N20,VIIRS,n,2,288.55,1.14,N,2
23.76612,86.37635,306.3,0.39,0.36,2026-01-01,1951,N20,VIIRS,n,2,289.67,1.14,N,2
23.76381,86.39159,302.05,0.39,0.36,2026-01-01,1951,N20,VIIRS,n,2,291.6,1.13,N,2
23.76265,86.39922,310.61,0.39,0.36,2026-01-01,1951,N20,VIIRS,n,2,288.16,1.56,N,2
23.75875,86.40244,327.9,0.39,0.36,2026-01-01,1951,N20,VIIRS,n,2,290.85,3.51,N,2
23.75933,86.39863,304.36,0.39,0.36,2026-01-01,1951,N20,VIIRS,n,2,288.23,2.17,N,2
23.75312,86.41709,310.62,0.39,0.36,2026-01-01,1951,N20,VIIRS,n,2,290.68,1.62,N,2
23.78097,86.21,332.74,0.39,0.36,2026-01-01,1951,N20,VIIRS,n,2,290.2,2.41,N,2
23.75269,86.39743,300.71,0.39,0.36,2026-01-01,1951,N20,VIIRS,n,2,286.13,0.89,N,2
23.77822,86.20556,308.63,0.39,0.36,2026-01-01,1951,N20,VIIRS,n,2,292.21,3.42,N,2
23.77764,86.2094,310.46,0.39,0.36,2026-01-01,1951,N20,VIIRS,n,2,289.56,2.41,N,2
23.66956,86.91814,299.51,0.39,0.36,2026-01-01,1951,N20,VIIRS,n,2,286.64,0.7,N,2
23.77431,86.2088,301.38,0.39,0.36,2026-01-01,1951,N20,VIIRS,n,2,287.14,0.71,N,2
23.74027,86.43433,305.39,0.39,0.36,2026-01-01,1951,N20,VIIRS,n,2,288.74,1.12,N,2
23.66626,86.91754,297.82,0.39,0.36,2026-01-01,1951,N20,VIIRS,n,2,286.52,0.83,N,2
23.66568,86.9213,301.25,0.39,0.36,2026-01-01,1951,N20,VIIRS,n,2,284.93,0.49,N,2
23.7727,86.19669,308.75,0.39,0.37,2026-01-01,1951,N20,VIIRS,n,2,287.41,1.76,N,2
23.77213,86.20052,298.67,0.39,0.37,2026-01-01,1951,N20,VIIRS,n,2,287.06,0.94,N,2
23.77155,86.20436,302.0,0.39,0.36,2026-01-01,1951,N20,VIIRS,n,2,285.42,0.94,N,2
23.73753,86.42993,304.18,0.39,0.36,2026-01-01,1951,N20,VIIRS,n,2,288.37,1.12,N,2
23.73695,86.43374,315.09,0.39,0.36,2026-01-01,1951,N20,VIIRS,n,2,291.19,1.12,N,2
23.66412,86.90943,299.57,0.39,0.36,2026-01-01,1951,N20,VIIRS,n,2,284.53,0.64,N,0
23.66354,86.91318,303.95,0.39,0.36,2026-01-01,1951,N20,VIIRS,n,2,284.83,0.83,N,2
23.73306,86.43694,305.3,0.39,0.36,2026-01-01,1951,N20,VIIRS,n,2,291.98,1.36,N,2
23.72584,86.43957,310.31,0.39,0.36,2026-01-01,1951,N20,VIIRS,n,2,289.44,1.12,N,2
23.72252,86.43897,304.9,0.39,0.36,2026-01-01,1951,N20,VIIRS,n,2,289.73,1.12,N,2
23.61373,87.14657,297.1,0.38,0.36,2026-01-01,1951,N20,VIIRS,n,2,285.9,0.55,N,2
23.71862,86.44218,304.45,0.39,0.36,2026-01-01,1951,N20,VIIRS,n,2,289.27,0.83,N,2
23.61044,87.14597,304.58,0.38,0.36,2026-01-01,1951,N20,VIIRS,n,2,287.6,1.03,N,2
23.71415,86.4492,327.03,0.39,0.36,2026-01-01,1951,N20,VIIRS,n,2,289.48,1.93,N,2
23.71876,86.41875,298.71,0.39,0.36,2026-01-01,1951,N20,VIIRS,n,2,285.24,1.13,N,0
23.71703,86.43016,300.81,0.39,0.36,2026-01-01,1951,N20,VIIRS,n,2,287.23,0.86,N,0
23.7153,86.44158,296.95,0.39,0.36,2026-01-01,1951,N20,VIIRS,n,2,285.91,0.83,N,2
23.71358,86.453,310.44,0.39,0.36,2026-01-01,1951,N20,VIIRS,n,2,287.23,1.93,N,2
23.71486,86.42197,306.39,0.39,0.36,2026-01-01,1951,N20,VIIRS,n,2,288.53,0.92,N,0
23.71428,86.42577,300.91,0.39,0.36,2026-01-01,1951,N20,VIIRS,n,2,287.72,1.17,N,0
23.71083,86.4486,315.06,0.39,0.36,2026-01-01,1951,N20,VIIRS,n,2,290.3,2.04,N,2
23.77139,85.99831,298.13,0.4,0.37,2026-01-01,1951,N20,VIIRS,n,2,283.84,0.58,N,0
23.76967,86.00994,298.49,0.4,0.37,2026-01-01,1951,N20,VIIRS,n,2,286.24,0.68,N,2
22.55939,93.02159,333.47,0.42,0.45,2026-01-01,1951,N20,VIIRS,n,2,283.8,2.8,N,0
22.5554,93.02024,320.54,0.42,0.45,2026-01-01,1951,N20,VIIRS,n,2,282.71,1.59,N,0
24.20817,82.71212,299.55,0.54,0.42,2026-01-01,1951,N20,VIIRS,n,2,286.86,1.36,N,2
23.83834,85.46894,299.95,0.41,0.37,2026-01-01,1951,N20,VIIRS,n,2,289.26,0.88,N,2
23.63164,86.83406,301.1,0.39,0.36,2026-01-01,1951,N20,VIIRS,n,2,285.57,0.93,N,0
23.82693,85.49978,299.8,0.41,0.37,2026-01-01,1951,N20,VIIRS,n,2,288.11,1.23,N,2
23.61967,86.88976,297.72,0.39,0.36,2026-01-01,1951,N20,VIIRS,n,2,284.15,0.56,N,0
23.82411,85.49519,304.12,0.41,0.37,2026-01-01,1951,N20,VIIRS,n,2,288.77,0.91,N,2
23.82353,85.49919,301.93,0.41,0.37,2026-01-01,1951,N20,VIIRS,n,2,288.02,0.91,N,2
22.53896,93.01718,299.46,0.42,0.45,2026-01-01,1951,N20,VIIRS,n,2,284.44,0.51,N,0
23.55846,87.24014,332.46,0.38,0.36,2026-01-01,1951,N20,VIIRS,n,2,286.66,1.71,N,2
23.82071,85.49461,299.1,0.41,0.37,2026-01-01,1951,N20,VIIRS,n,2,288.54,0.91,N,2
23.68899,86.38995,305.17,0.39,0.36,2026-01-01,1951,N20,VIIRS,n,2,290.65,1.13,N,2
23.56021,87.22894,301.64,0.38,0.36,2026-01-01,1951,N20,VIIRS,n,2,284.03,0.48,N,2
23.55787,87.24387,300.99,0.38,0.36,2026-01-01,1951,N20,VIIRS,n,2,284.13,1.71,N,3
22.06808,95.2918,303.77,0.59,0.53,2026-01-01,1951,N20,VIIRS,n,2,288.96,1.84,N,0
23.68509,86.39317,327.8,0.39,0.36,2026-01-01,1951,N20,VIIRS,n,2,291.4,2.24,N,2
23.76232,85.87293,296.4,0.4,0.37,2026-01-01,1951,N20,VIIRS,n,2,286.32,0.97,N,0
23.68566,86.38935,308.45,0.39,0.36,2026-01-01,1951,N20,VIIRS,n,2,286.87,2.24,N,2
23.68451,86.39698,297.48,0.39,0.36,2026-01-01,1951,N20,VIIRS,n,2,284.89,1.37,N,2
23.55517,87.23953,303.36,0.38,0.36,2026-01-01,1951,N20,VIIRS,n,2,285.97,1.14,N,2
23.554,87.247,299.04,0.38,0.36,2026-01-01,1951,N20,VIIRS,n,2,286.98,0.91,N,3
23.68234,86.38875,321.35,0.39,0.36,2026-01-01,1951,N20,VIIRS,n,2,286.15,2.24,N,2
23.68119,86.39639,321.44,0.39,0.36,2026-01-01,1951,N20,VIIRS,n,2,293.27,1.37,N,2
23.76067,85.86066,307.2,0.4,0.37,2026-01-01,1951,N20,VIIRS,n,2,286.55,1.23,N,2
23.55129,87.24265,304.77,0.38,0.36,2026-01-01,1951,N20,VIIRS,n,2,288.71,1.14,N,3
23.5507,87.24639,310.31,0.38,0.36,2026-01-01,1951,N20,VIIRS,n,2,287.94,0.91,N,3
24.18685,82.65994,298.66,0.55,0.42,2026-01-01,1951,N20,VIIRS,n,2,284.65,1.14,N,0
23.8042,85.53678,299.19,0.41,0.37,2026-01-01,1951,N20,VIIRS,n,2,284.72,0.78,N,2
23.75845,85.85226,315.71,0.4,0.37,2026-01-01,1951,N20,VIIRS,n,2,289.3,1.24,N,2
23.75787,85.85619,302.11,0.4,0.37,2026-01-01,1951,N20,VIIRS,n,2,289.39,2.32,N,2
23.67845,86.39197,311.01,0.39,0.36,2026-01-01,1951,N20,VIIRS,n,2,286.16,1.3,N,2
23.67787,86.39579,315.14,0.39,0.36,2026-01-01,1951,N20,VIIRS,n,2,293.29,1.91,N,2
23.6773,86.3996,315.43,0.39,0.36,2026-01-01,1951,N20,VIIRS,n,2,293.06,1.91,N,2
23.67673,86.4034,299.31,0.39,0.36,2026-01-01,1951,N20,VIIRS,n,2,287.7,0.64,N,2
24.19347,82.57296,298.68,0.55,0.43,2026-01-01,1951,N20,VIIRS,n,2,284.44,0.89,N,2
24.18229,82.66476,296.4,0.55,0.42,2026-01-01,1951,N20,VIIRS,n,2,285.08,1.14,N,0
23.75508,85.85168,299.11,0.4,0.37,2026-01-01,1951,N20,VIIRS,n,2,288.44,1.24,N,0
23.67455,86.39519,308.4,0.39,0.36,2026-01-01,1951,N20,VIIRS,n,2,290.91,1.91,N,2
23.67341,86.40279,299.0,0.39,0.36,2026-01-01,1951,N20,VIIRS,n,2,288.77,0.64,N,2
23.61544,86.78485,299.01,0.39,0.36,2026-01-01,1951,N20,VIIRS,n,2,285.84,0.59,N,2
23.61487,86.78857,314.69,0.39,0.36,2026-01-01,1951,N20,VIIRS,n,2,289.32,1.95,N,2
24.1797,82.65343,301.26,0.55,0.42,2026-01-01,1951,N20,VIIRS,n,2,285.91,1.37,N,0
23.5626,87.08338,316.25,0.38,0.36,2026-01-01,1951,N20,VIIRS,n,2,288.14,1.9,N,2
24.16798,82.68456,298.23,0.55,0.42,2026-01-01,1951,N20,VIIRS,n,2,285.37,0.89,N,0
24.16733,82.68989,296.52,0.54,0.42,2026-01-01,1951,N20,VIIRS,n,2,285.72,0.97,N,0
23.78492,85.57419,299.0,0.41,0.37,2026-01-01,1951,N20,VIIRS,n,2,288.5,1.14,N,0
24.17912,82.5596,302.03,0.55,0.43,2026-01-01,1951,N20,VIIRS,n,2,284.37,0.97,N,0
23.78267,85.56564,298.57,0.41,0.37,2026-01-01,1951,N20,VIIRS,n,2,285.82,0.5,N,0
24.19305,82.5772,301.03,0.55,0.43,2026-01-01,1951,N20,VIIRS,n,2,286.01,0.95,N,2
23.78244,85.56264,306.91,0.41,0.37,2026-01-01,1951,N20,VIIRS,n,2,284.97,1.32,N,0
23.78186,85.56661,303.54,0.41,0.37,2026-01-01,1951,N20,VIIRS,n,2,287.89,1.32,N,0
24.17948,82.65202,302.37,0.55,0.42,2026-01-01,1951,N20,VIIRS,n,2,286.05,1.09,N,0
24.16687,82.68842,306.44,0.54,0.42,2026-01-01,1951,N20,VIIRS,n,2,285.74,1.57,N,0
23.51148,87.27808,314.01,0.38,0.36,2026-01-01,1951,N20,VIIRS,n,2,286.59,1.25,N,2
24.17948,82.55835,302.72,0.55,0.43,2026-01-01,1951,N20,VIIRS,n,2,284.39,1.08,N,0
23.68285,86.09478,328.28,0.4,0.37,2026-01-01,1951,N20,VIIRS,n,2,285.99,1.65,N,2
23.68343,86.09093,300.39,0.4,0.37,2026-01-01,1951,N20,VIIRS,n,2,286.85,1.65,N,2
23.48694,87.36948,303.36,0.38,0.36,2026-01-01,1951,N20,VIIRS,n,2,288.05,1.38,N,2
23.67893,86.09805,300.96,0.4,0.37,2026-01-01,1951,N20,VIIRS,n,2,285.95,0.91,N,2
23.58379,86.72557,298.74,0.39,0.36,2026-01-01,1951,N20,VIIRS,n,2,284.92,0.44,N,0
23.48482,87.36141,318.57,0.38,0.36,2026-01-01,1951,N20,VIIRS,n,2,286.4,1.32,N,2
23.67962,86.07049,296.26,0.4,0.37,2026-01-01,1951,N20,VIIRS,n,2,285.72,0.51,N,0
23.67732,86.08591,314.2,0.4,0.37,2026-01-01,1951,N20,VIIRS,n,2,289.31,2.3,N,2
23.67214,86.12057,319.17,0.4,0.37,2026-01-01,1951,N20,VIIRS,n,2,284.47,1.35,N,2
23.48271,87.35336,297.07,0.38,0.36,2026-01-01,1951,N20,VIIRS,n,2,285.26,0.61,N,2
23.48153,87.3608,307.66,0.38,0.36,2026-01-01,1951,N20,VIIRS,n,2,286.35,1.77,N,2
24.14695,82.65797,313.09,0.55,0.42,2026-01-01,1951,N20,VIIRS,n,2,284.85,1.45,N,0
23.8396,84.9481,297.97,0.43,0.38,2026-01-01,1951,N20,VIIRS,n,2,284.76,1.35,N,2
24.1383,82.69499,309.02,0.54,0.42,2026-01-01,1951,N20,VIIRS,n,2,285.9,1.43,N,0
23.66948,86.09245,305.14,0.4,0.37,2026-01-01,1951,N20,VIIRS,n,2,286.63,1.15,N,2
23.51124,87.12833,295.54,0.38,0.36,2026-01-01,1951,N20,VIIRS,n,2,283.38,0.36,N,0
24.14187,82.63524,322.5,0.55,0.43,2026-01-01,1951,N20,VIIRS,n,2,285.86,3.39,N,2
23.63234,86.2945,301.5,0.39,0.36,2026-01-01,1951,N20,VIIRS,n,2,286.14,0.83,N,2
23.62958,86.29009,329.33,0.39,0.36,2026-01-01,1951,N20,VIIRS,n,2,286.26,3.37,N,2
23.74588,85.50333,306.79,0.41,0.37,2026-01-01,1951,N20,VIIRS,n,2,282.56,0.79,N,2
24.13218,82.61746,297.35,0.55,0.43,2026-01-01,1951,N20,VIIRS,n,2,285.24,0.47,N,0
23.80859,84.84023,314.85,0.43,0.38,2026-01-01,1951,N20,VIIRS,n,2,284.9,1.35,N,2
23.80801,84.84442,300.72,0.43,0.38,2026-01-01,1951,N20,VIIRS,n,2,283.92,1.35,N,2
23.54683,86.54459,295.72,0.39,0.36,2026-01-01,1951,N20,VIIRS,n,2,284.44,0.63,N,2
23.82753,84.57341,324.97,0.44,0.38,2026-01-01,1951,N20,VIIRS,n,2,286.78,2.46,N,0
23.71104,85.28414,303.29,0.41,0.37,2026-01-01,1951,N20,VIIRS,n,2,285.07,0.83,N,0
23.69873,85.36876,303.76,0.41,0.37,2026-01-01,1951,N20,VIIRS,n,2,284.35,0.8,N,0
23.69532,85.36817,296.43,0.41,0.37,2026-01-01,1951,N20,VIIRS,n,2,285.52,0.76,N,0
23.74018,85.00881,302.23,0.42,0.38,2026-01-01,1951,N20,VIIRS,n,2,287.23,1.01,N,2
23.73732,85.00413,297.37,0.42,0.38,2026-01-01,1951,N20,VIIRS,n,2,281.89,0.51,N,2
23.73673,85.00824,295.44,0.42,0.38,2026-01-01,1951,N20,VIIRS,n,2,284.88,1.01,N,2
23.69679,85.2858,297.33,0.41,0.37,2026-01-01,1951,N20,VIIRS,n,2,285.52,0.73,N,2
23.6962,85.28984,295.84,0.41,0.37,2026-01-01,1951,N20,VIIRS,n,2,285.44,0.73,N,2
23.65791,85.50519,299.69,0.41,0.37,2026-01-01,1951,N20,VIIRS,n,2,284.12,0.99,N,2
23.65733,85.50917,307.36,0.41,0.37,2026-01-01,1951,N20,VIIRS,n,2,285.61,1.02,N,2
23.71889,85.00944,303.22,0.42,0.38,2026-01-01,1951,N20,VIIRS,n,2,283.49,0.8,N,2
23.65079,85.43446,297.65,0.41,0.37,2026-01-01,1951,N20,VIIRS,n,2,284.98,1.61,N,2
23.65021,85.43845,300.3,0.41,0.37,2026-01-01,1951,N20,VIIRS,n,2,286.0,1.61,N,2
23.64681,85.43786,333.68,0.41,0.37,2026-01-01,1951,N20,VIIRS,n,2,287.62,1.61,N,2
23.60194,85.69818,297.14,0.4,0.37,2026-01-01,1951,N20,VIIRS,n,2,282.96,0.16,N,0
23.64239,85.3961,295.58,0.41,0.37,2026-01-01,1951,N20,VIIRS,n,2,283.6,0.38,N,2
23.66768,84.99657,305.25,0.42,0.38,2026-01-01,1951,N20,VIIRS,n,2,284.23,1.3,N,2
23.66423,84.99599,295.25,0.42,0.38,2026-01-01,1951,N20,VIIRS,n,2,281.47,0.76,N,0
23.66365,85.00009,307.41,0.42,0.38,2026-01-01,1951,N20,VIIRS,n,2,284.8,0.76,N,2
22.53879,91.69691,300.07,0.53,0.42,2026-01-01,1951,N20,VIIRS,n,2,285.67,0.84,N,2
22.53785,91.70187,303.11,0.53,0.42,2026-01-01,1951,N20,VIIRS,n,2,287.07,1.23,N,2
22.53543,91.69949,311.96,0.53,0.42,2026-01-01,1951,N20,VIIRS,n,2,286.22,1.74,N,2
22.47386,91.73351,301.41,0.53,0.42,2026-01-01,1951,N20,VIIRS,n,2,288.14,0.95,N,2
24.66121,74.63188,297.24,0.58,0.7,2026-01-01,1951,N20,VIIRS,n,2,286.19,1.79,N,2
23.14836,87.52991,305.18,0.38,0.36,2026-01-01,1951,N20,VIIRS,n,2,285.85,0.74,N,0
23.26515,85.75134,301.36,0.4,0.37,2026-01-01,1951,N20,VIIRS,n,2,287.3,1.08,N,0
22.75129,88.32085,304.91,0.39,0.36,2026-01-01,1951,N20,VIIRS,n,2,286.24,0.72,N,0
22.91177,86.07404,296.34,0.39,0.36,2026-01-01,1951,N20,VIIRS,n,2,285.26,0.47,N,2
22.87569,86.06382,304.86,0.39,0.36,2026-01-01,1951,N20,VIIRS,n,2,286.96,0.7,N,2
22.85628,86.05651,304.02,0.39,0.36,2026-01-01,1951,N20,VIIRS,n,2,285.96,1.07,N,2
22.79683,86.20637,297.71,0.39,0.36,2026-01-01,1951,N20,VIIRS,n,2,287.54,0.61,N,2
22.81187,86.08459,300.22,0.39,0.36,2026-01-01,1951,N20,VIIRS,n,2,289.82,0.74,N,2
22.8113,86.08838,302.8,0.39,0.36,2026-01-01,1951,N20,VIIRS,n,2,288.49,0.74,N,2
22.79294,86.20956,304.24,0.39,0.36,2026-01-01,1951,N20,VIIRS,n,2,287.99,0.61,N,2
22.79191,86.19386,303.17,0.39,0.36,2026-01-01,1951,N20,VIIRS,n,2,289.39,1.0,N,2
22.79134,86.19765,306.5,0.39,0.36,2026-01-01,1951,N20,VIIRS,n,2,292.06,1.61,N,2
22.79019,86.20521,308.8,0.39,0.36,2026-01-01,1951,N20,VIIRS,n,2,290.06,0.96,N,2
22.78962,86.20898,306.53,0.39,0.36,2026-01-01,1951,N20,VIIRS,n,2,289.29,0.96,N,2
22.78802,86.19706,302.68,0.39,0.36,2026-01-01,1951,N20,VIIRS,n,2,289.3,1.61,N,2
22.78687,86.20463,303.38,0.39,0.36,2026-01-01,1951,N20,VIIRS,n,2,289.64,0.96,N,2
22.80074,86.09042,305.46,0.39,0.36,2026-01-01,1951,N20,VIIRS,n,2,290.74,1.09,N,2
22.78355,86.20404,300.12,0.39,0.36,2026-01-01,1951,N20,VIIRS,n,2,289.47,0.67,N,2
22.47669,88.00227,297.33,0.39,0.36,2026-01-01,1951,N20,VIIRS,n,2,286.23,0.37,N,0
22.78611,86.0059,295.07,0.39,0.36,2026-01-01,1951,N20,VIIRS,n,2,284.64,0.38,N,0
23.16935,82.34071,300.08,0.55,0.43,2026-01-01,1951,N20,VIIRS,n,2,286.73,0.97,N,2
23.16544,82.34007,323.17,0.55,0.43,2026-01-01,1951,N20,VIIRS,n,2,288.14,3.6,N,2
23.1661,82.33472,312.86,0.55,0.43,2026-01-01,1951,N20,VIIRS,n,2,286.84,2.8,N,2
22.61054,85.91062,297.47,0.39,0.37,2026-01-01,1951,N20,VIIRS,n,2,285.66,0.59,N,0
22.60997,85.91443,296.99,0.39,0.37,2026-01-01,1951,N20,VIIRS,n,2,286.54,0.59,N,0
22.38779,87.28617,302.08,0.38,0.36,2026-01-01,1951,N20,VIIRS,n,2,287.36,0.8,N,2
22.59443,85.9039,296.39,0.39,0.37,2026-01-01,1951,N20,VIIRS,n,2,285.88,0.49,N,2
22.38062,87.28867,317.12,0.38,0.36,2026-01-01,1951,N20,VIIRS,n,2,287.69,1.34,N,2
22.37909,87.27696,326.37,0.38,0.36,2026-01-01,1951,N20,VIIRS,n,2,291.34,2.95,N,2
22.3785,87.28065,320.21,0.38,0.36,2026-01-01,1951,N20,VIIRS,n,2,290.97,2.66,N,2
22.59109,85.90332,304.09,0.39,0.37,2026-01-01,1951,N20,VIIRS,n,2,286.88,1.25,N,2
22.36898,87.29795,306.71,0.38,0.36,2026-01-01,1951,N20,VIIRS,n,2,289.54,1.79,N,2
22.36839,87.30165,304.34,0.38,0.36,2026-01-01,1951,N20,VIIRS,n,2,289.99,1.94,N,2
22.3651,87.30105,331.09,0.38,0.36,2026-01-01,1951,N20,VIIRS,n,2,292.51,1.94,N,2
22.57497,85.89661,325.59,0.39,0.37,2026-01-01,1951,N20,VIIRS,n,2,290.39,2.75,N,0
22.57554,85.8928,300.14,0.39,0.37,2026-01-01,1951,N20,VIIRS,n,2,288.48,1.13,N,0
22.36028,87.28874,304.57,0.38,0.36,2026-01-01,1951,N20,VIIRS,n,2,288.19,0.83,N,2
22.35969,87.29243,300.87,0.38,0.36,2026-01-01,1951,N20,VIIRS,n,2,287.99,0.85,N,2
22.35699,87.28813,301.9,0.38,0.36,2026-01-01,1951,N20,VIIRS,n,2,287.96,0.62,N,2
22.36559,87.01593,315.18,0.38,0.36,2026-01-01,1951,N20,VIIRS,n,2,288.79,1.36,N,2
22.36501,87.01962,298.42,0.38,0.36,2026-01-01,1951,N20,VIIRS,n,2,287.21,0.97,N,2
22.36172,87.01902,315.41,0.38,0.36,2026-01-01,1951,N20,VIIRS,n,2,289.98,0.97,N,2
22.05523,88.12239,307.56,0.39,0.36,2026-01-01,1951,N20,VIIRS,n,2,293.76,1.02,N,2
22.05461,88.12615,306.24,0.39,0.36,2026-01-01,1951,N20,VIIRS,n,2,293.26,1.15,N,2
22.05129,88.12553,301.3,0.39,0.36,2026-01-01,1951,N20,VIIRS,n,2,288.18,0.65,N,2
22.04419,88.08539,296.94,0.39,0.36,2026-01-01,1951,N20,VIIRS,n,2,286.01,0.57,N,0
22.03485,88.07975,302.54,0.39,0.36,2026-01-01,1951,N20,VIIRS,n,2,286.3,0.43,N,0
21.94039,87.71943,296.58,0.39,0.36,2026-01-01,1951,N20,VIIRS,n,2,284.21,0.39,N,0
22.16921,85.43709,297.97,0.4,0.37,2026-01-01,1951,N20,VIIRS,n,2,283.65,0.37,N,2
22.13786,85.41583,303.36,0.4,0.37,2026-01-01,1951,N20,VIIRS,n,2,283.3,0.74,N,2
22.21409,84.87064,307.87,0.42,0.37,2026-01-01,1951,N20,VIIRS,n,2,288.76,1.92,N,2
22.21473,84.84188,325.3,0.42,0.37,2026-01-01,1951,N20,VIIRS,n,2,288.16,2.32,N,2
22.21241,84.85799,299.36,0.42,0.37,2026-01-01,1951,N20,VIIRS,n,2,286.82,0.47,N,2
22.21183,84.86202,308.69,0.42,0.37,2026-01-01,1951,N20,VIIRS,n,2,289.91,2.16,N,2
22.20951,84.87811,301.65,0.42,0.37,2026-01-01,1951,N20,VIIRS,n,2,286.97,1.1,N,2
22.13112,85.4147,297.77,0.4,0.37,2026-01-01,1951,N20,VIIRS,n,2,283.29,0.46,N,2
22.13054,85.41859,295.17,0.4,0.37,2026-01-01,1951,N20,VIIRS,n,2,282.62,0.46,N,2
20.29513,95.63954,300.52,0.34,0.56,2026-01-01,1951,N20,VIIRS,n,2,289.99,0.78,N,0
22.22408,84.75238,298.72,0.42,0.38,2026-01-01,1951,N20,VIIRS,n,2,287.85,1.19,N,2
22.2084,84.86144,305.82,0.42,0.37,2026-01-01,1951,N20,VIIRS,n,2,289.11,1.31,N,2
22.20724,84.8695,319.05,0.42,0.37,2026-01-01,1951,N20,VIIRS,n,2,287.64,1.46,N,2
22.13234,85.3831,301.46,0.4,0.37,2026-01-01,1951,N20,VIIRS,n,2,283.51,0.49,N,2
22.22005,84.75587,297.67,0.42,0.38,2026-01-01,1951,N20,VIIRS,n,2,287.41,1.33,N,2
22.21661,84.7553,301.81,0.42,0.38,2026-01-01,1951,N20,VIIRS,n,2,286.46,0.72,N,2
22.21047,84.54928,297.99,0.43,0.38,2026-01-01,1951,N20,VIIRS,n,2,286.49,0.87,N,0
22.20296,84.57751,297.6,0.43,0.38,2026-01-01,1951,N20,VIIRS,n,2,286.65,0.56,N,2
22.05638,85.46616,298.85,0.4,0.37,2026-01-01,1951,N20,VIIRS,n,2,284.43,0.49,N,2
22.05302,85.46558,300.69,0.4,0.37,2026-01-01,1951,N20,VIIRS,n,2,283.17,0.54,N,2
21.97046,85.31351,300.62,0.4,0.37,2026-01-01,1951,N20,VIIRS,n,2,283.59,0.54,N,2
22.10007,84.37692,295.71,0.43,0.38,2026-01-01,1951,N20,VIIRS,n,2,284.87,0.33,N,2
22.33235,82.60443,303.47,0.52,0.42,2026-01-01,1951,N20,VIIRS,n,2,288.64,1.05,N,2
22.32304,82.67508,300.43,0.52,0.41,2026-01-01,1951,N20,VIIRS,n,2,287.92,0.66,N,0
22.32671,82.58802,312.88,0.52,0.42,2026-01-01,1951,N20,VIIRS,n,2,289.37,1.79,N,2
22.35984,82.30296,304.04,0.54,0.42,2026-01-01,1951,N20,VIIRS,n,2,288.24,1.62,N,2
22.32354,82.58242,309.17,0.52,0.42,2026-01-01,1951,N20,VIIRS,n,2,288.85,1.79,N,0
22.32385,82.52009,319.41,0.53,0.42,2026-01-01,1951,N20,VIIRS,n,2,288.11,3.03,N,0
22.31803,82.53484,303.8,0.53,0.42,2026-01-01,1951,N20,VIIRS,n,2,288.77,2.47,N,2
22.31684,82.51379,299.26,0.53,0.42,2026-01-01,1951,N20,VIIRS,n,2,286.68,1.71,N,0
22.31618,82.51891,308.26,0.53,0.42,2026-01-01,1951,N20,VIIRS,n,2,288.34,2.85,N,2
22.31169,82.52342,306.93,0.53,0.42,2026-01-01,1951,N20,VIIRS,n,2,287.58,1.65,N,2
22.31102,82.52854,298.73,0.53,0.42,2026-01-01,1951,N20,VIIRS,n,2,287.21,0.8,N,2
21.93245,85.21941,300.87,0.41,0.37,2026-01-01,1951,N20,VIIRS,n,2,284.6,1.08,N,2
21.93188,85.22329,298.99,0.41,0.37,2026-01-01,1951,N20,VIIRS,n,2,283.63,0.95,N,2
21.92512,85.22212,313.14,0.41,0.37,2026-01-01,1951,N20,VIIRS,n,2,287.81,1.85,N,2
22.108,83.52437,299.28,0.47,0.4,2026-01-01,1951,N20,VIIRS,n,2,287.9,1.16,N,2
22.06461,83.70519,303.8,0.46,0.39,2026-01-01,1951,N20,VIIRS,n,2,285.13,1.47,N,0
22.04658,83.72947,310.46,0.46,0.39,2026-01-01,1951,N20,VIIRS,n,2,288.65,1.72,N,2
22.04597,83.73389,315.16,0.46,0.39,2026-01-01,1951,N20,VIIRS,n,2,293.45,1.72,N,2
22.04299,83.72891,348.08,0.46,0.39,2026-01-01,1951,N20,VIIRS,n,2,297.0,7.38,N,2
22.04239,83.73333,356.17,0.46,0.39,2026-01-01,1951,N20,VIIRS,n,2,302.76,7.38,N,2
22.04178,83.73775,309.84,0.46,0.39,2026-01-01,1951,N20,VIIRS,n,2,293.39,1.98,N,2
22.04117,83.74216,306.34,0.46,0.39,2026-01-01,1951,N20,VIIRS,n,2,290.94,1.98,N,2
22.0394,83.72836,331.09,0.46,0.39,2026-01-01,1951,N20,VIIRS,n,2,289.27,7.38,N,2
22.0388,83.73279,316.34,0.46,0.39,2026-01-01,1951,N20,VIIRS,n,2,290.83,7.38,N,2
22.03819,83.73721,314.26,0.46,0.39,2026-01-01,1951,N20,VIIRS,n,2,287.66,1.98,N,2
22.0298,83.74492,299.27,0.46,0.39,2026-01-01,1951,N20,VIIRS,n,2,286.93,1.3,N,2
22.01844,83.74765,300.62,0.46,0.39,2026-01-01,1951,N20,VIIRS,n,2,286.51,0.66,N,0
22.01725,83.7564,303.15,0.46,0.39,2026-01-01,1951,N20,VIIRS,n,2,287.47,1.32,N,0
22.08839,83.11456,309.33,0.49,0.4,2026-01-01,1951,N20,VIIRS,n,2,287.51,1.21,N,0
21.83155,84.92832,296.93,0.41,0.37,2026-01-01,1951,N20,VIIRS,n,2,286.7,0.57,N,0
22.03857,83.35019,319.28,0.48,0.4,2026-01-01,1951,N20,VIIRS,n,2,289.58,3.03,N,2
22.03431,83.3542,298.51,0.48,0.4,2026-01-01,1951,N20,VIIRS,n,2,287.12,0.81,N,2
22.0331,83.36335,303.33,0.48,0.4,2026-01-01,1951,N20,VIIRS,n,2,287.95,2.0,N,2
21.53098,86.83388,304.37,0.38,0.36,2026-01-01,1951,N20,VIIRS,n,2,289.0,0.57,N,2
22.18723,82.12373,297.16,0.55,0.43,2026-01-01,1951,N20,VIIRS,n,2,285.88,0.68,N,0
22.03891,83.34829,313.43,0.48,0.4,2026-01-01,1951,N20,VIIRS,n,2,287.14,1.47,N,2
22.03828,83.35289,302.86,0.48,0.4,2026-01-01,1951,N20,VIIRS,n,2,288.92,2.91,N,2
22.03337,83.36146,302.74,0.48,0.4,2026-01-01,1951,N20,VIIRS,n,2,288.27,0.91,N,2
22.03274,83.36603,300.83,0.48,0.4,2026-01-01,1951,N20,VIIRS,n,2,287.97,0.91,N,2
21.80324,84.92906,296.43,0.41,0.37,2026-01-01,1951,N20,VIIRS,n,2,285.63,0.49,N,0
22.02127,83.34076,297.68,0.48,0.4,2026-01-01,1951,N20,VIIRS,n,2,285.88,0.35,N,0
22.0079,83.32928,296.85,0.48,0.4,2026-01-01,1951,N20,VIIRS,n,2,285.96,0.45,N,0
22.15486,82.09596,299.49,0.56,0.43,2026-01-01,1951,N20,VIIRS,n,2,287.36,0.63,N,0
21.89997,83.97986,297.11,0.45,0.39,2026-01-01,1951,N20,VIIRS,n,2,286.01,0.39,N,0
21.98742,83.23122,304.16,0.48,0.4,2026-01-01,1951,N20,VIIRS,n,2,289.12,1.21,N,2
21.98375,83.23064,302.75,0.48,0.4,2026-01-01,1951,N20,VIIRS,n,2,287.52,1.21,N,2
21.85865,83.96444,305.15,0.45,0.39,2026-01-01,1951,N20,VIIRS,n,2,288.15,1.27,N,2
21.93172,83.34065,300.14,0.48,0.4,2026-01-01,1951,N20,VIIRS,n,2,288.55,0.81,N,0
21.84153,83.98366,299.42,0.45,0.39,2026-01-01,1951,N20,VIIRS,n,2,287.58,0.7,N,0
21.9232,83.34869,319.62,0.48,0.4,2026-01-01,1951,N20,VIIRS,n,2,292.28,3.05,N,2
21.93156,83.34312,301.77,0.48,0.4,2026-01-01,1952,N20,VIIRS,n,2,289.19,4.08,N,2
21.84228,83.98121,300.05,0.45,0.39,2026-01-01,1952,N20,VIIRS,n,2,287.97,0.83,N,0
21.92363,83.34655,299.02,0.48,0.4,2026-01-01,1952,N20,VIIRS,n,2,288.37,1.75,N,2
21.923,83.35114,317.53,0.48,0.4,2026-01-01,1952,N20,VIIRS,n,2,293.1,1.75,N,2
21.91935,83.35056,310.98,0.48,0.4,2026-01-01,1952,N20,VIIRS,n,2,290.48,1.75,N,2
22.00733,82.67274,301.6,0.51,0.41,2026-01-01,1952,N20,VIIRS,n,2,287.03,1.6,N,0
22.00421,82.66714,306.04,0.52,0.41,2026-01-01,1952,N20,VIIRS,n,2,288.89,1.6,N,2
21.82217,83.9955,302.1,0.44,0.39,2026-01-01,1952,N20,VIIRS,n,2,288.05,1.0,N,2
21.88033,83.55281,304.64,0.46,0.39,2026-01-01,1952,N20,VIIRS,n,2,286.87,1.34,N,2
21.81863,83.99493,304.7,0.44,0.39,2026-01-01,1952,N20,VIIRS,n,2,287.71,1.02,N,2
21.87735,83.54774,300.59,0.47,0.39,2026-01-01,1952,N20,VIIRS,n,2,286.75,1.13,N,0
21.87692,83.49709,298.14,0.47,0.4,2026-01-01,1952,N20,VIIRS,n,2,287.39,0.71,N,2
21.79448,83.98666,302.29,0.44,0.39,2026-01-01,1952,N20,VIIRS,n,2,286.9,1.06,N,2
21.7685,84.01748,316.94,0.44,0.39,2026-01-01,1952,N20,VIIRS,n,2,291.61,3.31,N,2
21.76497,84.01691,309.11,0.44,0.39,2026-01-01,1952,N20,VIIRS,n,2,290.63,1.3,N,2
21.76438,84.02119,303.99,0.44,0.39,2026-01-01,1952,N20,VIIRS,n,2,290.17,1.3,N,2
21.76085,84.02061,301.25,0.44,0.39,2026-01-01,1952,N20,VIIRS,n,2,290.45,1.3,N,2
21.75672,84.02432,310.66,0.44,0.39,2026-01-01,1952,N20,VIIRS,n,2,291.44,1.78,N,2
21.7793,83.83428,315.95,0.45,0.39,2026-01-01,1952,N20,VIIRS,n,2,288.29,2.35,N,2
21.77633,83.82939,301.18,0.45,0.39,2026-01-01,1952,N20,VIIRS,n,2,288.8,1.24,N,2
21.77276,83.82883,311.06,0.45,0.39,2026-01-01,1952,N20,VIIRS,n,2,290.12,1.24,N,2
21.74908,83.97501,301.9,0.44,0.39,2026-01-01,1952,N20,VIIRS,n,2,287.84,0.83,N,0
21.76269,83.84933,299.79,0.45,0.39,2026-01-01,1952,N20,VIIRS,n,2,287.63,0.85,N,0
21.76031,83.84009,299.78,0.45,0.39,2026-01-01,1952,N20,VIIRS,n,2,288.12,1.46,N,2
21.7373,83.9818,299.27,0.44,0.39,2026-01-01,1952,N20,VIIRS,n,2,288.68,0.65,N,2
21.73377,83.98122,305.97,0.44,0.39,2026-01-01,1952,N20,VIIRS,n,2,290.0,1.33,N,2
21.73429,83.97829,297.28,0.44,0.39,2026-01-01,1952,N20,VIIRS,n,2,286.15,1.36,N,2
21.74311,83.83888,322.66,0.45,0.39,2026-01-01,1952,N20,VIIRS,n,2,289.07,3.3,N,0
21.71462,84.04056,301.85,0.44,0.38,2026-01-01,1952,N20,VIIRS,n,2,287.44,0.88,N,2
21.73895,83.84265,303.81,0.45,0.39,2026-01-01,1952,N20,VIIRS,n,2,288.44,0.71,N,0
21.6823,84.03967,303.76,0.44,0.38,2026-01-01,1952,N20,VIIRS,n,2,289.81,1.72,N,2
21.67877,84.03911,324.75,0.44,0.38,2026-01-01,1952,N20,VIIRS,n,2,291.66,1.72,N,2
21.67525,84.03855,297.92,0.44,0.38,2026-01-01,1952,N20,VIIRS,n,2,287.22,1.41,N,2
21.80296,82.03902,306.29,0.55,0.43,2026-01-01,1952,N20,VIIRS,n,2,289.43,1.58,N,2
21.73217,82.21478,300.88,0.54,0.42,2026-01-01,1952,N20,VIIRS,n,2,288.99,1.08,N,2
21.67436,82.07755,304.43,0.55,0.43,2026-01-01,1952,N20,VIIRS,n,2,289.47,1.5,N,2
21.0006,86.02377,306.41,0.39,0.36,2026-01-01,1952,N20,VIIRS,n,2,287.95,1.2,N,2
20.99892,86.01221,307.02,0.39,0.36,2026-01-01,1952,N20,VIIRS,n,2,288.41,1.17,N,2
20.99504,86.01534,299.49,0.39,0.36,2026-01-01,1952,N20,VIIRS,n,2,287.36,0.99,N,2
20.83687,86.96091,319.22,0.38,0.36,2026-01-01,1952,N20,VIIRS,n,2,289.19,2.01,N,0
20.8297,86.96339,328.78,0.38,0.36,2026-01-01,1952,N20,VIIRS,n,2,291.83,2.92,N,0
20.97632,86.00447,314.99,0.39,0.36,2026-01-01,1952,N20,VIIRS,n,2,288.93,1.18,N,2
20.97301,86.0039,317.65,0.39,0.36,2026-01-01,1952,N20,VIIRS,n,2,291.32,1.28,N,2
20.9697,86.00333,309.73,0.39,0.36,2026-01-01,1952,N20,VIIRS,n,2,291.36,1.28,N,2
20.96856,86.01073,308.91,0.39,0.36,2026-01-01,1952,N20,VIIRS,n,2,292.11,2.72,N,2
20.96525,86.01015,330.56,0.39,0.36,2026-01-01,1952,N20,VIIRS,n,2,294.54,2.8,N,2
20.96639,86.00275,302.45,0.39,0.36,2026-01-01,1952,N20,VIIRS,n,2,291.44,2.23,N,2
20.96582,86.00645,305.11,0.39,0.36,2026-01-01,1952,N20,VIIRS,n,2,290.49,2.23,N,2
20.96469,86.01385,305.86,0.39,0.36,2026-01-01,1952,N20,VIIRS,n,2,289.13,2.8,N,2
20.96251,86.00588,329.3,0.39,0.36,2026-01-01,1952,N20,VIIRS,n,2,290.74,2.23,N,2
22.26458,75.13054,300.64,0.51,0.66,2026-01-01,1952,N20,VIIRS,n,2,287.12,0.98,N,2
20.96194,86.00958,301.61,0.39,0.36,2026-01-01,1952,N20,VIIRS,n,2,289.98,2.8,N,2
20.96137,86.01328,299.78,0.39,0.36,2026-01-01,1952,N20,VIIRS,n,2,287.87,2.8,N,2
20.95295,86.04601,319.76,0.39,0.36,2026-01-01,1952,N20,VIIRS,n,2,289.14,1.33,N,2
20.95238,86.0497,317.33,0.39,0.36,2026-01-01,1952,N20,VIIRS,n,2,291.58,1.33,N,2
20.94907,86.04911,305.79,0.39,0.36,2026-01-01,1952,N20,VIIRS,n,2,289.29,1.33,N,2
20.94075,86.05904,301.44,0.39,0.36,2026-01-01,1952,N20,VIIRS,n,2,290.26,0.84,N,2
21.08055,85.03815,331.78,0.4,0.37,2026-01-01,1952,N20,VIIRS,n,2,293.88,3.88,N,2
22.36906,73.10688,299.33,0.69,0.74,2026-01-01,1952,N20,VIIRS,n,2,285.75,3.03,N,0
21.08111,85.03429,317.98,0.4,0.37,2026-01-01,1952,N20,VIIRS,n,2,292.11,4.05,N,2
21.07998,85.04204,306.08,0.4,0.37,2026-01-01,1952,N20,VIIRS,n,2,288.71,3.88,N,2
21.07716,85.03759,312.62,0.4,0.37,2026-01-01,1952,N20,VIIRS,n,2,292.06,1.2,N,2
21.0766,85.04147,298.31,0.4,0.37,2026-01-01,1952,N20,VIIRS,n,2,287.99,1.2,N,2
21.07321,85.04092,308.52,0.4,0.37,2026-01-01,1952,N20,VIIRS,n,2,288.58,1.2,N,2
21.48946,81.76766,306.54,0.57,0.43,2026-01-01,1952,N20,VIIRS,n,2,287.47,2.41,N,2
21.48721,81.76609,310.01,0.57,0.43,2026-01-01,1952,N20,VIIRS,n,2,288.69,1.18,N,2
22.3688,73.10769,300.21,0.69,0.74,2026-01-01,1952,N20,VIIRS,n,2,286.04,3.34,N,0
20.98285,85.12946,300.36,0.4,0.37,2026-01-01,1952,N20,VIIRS,n,2,288.76,0.93,N,2
20.98171,85.13715,301.46,0.4,0.37,2026-01-01,1952,N20,VIIRS,n,2,290.19,0.77,N,2
20.97714,85.16787,301.25,0.4,0.37,2026-01-01,1952,N20,VIIRS,n,2,289.25,1.1,N,2
20.97657,85.17171,306.87,0.4,0.37,2026-01-01,1952,N20,VIIRS,n,2,290.95,1.79,N,2
20.976,85.17555,301.03,0.4,0.37,2026-01-01,1952,N20,VIIRS,n,2,288.26,1.79,N,2
20.97263,85.175,335.24,0.4,0.37,2026-01-01,1952,N20,VIIRS,n,2,292.92,1.79,N,2
20.9789,85.13274,304.24,0.4,0.37,2026-01-01,1952,N20,VIIRS,n,2,289.61,0.77,N,2
20.97833,85.13658,300.09,0.4,0.37,2026-01-01,1952,N20,VIIRS,n,2,289.59,0.77,N,2
20.97206,85.17884,299.38,0.4,0.37,2026-01-01,1952,N20,VIIRS,n,2,288.43,1.19,N,2
20.96984,85.17059,327.73,0.4,0.37,2026-01-01,1952,N20,VIIRS,n,2,291.54,3.34,N,2
20.96927,85.17443,334.13,0.4,0.37,2026-01-01,1952,N20,VIIRS,n,2,292.58,3.34,N,2
20.9687,85.17828,303.29,0.4,0.37,2026-01-01,1952,N20,VIIRS,n,2,288.69,1.52,N,2
20.96875,85.15466,323.49,0.4,0.37,2026-01-01,1952,N20,VIIRS,n,2,290.18,1.8,N,2
20.96363,85.18919,334.65,0.4,0.37,2026-01-01,1952,N20,VIIRS,n,2,294.99,2.53,N,2
20.9733,85.12392,299.53,0.4,0.37,2026-01-01,1952,N20,VIIRS,n,2,289.52,0.73,N,2
20.96761,85.16235,300.89,0.4,0.37,2026-01-01,1952,N20,VIIRS,n,2,289.94,1.67,N,2
20.96476,85.18154,319.27,0.4,0.37,2026-01-01,1952,N20,VIIRS,n,2,290.95,1.52,N,2
20.96419,85.18537,304.75,0.4,0.37,2026-01-01,1952,N20,VIIRS,n,2,290.55,2.53,N,2
20.96253,85.17331,325.88,0.4,0.37,2026-01-01,1952,N20,VIIRS,n,2,291.39,2.23,N,2
20.96424,85.16179,302.42,0.4,0.37,2026-01-01,1952,N20,VIIRS,n,2,290.19,0.93,N,2
20.96367,85.16562,306.17,0.4,0.37,2026-01-01,1952,N20,VIIRS,n,2,291.67,0.93,N,2
20.9631,85.16946,311.61,0.4,0.37,2026-01-01,1952,N20,VIIRS,n,2,291.75,2.23,N,2
20.96083,85.18481,308.31,0.4,0.37,2026-01-01,1952,N20,VIIRS,n,2,293.21,1.72,N,2
20.96663,85.07548,310.42,0.4,0.37,2026-01-01,1952,N20,VIIRS,n,2,289.77,1.44,N,0
20.95641,85.14472,298.27,0.4,0.37,2026-01-01,1952,N20,VIIRS,n,2,288.05,0.43,N,0
20.96446,85.01967,298.96,0.4,0.37,2026-01-01,1952,N20,VIIRS,n,2,288.32,0.72,N,0
20.95883,85.0108,307.27,0.4,0.37,2026-01-01,1952,N20,VIIRS,n,2,289.56,2.35,N,2
21.39108,81.64421,305.58,0.38,0.44,2026-01-01,1952,N20,VIIRS,n,2,289.25,1.59,N,2
21.3782,81.68098,307.24,0.57,0.43,2026-01-01,1952,N20,VIIRS,n,2,289.95,1.92,N,2
21.37351,81.68594,299.65,0.57,0.43,2026-01-01,1952,N20,VIIRS,n,2,288.8,2.03,N,2
21.37558,81.63818,300.63,0.38,0.44,2026-01-01,1952,N20,VIIRS,n,2,287.61,1.06,N,2
21.37367,81.65301,303.93,0.38,0.43,2026-01-01,1952,N20,VIIRS,n,2,288.06,1.35,N,0
21.36569,81.65185,301.74,0.38,0.43,2026-01-01,1952,N20,VIIRS,n,2,289.65,1.33,N,2
21.34784,81.66431,309.63,0.38,0.43,2026-01-01,1952,N20,VIIRS,n,2,290.05,1.32,N,2
20.88942,84.97993,308.11,0.41,0.37,2026-01-01,1952,N20,VIIRS,n,2,288.06,2.28,N,2
20.88547,84.98324,334.99,0.41,0.37,2026-01-01,1952,N20,VIIRS,n,2,291.06,3.53,N,2
20.86741,84.9882,305.82,0.4,0.37,2026-01-01,1952,N20,VIIRS,n,2,289.56,1.44,N,2
20.86628,84.99587,306.59,0.4,0.37,2026-01-01,1952,N20,VIIRS,n,2,289.98,1.33,N,2
21.32611,81.57795,296.99,0.39,0.44,2026-01-01,1952,N20,VIIRS,n,2,286.45,0.52,N,0
20.86403,84.98761,302.73,0.4,0.37,2026-01-01,1952,N20,VIIRS,n,2,288.56,1.44,N,2
21.31224,81.59113,306.76,0.39,0.44,2026-01-01,1952,N20,VIIRS,n,2,288.83,1.18,N,2
20.80704,85.25703,322.32,0.4,0.37,2026-01-01,1952,N20,VIIRS,n,2,292.4,1.82,N,2
21.30239,81.60489,304.73,0.39,0.44,2026-01-01,1952,N20,VIIRS,n,2,287.74,0.59,N,2
21.29839,81.6043,309.86,0.39,0.44,2026-01-01,1952,N20,VIIRS,n,2,287.59,0.59,N,2
20.80368,85.25646,304.49,0.4,0.37,2026-01-01,1952,N20,VIIRS,n,2,288.78,1.82,N,2
21.29576,81.59252,300.14,0.39,0.44,2026-01-01,1952,N20,VIIRS,n,2,286.63,0.62,N,0
20.79976,85.2597,317.45,0.4,0.37,2026-01-01,1952,N20,VIIRS,n,2,289.61,0.92,N,2
20.7964,85.25915,301.78,0.4,0.37,2026-01-01,1952,N20,VIIRS,n,2,288.7,0.92,N,2
20.79417,85.25097,327.98,0.4,0.37,2026-01-01,1952,N20,VIIRS,n,2,287.63,4.21,N,2
20.79361,85.25478,325.95,0.4,0.37,2026-01-01,1952,N20,VIIRS,n,2,291.76,4.21,N,2
20.78857,85.2656,307.74,0.4,0.37,2026-01-01,1952,N20,VIIRS,n,2,288.96,1.04,N,2
20.7872,85.26221,306.24,0.4,0.37,2026-01-01,1952,N20,VIIRS,n,2,290.82,1.08,N,2
20.78662,85.26601,306.72,0.4,0.37,2026-01-01,1952,N20,VIIRS,n,2,290.54,1.28,N,2
20.77575,85.33811,305.42,0.4,0.37,2026-01-01,1952,N20,VIIRS,n,2,288.13,0.59,N,0
20.78442,85.25784,298.48,0.4,0.37,2026-01-01,1952,N20,VIIRS,n,2,288.27,1.08,N,2
21.29411,81.59298,304.56,0.39,0.44,2026-01-01,1952,N20,VIIRS,n,2,287.33,0.59,N,0
20.76194,85.29301,321.09,0.4,0.37,2026-01-01,1952,N20,VIIRS,n,2,292.02,2.39,N,2
20.76136,85.29681,331.85,0.4,0.37,2026-01-01,1952,N20,VIIRS,n,2,294.55,2.39,N,2
21.24231,81.38628,299.17,0.4,0.44,2026-01-01,1952,N20,VIIRS,n,2,288.76,0.58,N,2
21.19679,81.41586,310.67,0.39,0.44,2026-01-01,1952,N20,VIIRS,n,2,288.38,1.17,N,2
21.18804,81.38757,304.06,0.4,0.44,2026-01-01,1952,N20,VIIRS,n,2,290.37,1.31,N,2
21.18755,81.39137,301.85,0.4,0.44,2026-01-01,1952,N20,VIIRS,n,2,291.43,1.31,N,2
21.18447,81.38315,309.5,0.4,0.44,2026-01-01,1952,N20,VIIRS,n,2,289.94,1.54,N,2
21.19818,81.20835,301.38,0.41,0.45,2026-01-01,1952,N20,VIIRS,n,2,287.94,1.22,N,0
20.56872,85.73808,298.45,0.39,0.36,2026-01-01,1952,N20,VIIRS,n,2,288.02,0.7,N,0
20.5347,85.95998,298.54,0.39,0.36,2026-01-01,1952,N20,VIIRS,n,2,286.61,0.23,N,0
21.18999,81.20717,297.5,0.41,0.45,2026-01-01,1952,N20,VIIRS,n,2,287.2,1.41,N,2
21.23502,79.62724,303.37,0.51,0.49,2026-01-01,1952,N20,VIIRS,n,2,287.79,1.68,N,2
21.28345,79.14793,306.37,0.55,0.51,2026-01-01,1952,N20,VIIRS,n,2,286.45,1.26,N,0
20.24475,86.59776,305.07,0.38,0.36,2026-01-01,1952,N20,VIIRS,n,2,294.58,1.71,N,2
20.70493,78.61774,299.5,0.58,0.52,2026-01-01,1952,N20,VIIRS,n,2,288.47,1.15,N,2
20.69829,78.63391,301.85,0.58,0.52,2026-01-01,1952,N20,VIIRS,n,2,288.41,1.68,N,2
21.10851,72.63975,340.7,0.72,0.75,2026-01-01,1952,N20,VIIRS,n,2,289.24,9.91,N,2
21.10201,72.632,315.92,0.72,0.75,2026-01-01,1952,N20,VIIRS,n,2,288.43,3.12,N,2
21.1096,72.6449,320.05,0.72,0.75,2026-01-01,1952,N20,VIIRS,n,2,289.33,7.28,N,2
21.11068,72.63082,303.12,0.72,0.75,2026-01-01,1952,N20,VIIRS,n,2,288.86,3.56,N,2
21.11014,72.63789,318.92,0.72,0.75,2026-01-01,1952,N20,VIIRS,n,2,288.18,3.56,N,2
21.10368,72.63017,319.76,0.72,0.75,2026-01-01,1952,N20,VIIRS,n,2,287.83,3.56,N,2
20.13018,79.1088,299.13,0.53,0.5,2026-01-01,1952,N20,VIIRS,n,2,286.84,0.67,N,0
20.0054,79.18309,301.69,0.52,0.5,2026-01-01,1952,N20,VIIRS,n,2,289.1,1.24,N,0
19.96503,79.33372,308.2,0.51,0.49,2026-01-01,1952,N20,VIIRS,n,2,288.2,1.23,N,2
19.96428,79.33236,308.63,0.51,0.49,2026-01-01,1952,N20,VIIRS,n,2,288.48,1.3,N,2
19.97052,79.08484,307.69,0.53,0.5,2026-01-01,1952,N20,VIIRS,n,2,289.07,1.55,N,0
19.92882,79.12055,302.27,0.53,0.5,2026-01-01,1952,N20,VIIRS,n,2,289.08,1.24,N,0
19.1057,82.16472,314.63,0.51,0.41,2026-01-01,1952,N20,VIIRS,n,2,286.5,2.21,N,2
19.10506,82.16952,306.69,0.51,0.41,2026-01-01,1952,N20,VIIRS,n,2,287.61,1.74,N,2
19.09753,82.16841,306.15,0.51,0.41,2026-01-01,1952,N20,VIIRS,n,2,287.61,1.33,N,2
19.09377,82.16785,305.68,0.51,0.41,2026-01-01,1952,N20,VIIRS,n,2,288.97,1.33,N,2
19.53393,75.90749,300.28,0.42,0.61,2026-01-01,1952,N20,VIIRS,n,2,286.14,0.59,N,0
18.54249,83.34406,304.31,0.44,0.38,2026-01-01,1952,N20,VIIRS,n,2,291.34,0.64,N,0
18.72263,79.53786,313.69,0.48,0.48,2026-01-01,1953,N20,VIIRS,n,2,292.89,2.14,N,2
19.10593,73.05014,300.86,0.64,0.72,2026-01-01,1953,N20,VIIRS,n,2,288.44,0.56,N,2
17.97082,83.15067,302.35,0.44,0.39,2026-01-01,1953,N20,VIIRS,n,2,292.22,0.8,N,0
19.10268,73.04848,300.26,0.64,0.72,2026-01-01,1953,N20,VIIRS,n,2,288.87,0.81,N,2
17.61243,83.2057,305.23,0.44,0.38,2026-01-01,1953,N20,VIIRS,n,2,292.19,2.29,N,2
17.606,83.20049,317.22,0.44,0.38,2026-01-01,1953,N20,VIIRS,n,2,293.02,1.56,N,2
17.60249,83.19994,302.95,0.44,0.38,2026-01-01,1953,N20,VIIRS,n,2,292.15,1.56,N,2
18.46572,76.40002,297.12,0.38,0.59,2026-01-01,1953,N20,VIIRS,n,2,284.52,0.69,N,0
18.69482,73.03608,307.95,0.64,0.72,2026-01-01,1953,N20,VIIRS,n,2,290.76,3.64,N,2
18.69126,73.03384,301.98,0.64,0.72,2026-01-01,1953,N20,VIIRS,n,2,289.89,2.54,N,0
18.68514,73.02695,307.25,0.64,0.72,2026-01-01,1953,N20,VIIRS,n,2,290.09,2.4,N,2
18.17903,76.47795,310.31,0.37,0.58,2026-01-01,1953,N20,VIIRS,n,2,286.49,0.94,N,0
17.6627,80.4861,303.79,0.4,0.45,2026-01-01,1953,N20,VIIRS,n,2,292.49,0.77,N,0
17.46312,80.65431,311.02,0.39,0.44,2026-01-01,1953,N20,VIIRS,n,2,292.28,1.44,N,0
17.53689,75.34516,329.23,0.44,0.62,2026-01-01,1953,N20,VIIRS,n,2,287.55,2.58,N,0
16.35955,81.28423,301.4,0.53,0.42,2026-01-01,1953,N20,VIIRS,n,2,290.95,0.38,N,0
16.55665,77.32401,299.32,0.63,0.54,2026-01-01,1953,N20,VIIRS,n,2,285.45,1.79,N,0
15.96345,80.93847,303.59,0.54,0.42,2026-01-01,1953,N20,VIIRS,n,2,291.03,0.81,N,2
16.31679,75.01728,300.03,0.44,0.63,2026-01-01,1953,N20,VIIRS,n,2,286.27,0.69,N,0
16.03265,76.02518,314.2,0.38,0.58,2026-01-01,1953,N20,VIIRS,n,2,286.78,1.06,N,0
15.93056,75.38507,309.89,0.41,0.61,2026-01-01,1953,N20,VIIRS,n,2,282.97,0.83,N,0
15.93227,75.38535,310.22,0.41,0.61,2026-01-01,1953,N20,VIIRS,n,2,283.03,1.18,N,0
15.33658,76.28345,304.76,0.35,0.57,2026-01-01,1954,N20,VIIRS,n,2,290.2,1.03,N,2
15.30134,76.21838,299.69,0.36,0.57,2026-01-01,1954,N20,VIIRS,n,2,288.07,0.61,N,0
15.1749,77.09709,298.94,0.62,0.54,2026-01-01,1954,N20,VIIRS,n,2,286.51,1.39,N,0
15.30177,76.21862,300.73,0.36,0.57,2026-01-01,1954,N20,VIIRS,n,2,288.0,0.59,N,0
15.17826,77.10262,301.85,0.62,0.54,2026-01-01,1954,N20,VIIRS,n,2,287.02,2.3,N,2
15.17612,76.78493,303.13,0.33,0.55,2026-01-01,1954,N20,VIIRS,n,2,285.17,0.92,N,2
15.02624,78.01098,300.33,0.54,0.51,2026-01-01,1954,N20,VIIRS,n,2,286.5,0.76,N,2
15.65925,73.9845,305.08,0.51,0.66,2026-01-01,1954,N20,VIIRS,n,2,288.64,1.97,N,2
15.0256,78.01611,301.43,0.54,0.51,2026-01-01,1954,N20,VIIRS,n,2,288.9,1.13,N,2
15.18532,76.66412,328.03,0.33,0.55,2026-01-01,1954,N20,VIIRS,n,2,290.13,2.05,N,2
15.18496,76.6672,303.92,0.33,0.55,2026-01-01,1954,N20,VIIRS,n,2,290.48,2.05,N,2
15.18386,76.67648,304.02,0.33,0.55,2026-01-01,1954,N20,VIIRS,n,2,287.31,1.86,N,2
15.18167,76.6511,303.82,0.33,0.56,2026-01-01,1954,N20,VIIRS,n,2,289.29,1.74,N,2
15.17619,76.65359,316.43,0.33,0.56,2026-01-01,1954,N20,VIIRS,n,2,291.09,1.93,N,2
15.17172,76.37556,301.26,0.35,0.57,2026-01-01,1954,N20,VIIRS,n,2,290.05,1.48,N,2
15.17135,76.37884,305.6,0.35,0.57,2026-01-01,1954,N20,VIIRS,n,2,290.52,1.12,N,2
15.12192,76.80898,299.07,0.32,0.55,2026-01-01,1954,N20,VIIRS,n,2,284.3,0.6,N,2
15.11212,76.80499,303.31,0.32,0.55,2026-01-01,1954,N20,VIIRS,n,2,286.73,0.88,N,0
15.17598,76.37511,305.98,0.35,0.57,2026-01-01,1954,N20,VIIRS,n,2,289.6,1.23,N,2
15.17038,76.37773,304.98,0.35,0.57,2026-01-01,1954,N20,VIIRS,n,2,290.36,1.62,N,2
15.06983,76.86485,297.6,0.32,0.55,2026-01-01,1954,N20,VIIRS,n,2,279.84,0.8,N,2
15.0084,76.99583,310.19,0.63,0.54,2026-01-01,1954,N20,VIIRS,n,2,288.72,2.55,N,0
15.06139,75.75724,298.26,0.38,0.59,2026-01-01,1954,N20,VIIRS,n,2,287.42,0.42,N,0
14.11509,77.80619,306.39,0.54,0.51,2026-01-01,1954,N20,VIIRS,n,2,288.91,1.53,N,0
12.16929,78.52807,304.92,0.45,0.47,2026-01-01,1954,N20,VIIRS,n,2,288.11,0.78,N,0
11.26546,80.00146,326.72,0.54,0.42,2026-01-01,1955,N20,VIIRS,n,2,287.17,3.02,N,3
11.18245,79.09805,303.45,0.41,0.45,2026-01-01,1955,N20,VIIRS,n,2,289.72,0.5,N,2
11.2049,77.56485,305.26,0.51,0.49,2026-01-01,1955,N20,VIIRS,n,2,288.37,0.98,N,0
35.96655,68.68712,303.29,0.44,0.38,2026-01-01,2129,N20,VIIRS,n,2,275.6,0.81,N,2
33.54835,71.55003,301.22,0.43,0.46,2026-01-01,2129,N20,VIIRS,n,2,281.51,0.97,N,2
33.40751,71.93681,299.16,0.45,0.47,2026-01-01,2129,N20,VIIRS,n,2,277.83,0.9,N,2
33.27063,71.59,303.88,0.44,0.46,2026-01-01,2129,N20,VIIRS,n,2,279.88,0.73,N,0
31.73369,77.22153,300.0,0.49,0.65,2026-01-01,2129,N20,VIIRS,n,2,265.53,0.66,N,0
32.88913,71.61602,300.35,0.45,0.47,2026-01-01,2129,N20,VIIRS,n,2,282.32,1.04,N,2
32.57587,72.56364,300.12,0.51,0.49,2026-01-01,2129,N20,VIIRS,n,2,283.51,1.28,N,2
32.10728,74.17664,306.4,0.32,0.55,2026-01-01,2129,N20,VIIRS,n,2,280.57,1.31,N,2
32.10648,74.17995,311.19,0.32,0.55,2026-01-01,2129,N20,VIIRS,n,2,280.93,1.32,N,2
32.38165,72.13846,295.58,0.49,0.48,2026-01-01,2130,N20,VIIRS,n,2,281.63,0.93,N,2
32.29388,70.72955,304.95,0.41,0.45,2026-01-01,2130,N20,VIIRS,n,2,282.87,1.4,N,2
32.29211,70.73785,306.79,0.41,0.45,2026-01-01,2130,N20,VIIRS,n,2,283.65,1.49,N,2
32.29444,70.73141,306.67,0.41,0.45,2026-01-01,2130,N20,VIIRS,n,2,282.89,1.51,N,2
32.28868,70.73854,298.63,0.41,0.45,2026-01-01,2130,N20,VIIRS,n,2,282.44,1.18,N,2
28.42594,69.70181,300.56,0.43,0.46,2026-01-01,2131,N20,VIIRS,n,2,282.43,0.74,N,2
24.66232,74.63141,299.99,0.51,0.66,2026-01-01,2131,N20,VIIRS,n,2,286.78,1.66,N,2
24.66421,74.63281,299.92,0.51,0.66,2026-01-01,2131,N20,VIIRS,n,2,287.41,1.52,N,2
26.09515,68.87794,307.34,0.42,0.46,2026-01-01,2131,N20,VIIRS,n,2,283.77,0.92,N,2
23.49822,68.57575,303.99,0.46,0.47,2026-01-01,2132,N20,VIIRS,n,2,288.5,1.52,N,2
23.43075,68.71243,305.77,0.47,0.47,2026-01-01,2132,N20,VIIRS,n,2,289.08,1.47,N,2
23.12286,70.08694,313.89,0.57,0.52,2026-01-01,2132,N20,VIIRS,n,2,286.77,2.74,N,2
22.36756,73.11887,312.68,0.46,0.64,2026-01-01,2132,N20,VIIRS,n,2,289.56,3.97,N,0
22.93394,70.10786,298.6,0.58,0.52,2026-01-01,2132,N20,VIIRS,n,2,288.58,0.32,N,0
22.92923,70.10669,300.93,0.58,0.52,2026-01-01,2132,N20,VIIRS,n,2,286.8,0.33,N,0
22.92587,69.82079,297.28,0.56,0.51,2026-01-01,2132,N20,VIIRS,n,2,287.03,0.69,N,2
22.92742,69.82442,299.84,0.56,0.51,2026-01-01,2132,N20,VIIRS,n,2,288.71,1.14,N,2
22.34003,69.85408,303.27,0.57,0.52,2026-01-01,2132,N20,VIIRS,n,2,291.86,2.4,N,2
22.33776,69.86501,302.16,0.58,0.52,2026-01-01,2132,N20,VIIRS,n,2,291.3,2.06,N,2
22.41861,69.03793,315.08,0.51,0.49,2026-01-01,2132,N20,VIIRS,n,2,290.64,1.38,N,0
22.41616,69.03954,312.86,0.51,0.49,2026-01-01,2132,N20,VIIRS,n,2,290.21,1.99,N,0
21.43572,72.97369,304.03,0.47,0.64,2026-01-01,2132,N20,VIIRS,n,2,286.91,0.98,N,2
21.11326,72.63194,302.29,0.46,0.63,2026-01-01,2132,N20,VIIRS,n,2,289.29,2.17,N,2
21.11228,72.63622,305.02,0.46,0.63,2026-01-01,2132,N20,VIIRS,n,2,290.2,2.17,N,2
21.1103,72.6448,314.18,0.46,0.63,2026-01-01,2132,N20,VIIRS,n,2,289.92,4.02,N,2
21.10658,72.63474,349.59,0.46,0.63,2026-01-01,2132,N20,VIIRS,n,2,289.65,2.17,N,2
21.1046,72.64331,334.18,0.46,0.63,2026-01-01,2132,N20,VIIRS,n,2,289.83,4.02,N,2
21.10089,72.63327,306.81,0.46,0.63,2026-01-01,2132,N20,VIIRS,n,2,289.08,0.82,N,2
24.69027,73.00153,304.88,0.4,0.6,2026-01-01,2132,N20,VIIRS,n,2,286.93,0.88,N,2
22.97849,72.56535,299.5,0.41,0.61,2026-01-01,2132,N20,VIIRS,n,2,288.46,0.75,N,2
22.97921,72.56347,305.23,0.41,0.61,2026-01-01,2132,N20,VIIRS,n,2,288.42,0.96,N,2
25.38726,68.58038,308.14,0.42,0.45,2026-01-01,2132,N20,VIIRS,n,2,283.77,0.69,N,2
23.49607,68.57792,302.66,0.45,0.47,2026-01-01,2132,N20,VIIRS,n,2,289.05,1.54,N,2
18.68524,73.03271,301.7,0.55,0.68,2026-01-01,2133,N20,VIIRS,n,2,290.46,1.67,N,2
18.69595,73.03866,314.39,0.55,0.68,2026-01-01,2133,N20,VIIRS,n,2,290.11,1.83,N,2
18.69022,73.03924,307.46,0.55,0.68,2026-01-01,2133,N20,VIIRS,n,2,289.64,2.48,N,2
18.68637,73.02767,310.05,0.55,0.68,2026-01-01,2133,N20,VIIRS,n,2,289.92,1.67,N,2
18.58578,72.23837,308.19,0.49,0.65,2026-01-01,2133,N20,VIIRS,n,2,292.06,2.46,N,3
21.10945,72.64645,327.08,0.46,0.63,2026-01-01,2133,N20,VIIRS,n,2,291.6,2.64,N,2
21.11234,72.63355,307.82,0.46,0.63,2026-01-01,2133,N20,VIIRS,n,2,290.33,2.18,N,2
21.11138,72.63783,302.23,0.46,0.63,2026-01-01,2133,N20,VIIRS,n,2,290.25,2.18,N,2
21.11042,72.64214,302.09,0.46,0.63,2026-01-01,2133,N20,VIIRS,n,2,289.02,2.64,N,2
21.10569,72.63634,344.22,0.46,0.63,2026-01-01,2133,N20,VIIRS,n,2,289.65,2.18,N,2
21.10664,72.63206,301.15,0.46,0.63,2026-01-01,2133,N20,VIIRS,n,2,288.54,2.18,N,2
21.10376,72.64494,306.86,0.46,0.63,2026-01-01,2133,N20,VIIRS,n,2,289.31,2.64,N,2
20.91333,71.45887,307.15,0.39,0.59,2026-01-01,2133,N20,VIIRS,n,2,289.81,0.91,N,2
20.91111,71.45872,310.98,0.39,0.59,2026-01-01,2133,N20,VIIRS,n,2,290.85,1.36,N,2
20.83545,70.69326,301.22,0.35,0.57,2026-01-01,2133,N20,VIIRS,n,2,289.88,0.83,N,2
16.88646,74.51174,295.97,0.74,0.76,2026-01-01,2134,N20,VIIRS,n,2,282.58,2.03,N,0
16.30861,95.99481,336.51,0.44,0.38,2026-01-02,0702,N20,VIIRS,n,2,305.0,3.01,D,0
16.38767,96.2001,339.44,0.45,0.39,2026-01-02,0702,N20,VIIRS,n,2,307.61,5.67,D,0
16.39296,96.21217,337.84,0.45,0.39,2026-01-02,0702,N20,VIIRS,n,2,306.15,5.74,D,0
16.236,94.70789,334.4,0.4,0.37,2026-01-02,0702,N20,VIIRS,n,2,303.0,2.93,D,0
16.49155,96.27592,332.86,0.45,0.39,2026-01-02,0702,N20,VIIRS,n,2,301.88,3.66,D,0
16.52552,96.44566,335.43,0.46,0.39,2026-01-02,0702,N20,VIIRS,n,2,304.61,3.61,D,0
16.57134,96.32502,332.13,0.46,0.39,2026-01-02,0702,N20,VIIRS,n,2,304.55,1.93,D,0
16.62616,96.695,333.65,0.48,0.4,2026-01-02,0702,N20,VIIRS,l,2,304.8,3.66,D,0
16.57196,96.30316,333.94,0.46,0.39,2026-01-02,0702,N20,VIIRS,l,2,305.35,4.74,D,0
16.58389,96.31011,337.11,0.46,0.39,2026-01-02,0702,N20,VIIRS,n,2,304.48,3.87,D,0
16.42768,95.11346,333.12,0.41,0.37,2026-01-02,0702,N20,VIIRS,n,2,300.36,1.18,D,0
16.42824,95.11301,330.37,0.41,0.37,2026-01-02,0702,N20,VIIRS,n,2,300.23,2.48,D,0
16.78557,96.10021,336.45,0.45,0.39,2026-01-02,0702,N20,VIIRS,n,2,304.24,10.25,D,0
16.78462,96.09709,334.86,0.45,0.39,2026-01-02,0702,N20,VIIRS,n,2,303.69,8.59,D,0
16.71715,94.91296,334.95,0.41,0.37,2026-01-02,0702,N20,VIIRS,l,2,305.59,3.92,D,0
16.72779,94.9385,336.83,0.41,0.37,2026-01-02,0702,N20,VIIRS,n,2,302.66,3.17,D,0
16.75926,94.91026,341.5,0.41,0.37,2026-01-02,0702,N20,VIIRS,n,2,303.74,15.36,D,0
16.77337,94.91196,332.87,0.41,0.37,2026-01-02,0702,N20,VIIRS,l,2,303.34,4.49,D,0
16.76586,94.8356,331.74,0.41,0.37,2026-01-02,0702,N20,VIIRS,n,2,301.72,1.96,D,0
16.77197,94.854,332.96,0.41,0.37,2026-01-02,0702,N20,VIIRS,n,2,306.84,1.93,D,0
16.92504,95.91099,339.18,0.44,0.39,2026-01-02,0702,N20,VIIRS,n,2,308.31,29.73,D,0
16.78945,94.85518,336.57,0.41,0.37,2026-01-02,0702,N20,VIIRS,n,2,305.94,6.59,D,0
16.77073,94.6312,333.19,0.4,0.37,2026-01-02,0702,N20,VIIRS,n,2,303.11,2.35,D,0
16.81408,94.90569,331.39,0.41,0.37,2026-01-02,0702,N20,VIIRS,l,2,304.62,7.82,D,0
16.81747,94.90517,331.04,0.41,0.37,2026-01-02,0702,N20,VIIRS,l,2,301.53,7.82,D,0
16.81434,94.83585,333.34,0.41,0.37,2026-01-02,0702,N20,VIIRS,n,2,306.08,5.77,D,0
16.80208,94.66851,349.91,0.4,0.37,2026-01-02,0702,N20,VIIRS,n,2,305.45,12.72,D,0
17.04538,96.29089,330.8,0.46,0.39,2026-01-02,0702,N20,VIIRS,l,2,302.9,2.44,D,0
16.87636,94.97041,335.18,0.41,0.37,2026-01-02,0702,N20,VIIRS,n,2,305.3,6.21,D,0
16.8321,94.61409,333.48,0.4,0.37,2026-01-02,0702,N20,VIIRS,n,2,303.24,3.05,D,0
16.88222,94.81782,332.16,0.41,0.37,2026-01-02,0702,N20,VIIRS,n,2,302.14,1.94,D,0
17.14866,96.37319,330.92,0.47,0.39,2026-01-02,0702,N20,VIIRS,n,2,301.16,1.73,D,0
17.20016,96.0978,333.91,0.45,0.39,2026-01-02,0702,N20,VIIRS,n,2,300.3,2.54,D,0
17.31468,96.63161,330.77,0.48,0.4,2026-01-02,0702,N20,VIIRS,l,2,305.21,2.01,D,0
17.50912,96.46892,336.44,0.48,0.4,2026-01-02,0702,N20,VIIRS,n,2,300.74,3.42,D,0
17.45281,95.89124,338.59,0.45,0.39,2026-01-02,0702,N20,VIIRS,n,2,303.74,3.57,D,0
17.59709,96.6775,336.44,0.49,0.4,2026-01-02,0702,N20,VIIRS,n,2,304.98,4.81,D,0
17.63921,94.97488,331.4,0.42,0.37,2026-01-02,0702,N20,VIIRS,n,2,301.05,2.37,D,0
17.69898,95.00161,332.87,0.42,0.37,2026-01-02,0702,N20,VIIRS,n,2,302.31,3.44,D,0
17.82317,95.85493,337.4,0.45,0.39,2026-01-02,0702,N20,VIIRS,n,2,304.66,6.04,D,0
17.82258,95.85073,347.96,0.45,0.39,2026-01-02,0702,N20,VIIRS,n,2,308.39,32.22,D,0
17.81465,95.25055,345.69,0.43,0.38,2026-01-02,0702,N20,VIIRS,n,2,302.11,5.38,D,0
17.87481,95.18466,334.69,0.42,0.38,2026-01-02,0702,N20,VIIRS,l,2,305.74,2.72,D,0
17.93089,95.2822,340.87,0.43,0.38,2026-01-02,0702,N20,VIIRS,n,2,304.72,6.28,D,0
17.93033,95.27819,347.52,0.43,0.38,2026-01-02,0702,N20,VIIRS,n,2,305.77,6.28,D,0
17.9701,95.16666,334.6,0.42,0.38,2026-01-02,0702,N20,VIIRS,n,2,302.61,1.99,D,0
17.97749,95.06821,333.73,0.42,0.38,2026-01-02,0702,N20,VIIRS,n,2,303.43,3.38,D,0
18.20789,96.50953,328.28,0.49,0.4,2026-01-02,0702,N20,VIIRS,n,2,302.45,2.65,D,0
18.11333,95.52495,329.96,0.44,0.38,2026-01-02,0702,N20,VIIRS,n,2,303.74,2.6,D,0
18.10421,95.14976,333.26,0.42,0.38,2026-01-02,0702,N20,VIIRS,n,2,302.67,3.49,D,0
18.15781,95.12931,333.89,0.42,0.38,2026-01-02,0702,N20,VIIRS,n,2,301.76,2.59,D,0
18.45294,96.52827,327.08,0.49,0.4,2026-01-02,0702,N20,VIIRS,l,2,302.01,3.67,D,0
20.6483,95.86417,334.34,0.48,0.4,2026-01-02,0703,N20,VIIRS,n,2,303.52,1.31,D,0
18.40903,95.28609,341.29,0.43,0.38,2026-01-02,0703,N20,VIIRS,n,2,306.22,6.56,D,0
18.41195,95.28149,353.03,0.43,0.38,2026-01-02,0703,N20,VIIRS,n,2,309.58,6.56,D,0
18.43174,95.27019,345.07,0.43,0.38,2026-01-02,0703,N20,VIIRS,n,2,308.59,7.37,D,0
18.43466,95.2656,333.32,0.43,0.38,2026-01-02,0703,N20,VIIRS,l,2,303.93,1.47,D,0
18.50182,95.57077,334.34,0.44,0.39,2026-01-02,0703,N20,VIIRS,n,2,306.19,1.68,D,0
18.45227,95.21332,337.22,0.43,0.38,2026-01-02,0703,N20,VIIRS,n,2,307.48,3.29,D,0
18.52904,95.48172,340.31,0.44,0.38,2026-01-02,0703,N20,VIIRS,n,2,308.44,3.35,D,0
18.53963,95.34589,354.41,0.43,0.38,2026-01-02,0703,N20,VIIRS,n,2,308.16,10.71,D,0
18.53907,95.34179,342.48,0.43,0.38,2026-01-02,0703,N20,VIIRS,n,2,304.59,5.54,D,0
18.60896,95.74918,340.9,0.45,0.39,2026-01-02,0703,N20,VIIRS,n,2,304.89,8.56,D,0
18.54436,95.19951,339.38,0.43,0.38,2026-01-02,0703,N20,VIIRS,n,2,302.52,5.75,D,0
18.55771,95.19337,335.0,0.43,0.38,2026-01-02,0703,N20,VIIRS,l,2,306.37,2.56,D,0
18.57445,95.21149,329.48,0.43,0.38,2026-01-02,0703,N20,VIIRS,l,2,304.13,1.21,D,0
18.68582,95.20719,334.86,0.43,0.38,2026-01-02,0703,N20,VIIRS,l,2,308.24,2.54,D,0
16.40334,81.95787,340.67,0.49,0.65,2026-01-02,0703,N20,VIIRS,n,2,295.62,7.0,D,3
18.82453,95.40038,335.87,0.44,0.38,2026-01-02,0703,N20,VIIRS,n,2,307.0,1.82,D,0
18.97397,96.38511,340.4,0.49,0.4,2026-01-02,0703,N20,VIIRS,n,2,305.84,3.11,D,0
18.97766,96.38458,338.19,0.49,0.4,2026-01-02,0703,N20,VIIRS,n,2,308.49,6.42,D,0
18.89775,95.7724,351.84,0.46,0.39,2026-01-02,0703,N20,VIIRS,n,2,302.97,12.22,D,0
18.84505,95.39306,337.55,0.44,0.38,2026-01-02,0703,N20,VIIRS,n,2,307.55,3.78,D,0
18.8668,95.41618,336.7,0.44,0.38,2026-01-02,0703,N20,VIIRS,n,2,306.8,5.88,D,0
18.87089,95.41982,347.84,0.44,0.38,2026-01-02,0703,N20,VIIRS,n,2,309.3,5.88,D,0
18.86976,95.4115,340.3,0.44,0.38,2026-01-02,0703,N20,VIIRS,n,2,306.08,4.29,D,0
19.00832,96.33971,332.71,0.49,0.4,2026-01-02,0703,N20,VIIRS,l,2,304.3,2.52,D,0
18.95299,95.44148,334.18,0.44,0.39,2026-01-02,0703,N20,VIIRS,l,2,306.01,1.14,D,0
19.02384,95.40578,346.2,0.44,0.38,2026-01-02,0703,N20,VIIRS,n,2,305.48,8.31,D,0
19.18645,96.35776,335.05,0.49,0.4,2026-01-02,0703,N20,VIIRS,n,2,306.95,3.02,D,0
19.20646,96.34736,335.19,0.49,0.4,2026-01-02,0703,N20,VIIRS,l,2,308.38,4.74,D,0
19.08223,95.32976,332.74,0.44,0.38,2026-01-02,0703,N20,VIIRS,l,2,303.32,4.68,D,0
19.18577,95.50654,331.41,0.45,0.39,2026-01-02,0703,N20,VIIRS,n,2,300.53,2.61,D,0
19.58083,96.88772,333.31,0.53,0.42,2026-01-02,0703,N20,VIIRS,n,2,298.32,10.22,D,0
19.40324,95.56621,331.78,0.45,0.39,2026-01-02,0703,N20,VIIRS,n,2,300.66,2.69,D,0
19.53065,96.39336,332.6,0.5,0.41,2026-01-02,0703,N20,VIIRS,n,2,304.38,2.45,D,0
19.58305,96.88457,327.3,0.53,0.42,2026-01-02,0703,N20,VIIRS,n,2,296.82,8.97,D,0
19.52821,96.39059,328.87,0.5,0.41,2026-01-02,0703,N20,VIIRS,n,2,301.52,2.28,D,0
19.51494,95.38245,350.62,0.45,0.39,2026-01-02,0703,N20,VIIRS,n,2,304.31,7.17,D,0
19.5571,95.26894,339.56,0.44,0.38,2026-01-02,0703,N20,VIIRS,n,2,308.31,20.97,D,0
19.56063,95.26842,332.91,0.44,0.38,2026-01-02,0703,N20,VIIRS,n,2,302.78,3.0,D,0
19.70269,96.14937,335.72,0.48,0.4,2026-01-02,0703,N20,VIIRS,n,2,306.92,4.17,D,0
19.52879,94.88675,333.15,0.43,0.38,2026-01-02,0703,N20,VIIRS,n,2,299.66,3.29,D,0
19.61744,95.07778,338.47,0.43,0.38,2026-01-02,0703,N20,VIIRS,n,2,305.59,6.01,D,0
19.62093,95.07716,333.18,0.43,0.38,2026-01-02,0703,N20,VIIRS,n,2,302.93,5.22,D,0
17.60273,83.20486,330.91,0.38,0.59,2026-01-02,0703,N20,VIIRS,n,2,298.64,3.09,D,2
17.60801,83.2036,329.07,0.38,0.59,2026-01-02,0703,N20,VIIRS,n,2,298.6,3.09,D,2
19.9165,96.83974,327.41,0.53,0.42,2026-01-02,0703,N20,VIIRS,n,2,299.8,1.81,D,0
20.019,96.96772,339.59,0.54,0.42,2026-01-02,0703,N20,VIIRS,n,2,303.77,4.35,D,0
20.02286,96.96712,333.13,0.54,0.42,2026-01-02,0703,N20,VIIRS,n,2,301.79,4.35,D,0
19.86918,94.2795,333.94,0.41,0.37,2026-01-02,0703,N20,VIIRS,n,2,298.39,8.48,D,0
19.86867,94.27583,330.95,0.41,0.37,2026-01-02,0703,N20,VIIRS,l,2,301.1,8.39,D,0
20.02208,94.69344,330.26,0.42,0.38,2026-01-02,0703,N20,VIIRS,n,2,301.19,1.3,D,0
20.05621,94.91262,331.88,0.43,0.38,2026-01-02,0703,N20,VIIRS,n,2,301.31,6.48,D,0
20.05021,94.54649,329.49,0.42,0.38,2026-01-02,0703,N20,VIIRS,n,2,298.96,2.25,D,0
17.85203,82.12742,326.04,0.44,0.63,2026-01-02,0703,N20,VIIRS,l,2,299.9,3.86,D,0
20.34981,96.70145,334.96,0.53,0.42,2026-01-02,0703,N20,VIIRS,n,2,302.03,4.83,D,0
20.35363,96.70093,328.69,0.53,0.42,2026-01-02,0703,N20,VIIRS,n,2,299.81,3.0,D,0
17.8054,81.80102,337.39,0.47,0.64,2026-01-02,0703,N20,VIIRS,n,2,297.09,4.39,D,0
18.14849,83.37064,334.3,0.36,0.58,2026-01-02,0703,N20,VIIRS,n,2,298.55,2.71,D,0
20.10288,94.54661,331.42,0.42,0.38,2026-01-02,0703,N20,VIIRS,n,2,300.29,2.08,D,0
20.40841,96.67318,340.53,0.53,0.42,2026-01-02,0703,N20,VIIRS,n,2,302.0,6.08,D,0
20.41803,96.68725,329.17,0.53,0.42,2026-01-02,0703,N20,VIIRS,n,2,298.93,7.04,D,0
20.31454,95.87653,335.21,0.48,0.4,2026-01-02,0703,N20,VIIRS,n,2,301.75,3.13,D,0
20.3329,95.92971,331.78,0.48,0.4,2026-01-02,0703,N20,VIIRS,n,2,301.81,2.87,D,0
20.1549,94.64105,346.43,0.42,0.38,2026-01-02,0703,N20,VIIRS,n,2,304.21,7.59,D,0
20.15433,94.63702,332.28,0.42,0.38,2026-01-02,0703,N20,VIIRS,n,2,302.64,2.78,D,0
20.15383,94.64087,345.91,0.42,0.38,2026-01-02,0703,N20,VIIRS,n,2,304.13,9.67,D,0
20.3326,95.93037,335.62,0.48,0.4,2026-01-02,0703,N20,VIIRS,n,2,302.12,2.74,D,0
20.36691,95.87866,332.46,0.48,0.4,2026-01-02,0703,N20,VIIRS,n,2,301.54,5.22,D,0
18.39399,83.85862,331.71,0.33,0.55,2026-01-02,0703,N20,VIIRS,n,2,300.84,2.02,D,0
20.44107,96.15661,331.26,0.49,0.41,2026-01-02,0703,N20,VIIRS,n,2,304.76,1.72,D,0
20.27448,94.60214,335.76,0.42,0.38,2026-01-02,0703,N20,VIIRS,n,2,308.61,3.29,D,0
20.27849,94.60564,343.97,0.42,0.38,2026-01-02,0703,N20,VIIRS,n,2,304.77,5.81,D,0
20.28138,94.60107,342.86,0.42,0.38,2026-01-02,0703,N20,VIIRS,n,2,306.99,6.48,D,0
20.58135,96.67332,337.21,0.53,0.42,2026-01-02,0703,N20,VIIRS,n,2,300.97,6.35,D,0
20.49888,95.58595,333.01,0.46,0.39,2026-01-02,0703,N20,VIIRS,n,2,303.97,2.51,D,0
20.45894,95.29394,342.19,0.45,0.39,2026-01-02,0703,N20,VIIRS,n,2,306.12,7.78,D,0
20.45828,95.29489,344.54,0.45,0.39,2026-01-02,0703,N20,VIIRS,n,2,305.04,8.43,D,0
20.50031,95.58684,330.87,0.46,0.39,2026-01-02,0703,N20,VIIRS,n,2,302.79,2.26,D,0
20.42762,94.74883,335.79,0.43,0.38,2026-01-02,0703,N20,VIIRS,n,2,303.58,5.95,D,0
20.43748,94.74315,344.03,0.43,0.38,2026-01-02,0703,N20,VIIRS,n,2,305.76,13.95,D,0
20.44095,94.74261,340.61,0.43,0.38,2026-01-02,0703,N20,VIIRS,n,2,303.23,3.12,D,0
20.55813,95.55131,338.38,0.46,0.39,2026-01-02,0703,N20,VIIRS,n,2,304.71,2.34,D,0
20.71705,96.73944,342.44,0.53,0.42,2026-01-02,0703,N20,VIIRS,n,2,307.55,31.95,D,0
18.51201,83.36549,336.11,0.36,0.57,2026-01-02,0703,N20,VIIRS,n,2,299.5,1.96,D,0
20.45737,94.65684,339.66,0.43,0.38,2026-01-02,0703,N20,VIIRS,n,2,302.83,3.05,D,0
20.65413,96.07677,335.37,0.49,0.4,2026-01-02,0703,N20,VIIRS,n,2,303.68,6.61,D,0
20.59592,95.53178,344.35,0.46,0.39,2026-01-02,0703,N20,VIIRS,n,2,306.43,11.06,D,0
20.59953,95.53127,333.6,0.46,0.39,2026-01-02,0703,N20,VIIRS,n,2,302.72,13.63,D,0
20.48446,94.67341,343.54,0.43,0.38,2026-01-02,0703,N20,VIIRS,n,2,303.48,2.97,D,0
20.59714,95.52856,332.09,0.46,0.39,2026-01-02,0703,N20,VIIRS,l,2,304.25,29.85,D,0
20.4867,94.67379,333.8,0.43,0.38,2026-01-02,0703,N20,VIIRS,n,2,302.68,2.34,D,0
20.64827,95.86597,334.0,0.48,0.4,2026-01-02,0703,N20,VIIRS,n,2,305.1,3.23,D,0
20.4953,94.68494,341.29,0.43,0.38,2026-01-02,0703,N20,VIIRS,n,2,304.47,2.89,D,0
20.66594,95.88696,347.27,0.48,0.4,2026-01-02,0703,N20,VIIRS,n,2,309.25,27.46,D,0
20.66534,95.88235,330.79,0.48,0.4,2026-01-02,0703,N20,VIIRS,l,2,302.6,10.8,D,0
20.59751,95.17464,336.26,0.45,0.39,2026-01-02,0703,N20,VIIRS,n,2,306.78,3.99,D,0
20.7203,96.04523,331.12,0.49,0.4,2026-01-02,0703,N20,VIIRS,l,2,305.59,2.07,D,0
20.5524,94.71364,333.47,0.43,0.38,2026-01-02,0703,N20,VIIRS,n,2,304.08,1.49,D,0
18.30969,81.81587,353.67,0.45,0.63,2026-01-02,0703,N20,VIIRS,n,2,299.38,7.45,D,0
20.87727,96.93324,332.88,0.55,0.43,2026-01-02,0703,N20,VIIRS,l,2,303.51,4.29,D,0
20.87592,96.92262,340.17,0.55,0.43,2026-01-02,0703,N20,VIIRS,n,2,305.57,5.65,D,0
20.8798,96.92197,341.37,0.55,0.43,2026-01-02,0703,N20,VIIRS,n,2,305.27,5.65,D,0
20.87563,96.85854,333.61,0.54,0.42,2026-01-02,0703,N20,VIIRS,n,2,303.55,3.72,D,0
20.37808,93.06892,337.3,0.39,0.36,2026-01-02,0703,N20,VIIRS,n,2,305.25,5.1,D,0
18.31091,81.81638,353.86,0.45,0.63,2026-01-02,0703,N20,VIIRS,n,2,298.9,7.75,D,0
18.73067,83.55152,332.77,0.34,0.56,2026-01-02,0703,N20,VIIRS,n,2,299.35,2.71,D,0
20.73383,95.33068,331.88,0.45,0.39,2026-01-02,0703,N20,VIIRS,n,2,301.59,2.13,D,0
20.94436,96.73867,338.6,0.54,0.42,2026-01-02,0703,N20,VIIRS,n,2,304.91,6.23,D,0
18.80556,83.58127,326.73,0.34,0.56,2026-01-02,0703,N20,VIIRS,n,2,301.08,1.6,D,0
20.90282,96.18026,337.93,0.5,0.41,2026-01-02,0703,N20,VIIRS,n,2,305.78,7.5,D,0
20.90058,96.18211,339.73,0.5,0.41,2026-01-02,0703,N20,VIIRS,n,2,306.41,6.4,D,0
18.79699,83.57452,330.64,0.34,0.56,2026-01-02,0703,N20,VIIRS,n,2,300.92,2.0,D,0
18.95968,83.8063,348.76,0.33,0.55,2026-01-02,0703,N20,VIIRS,n,2,301.75,4.08,D,0
20.8595,94.92497,349.43,0.44,0.38,2026-01-02,0703,N20,VIIRS,n,2,307.08,17.0,D,0
18.95985,83.80786,333.76,0.33,0.55,2026-01-02,0703,N20,VIIRS,n,2,300.06,2.03,D,0
18.95922,83.80485,330.55,0.33,0.55,2026-01-02,0703,N20,VIIRS,n,2,301.45,2.03,D,0
19.14348,84.60866,342.58,0.57,0.52,2026-01-02,0703,N20,VIIRS,n,2,298.29,8.47,D,0
20.7238,92.90461,329.26,0.39,0.36,2026-01-02,0703,N20,VIIRS,n,2,302.55,2.61,D,0
21.23717,96.13485,335.89,0.5,0.41,2026-01-02,0703,N20,VIIRS,n,2,303.87,6.21,D,0
21.18768,95.7474,338.52,0.48,0.4,2026-01-02,0703,N20,VIIRS,n,2,303.29,4.57,D,0
19.31458,83.78835,328.28,0.32,0.55,2026-01-02,0703,N20,VIIRS,n,2,298.67,1.18,D,0
19.04803,82.35522,367.0,0.41,0.6,2026-01-02,0703,N20,VIIRS,h,2,301.49,6.5,D,0
21.56378,96.93547,332.07,0.56,0.43,2026-01-02,0703,N20,VIIRS,n,2,302.75,3.6,D,0
21.4917,96.32096,345.64,0.52,0.41,2026-01-02,0703,N20,VIIRS,n,2,304.55,5.52,D,0
19.1584,82.36263,342.14,0.4,0.6,2026-01-02,0703,N20,VIIRS,n,2,301.0,3.85,D,0
21.49554,95.14797,332.54,0.45,0.39,2026-01-02,0703,N20,VIIRS,n,2,300.64,9.71,D,0
21.49911,95.14743,338.21,0.45,0.39,2026-01-02,0703,N20,VIIRS,n,2,300.08,6.05,D,0
21.35552,93.78234,329.44,0.41,0.37,2026-01-02,0703,N20,VIIRS,n,2,293.0,3.6,D,0
19.36794,82.56029,329.97,0.39,0.59,2026-01-02,0703,N20,VIIRS,n,2,298.33,2.11,D,0
19.45069,82.84515,330.8,0.37,0.58,2026-01-02,0703,N20,VIIRS,n,2,299.9,2.19,D,0
19.52332,82.87871,343.42,0.37,0.58,2026-01-02,0703,N20,VIIRS,n,2,297.87,3.32,D,0
20.20667,86.31916,328.52,0.43,0.46,2026-01-02,0703,N20,VIIRS,n,2,296.08,2.48,D,0
21.76344,96.18427,330.12,0.51,0.41,2026-01-02,0703,N20,VIIRS,n,2,302.02,2.61,D,0
20.21165,86.33579,330.49,0.43,0.46,2026-01-02,0703,N20,VIIRS,n,2,297.69,2.65,D,0
20.20779,86.31572,329.87,0.43,0.46,2026-01-02,0703,N20,VIIRS,n,2,296.82,2.18,D,0
19.52338,82.87862,338.8,0.37,0.58,2026-01-02,0703,N20,VIIRS,n,2,297.55,2.07,D,0
20.28567,86.38668,339.52,0.42,0.45,2026-01-02,0703,N20,VIIRS,n,2,300.0,5.18,D,0
21.84287,96.17287,333.79,0.51,0.41,2026-01-02,0703,N20,VIIRS,n,2,303.15,4.01,D,0
20.35356,86.3272,336.87,0.43,0.46,2026-01-02,0703,N20,VIIRS,n,2,299.1,3.85,D,0
19.60446,82.46265,329.14,0.39,0.59,2026-01-02,0703,N20,VIIRS,n,2,293.79,2.48,D,0
19.70946,82.90833,327.15,0.36,0.57,2026-01-02,0703,N20,VIIRS,n,2,299.29,1.43,D,0
21.57882,93.48855,329.9,0.4,0.37,2026-01-02,0703,N20,VIIRS,n,2,297.76,5.05,D,0
19.7022,82.82149,345.81,0.37,0.58,2026-01-02,0703,N20,VIIRS,n,2,298.92,3.71,D,0
19.73621,82.82766,330.61,0.37,0.58,2026-01-02,0703,N20,VIIRS,n,2,298.31,1.66,D,0
20.39396,86.03446,330.04,0.44,0.46,2026-01-02,0703,N20,VIIRS,n,2,297.5,4.38,D,0
22.10895,96.9931,329.17,0.57,0.43,2026-01-02,0703,N20,VIIRS,n,2,301.38,4.29,D,0
22.11292,96.99247,333.57,0.57,0.43,2026-01-02,0703,N20,VIIRS,n,2,300.69,4.18,D,0
22.11229,96.98721,331.95,0.57,0.43,2026-01-02,0703,N20,VIIRS,n,2,301.03,4.18,D,0
22.11689,96.99185,329.88,0.57,0.43,2026-01-02,0703,N20,VIIRS,l,2,300.5,4.18,D,0
20.48316,86.41113,338.06,0.42,0.45,2026-01-02,0703,N20,VIIRS,n,2,298.07,3.61,D,0
20.49983,86.47688,330.69,0.41,0.45,2026-01-02,0703,N20,VIIRS,n,2,300.36,2.11,D,0
21.68136,93.61533,333.53,0.4,0.37,2026-01-02,0703,N20,VIIRS,n,2,298.13,5.79,D,0
19.82751,82.92454,327.53,0.36,0.57,2026-01-02,0703,N20,VIIRS,l,2,298.79,1.34,D,0
21.71346,93.55094,342.4,0.4,0.37,2026-01-02,0703,N20,VIIRS,n,2,296.37,4.55,D,0
21.71293,93.54717,327.64,0.4,0.37,2026-01-02,0703,N20,VIIRS,n,2,297.1,4.55,D,0
21.71238,93.54333,347.23,0.4,0.37,2026-01-02,0703,N20,VIIRS,n,2,294.36,7.15,D,0
21.71575,93.54284,326.6,0.4,0.37,2026-01-02,0703,N20,VIIRS,n,2,290.49,4.1,D,0
20.48765,86.09195,331.43,0.44,0.46,2026-01-02,0703,N20,VIIRS,n,2,297.76,3.01,D,0
21.72194,93.53805,332.0,0.4,0.37,2026-01-02,0703,N20,VIIRS,n,2,299.2,8.87,D,0
21.7253,93.5375,340.57,0.4,0.37,2026-01-02,0703,N20,VIIRS,n,2,301.41,8.87,D,0
21.73026,93.54816,333.4,0.4,0.37,2026-01-02,0703,N20,VIIRS,n,2,290.55,3.27,D,0
21.72972,93.54441,342.86,0.4,0.37,2026-01-02,0703,N20,VIIRS,n,2,296.12,3.27,D,0
21.72866,93.53695,347.78,0.4,0.37,2026-01-02,0703,N20,VIIRS,n,2,302.15,10.12,D,0
21.7281,93.53309,330.97,0.4,0.37,2026-01-02,0703,N20,VIIRS,n,2,300.95,3.0,D,0
21.73145,93.53249,330.97,0.4,0.37,2026-01-02,0703,N20,VIIRS,n,2,302.4,3.0,D,0
21.7332,93.53213,328.93,0.4,0.37,2026-01-02,0703,N20,VIIRS,n,2,300.36,2.6,D,0
21.70452,93.33008,329.77,0.4,0.37,2026-01-02,0703,N20,VIIRS,n,2,293.03,1.77,D,0
22.06247,95.71762,330.07,0.49,0.4,2026-01-02,0703,N20,VIIRS,l,2,301.28,3.27,D,0
20.58665,86.33611,340.82,0.42,0.45,2026-01-02,0703,N20,VIIRS,n,2,297.67,3.54,D,0
19.98649,83.31763,327.93,0.34,0.56,2026-01-02,0703,N20,VIIRS,n,2,298.29,1.9,D,0
20.59075,86.33523,338.25,0.42,0.45,2026-01-02,0703,N20,VIIRS,n,2,297.02,5.18,D,0
20.59,86.33126,331.55,0.42,0.45,2026-01-02,0703,N20,VIIRS,n,2,297.7,3.4,D,0
20.68,86.7448,329.69,0.4,0.44,2026-01-02,0703,N20,VIIRS,n,2,297.64,2.62,D,0
20.61242,86.31413,331.45,0.42,0.45,2026-01-02,0703,N20,VIIRS,n,2,298.98,3.04,D,0
22.17456,96.08588,330.02,0.51,0.41,2026-01-02,0703,N20,VIIRS,n,2,301.79,3.06,D,0
21.07819,85.03905,354.03,0.5,0.49,2026-01-02,0704,N20,VIIRS,n,2,301.13,14.45,D,2
22.55415,93.5562,330.14,0.41,0.37,2026-01-02,0704,N20,VIIRS,l,2,301.75,5.6,D,0
22.55361,93.55234,331.03,0.41,0.37,2026-01-02,0704,N20,VIIRS,l,2,301.28,2.95,D,0
20.63456,86.05822,327.63,0.44,0.46,2026-01-02,0704,N20,VIIRS,l,2,297.72,2.05,D,0
22.55244,93.51966,335.16,0.41,0.37,2026-01-02,0704,N20,VIIRS,n,2,297.78,20.64,D,0
22.56144,93.51005,339.15,0.41,0.37,2026-01-02,0704,N20,VIIRS,n,2,302.3,10.28,D,0
22.58463,93.52718,333.88,0.41,0.37,2026-01-02,0704,N20,VIIRS,n,2,304.24,6.87,D,0
22.5891,93.51007,330.85,0.41,0.37,2026-01-02,0704,N20,VIIRS,n,2,299.9,4.14,D,0
22.55932,93.02418,330.23,0.4,0.37,2026-01-02,0704,N20,VIIRS,n,2,293.29,6.99,D,0
22.91461,95.36581,337.87,0.48,0.4,2026-01-02,0704,N20,VIIRS,n,2,297.03,4.17,D,0
22.91401,95.36114,337.75,0.48,0.4,2026-01-02,0704,N20,VIIRS,n,2,298.61,4.17,D,0
22.74242,94.07954,331.08,0.42,0.38,2026-01-02,0704,N20,VIIRS,n,2,298.02,1.78,D,0
22.92439,95.38343,334.59,0.48,0.4,2026-01-02,0704,N20,VIIRS,n,2,300.99,4.96,D,0
21.62523,87.04456,329.29,0.55,0.43,2026-01-02,0704,N20,VIIRS,n,2,295.47,2.65,D,0
21.88116,88.46565,326.22,0.46,0.39,2026-01-02,0704,N20,VIIRS,n,2,296.33,1.56,D,0
21.6555,87.18935,340.41,0.54,0.42,2026-01-02,0704,N20,VIIRS,n,2,296.58,5.87,D,0
21.64828,87.0832,331.6,0.55,0.43,2026-01-02,0704,N20,VIIRS,n,2,297.29,6.37,D,0
22.70503,93.53891,326.47,0.41,0.37,2026-01-02,0704,N20,VIIRS,n,2,291.43,2.17,D,0
22.70841,93.53839,325.09,0.41,0.37,2026-01-02,0704,N20,VIIRS,n,2,298.06,2.17,D,0
21.02077,83.80341,336.28,0.59,0.53,2026-01-02,0704,N20,VIIRS,n,2,297.87,7.15,D,0
23.06275,96.04505,331.45,0.52,0.42,2026-01-02,0704,N20,VIIRS,n,2,298.3,3.23,D,0
22.99461,95.3511,336.06,0.48,0.4,2026-01-02,0704,N20,VIIRS,n,2,299.81,5.2,D,0
21.72511,87.14597,332.76,0.54,0.42,2026-01-02,0704,N20,VIIRS,n,2,297.62,3.75,D,0
21.08371,83.81814,339.26,0.59,0.53,2026-01-02,0704,N20,VIIRS,n,2,297.05,7.6,D,0
21.04943,83.52825,328.53,0.62,0.54,2026-01-02,0704,N20,VIIRS,n,2,296.59,2.58,D,0
20.86113,82.5461,327.09,0.36,0.57,2026-01-02,0704,N20,VIIRS,n,2,296.52,2.85,D,0
20.86041,82.54271,332.39,0.36,0.57,2026-01-02,0704,N20,VIIRS,n,2,298.04,3.2,D,0
20.86629,82.54482,367.0,0.36,0.57,2026-01-02,0704,N20,VIIRS,h,2,299.54,6.44,D,0
21.81399,87.28675,326.13,0.53,0.42,2026-01-02,0704,N20,VIIRS,n,2,296.13,2.16,D,0
22.8243,93.53458,335.11,0.41,0.37,2026-01-02,0704,N20,VIIRS,n,2,291.91,5.5,D,0
20.8665,82.54395,367.0,0.36,0.57,2026-01-02,0704,N20,VIIRS,h,2,299.93,6.79,D,0
23.14581,95.54253,338.84,0.49,0.4,2026-01-02,0704,N20,VIIRS,n,2,296.78,9.85,D,0
23.4958,88.00391,332.88,0.46,0.39,2026-01-02,0704,N20,VIIRS,n,2,296.33,2.47,D,0
23.49937,88.00317,331.17,0.46,0.39,2026-01-02,0704,N20,VIIRS,n,2,295.59,2.47,D,0
23.51684,88.01812,327.98,0.46,0.39,2026-01-02,0704,N20,VIIRS,n,2,296.47,3.55,D,0
23.52599,88.00694,331.69,0.46,0.39,2026-01-02,0704,N20,VIIRS,n,2,297.54,5.86,D,0
23.50297,87.87609,325.35,0.47,0.4,2026-01-02,0704,N20,VIIRS,n,2,296.13,2.15,D,0
23.4872,87.76566,331.16,0.48,0.4,2026-01-02,0704,N20,VIIRS,n,2,296.7,3.04,D,0
23.55061,87.24216,331.0,0.5,0.41,2026-01-02,0704,N20,VIIRS,n,2,296.21,5.78,D,3
23.73533,88.16465,331.74,0.45,0.39,2026-01-02,0704,N20,VIIRS,n,2,296.21,3.3,D,0
23.71591,87.75984,325.18,0.47,0.4,2026-01-02,0704,N20,VIIRS,l,2,296.58,3.09,D,0
24.64242,93.67004,328.12,0.43,0.38,2026-01-02,0704,N20,VIIRS,n,2,297.05,1.64,D,0
23.78164,88.00833,325.13,0.46,0.39,2026-01-02,0704,N20,VIIRS,n,2,296.23,2.19,D,0
25.1002,96.69036,338.21,0.4,0.44,2026-01-02,0704,N20,VIIRS,n,2,297.53,3.67,D,0
21.98393,79.06149,330.3,0.57,0.69,2026-01-02,0704,N20,VIIRS,n,2,290.93,2.81,D,0
23.42306,87.8297,333.73,0.47,0.4,2026-01-02,0704,N20,VIIRS,n,2,296.4,4.76,D,0
23.33798,87.39047,327.44,0.5,0.41,2026-01-02,0704,N20,VIIRS,n,2,296.01,3.04,D,0
23.34584,87.60562,330.5,0.49,0.4,2026-01-02,0704,N20,VIIRS,n,2,295.43,2.67,D,0
23.33907,87.63135,338.04,0.49,0.4,2026-01-02,0704,N20,VIIRS,n,2,295.02,4.77,D,0
24.45522,94.98334,326.06,0.48,0.4,2026-01-02,0704,N20,VIIRS,n,2,299.41,2.72,D,0
23.30427,87.64827,325.8,0.49,0.4,2026-01-02,0704,N20,VIIRS,n,2,295.0,2.41,D,0
23.32529,87.93842,333.45,0.47,0.4,2026-01-02,0704,N20,VIIRS,n,2,297.07,3.14,D,0
23.3153,87.94519,332.89,0.47,0.4,2026-01-02,0704,N20,VIIRS,n,2,295.86,3.07,D,0
23.33562,88.10395,331.6,0.46,0.39,2026-01-02,0704,N20,VIIRS,n,2,295.67,3.06,D,0
23.31359,88.02038,344.73,0.47,0.39,2026-01-02,0704,N20,VIIRS,n,2,298.46,9.23,D,0
23.31001,88.02111,343.26,0.47,0.39,2026-01-02,0704,N20,VIIRS,n,2,297.49,9.23,D,0
23.29012,87.95039,335.04,0.47,0.4,2026-01-02,0704,N20,VIIRS,n,2,296.55,4.24,D,0
23.27974,87.97598,326.81,0.47,0.4,2026-01-02,0704,N20,VIIRS,n,2,296.17,2.25,D,0
23.28572,88.03076,333.14,0.47,0.39,2026-01-02,0704,N20,VIIRS,n,2,295.92,3.67,D,0
23.26977,87.98271,326.61,0.47,0.4,2026-01-02,0704,N20,VIIRS,n,2,295.31,1.29,D,0
22.43809,83.7507,338.94,0.56,0.52,2026-01-02,0704,N20,VIIRS,n,2,296.58,7.82,D,0
23.1169,87.28441,332.86,0.51,0.41,2026-01-02,0704,N20,VIIRS,n,2,295.31,2.96,D,0
23.11566,87.28237,330.54,0.51,0.41,2026-01-02,0704,N20,VIIRS,n,2,294.95,3.34,D,0
22.44017,83.74701,339.67,0.56,0.52,2026-01-02,0704,N20,VIIRS,n,2,296.89,3.72,D,0
23.16985,87.75996,327.69,0.48,0.4,2026-01-02,0704,N20,VIIRS,n,2,295.41,2.77,D,0
23.21118,88.05859,330.67,0.47,0.39,2026-01-02,0704,N20,VIIRS,n,2,296.57,2.48,D,0
23.18963,88.10477,345.28,0.46,0.39,2026-01-02,0704,N20,VIIRS,n,2,300.21,11.17,D,0
23.11396,87.74268,346.4,0.48,0.4,2026-01-02,0704,N20,VIIRS,n,2,298.51,15.38,D,0
23.11032,87.74344,344.45,0.48,0.4,2026-01-02,0704,N20,VIIRS,n,2,298.59,11.54,D,0
22.79913,86.09241,325.44,0.4,0.44,2026-01-02,0704,N20,VIIRS,n,2,299.14,2.03,D,2
23.10668,87.74419,333.83,0.48,0.4,2026-01-02,0704,N20,VIIRS,n,2,295.28,11.54,D,0
23.10835,87.75348,330.59,0.48,0.4,2026-01-02,0704,N20,VIIRS,n,2,295.42,2.98,D,0
23.10304,87.74495,325.78,0.48,0.4,2026-01-02,0704,N20,VIIRS,n,2,294.79,2.04,D,0
21.97388,82.17981,331.95,0.36,0.58,2026-01-02,0704,N20,VIIRS,n,2,294.6,3.18,D,0
21.96871,82.1811,344.83,0.36,0.58,2026-01-02,0704,N20,VIIRS,n,2,296.56,3.18,D,0
22.04324,82.53027,330.61,0.34,0.56,2026-01-02,0704,N20,VIIRS,n,2,297.27,2.86,D,0
22.07852,82.86966,330.18,0.33,0.55,2026-01-02,0704,N20,VIIRS,n,2,295.85,2.22,D,0
22.0881,82.96355,327.99,0.32,0.55,2026-01-02,0704,N20,VIIRS,n,2,294.45,1.78,D,0
23.04114,87.8419,330.63,0.48,0.4,2026-01-02,0704,N20,VIIRS,n,2,296.0,3.67,D,0
22.7508,86.28288,354.69,0.39,0.44,2026-01-02,0704,N20,VIIRS,n,2,298.18,11.51,D,0
23.03471,87.848,325.02,0.48,0.4,2026-01-02,0704,N20,VIIRS,l,2,296.21,2.19,D,0
21.93102,82.30779,327.94,0.36,0.57,2026-01-02,0704,N20,VIIRS,n,2,295.21,2.36,D,0
21.96905,82.50719,327.31,0.34,0.56,2026-01-02,0704,N20,VIIRS,n,2,295.71,1.8,D,0
22.99126,87.66894,331.94,0.49,0.4,2026-01-02,0704,N20,VIIRS,n,2,295.91,2.77,D,0
21.96669,82.54538,351.7,0.34,0.56,2026-01-02,0704,N20,VIIRS,n,2,297.77,5.95,D,0
21.96517,82.5628,330.58,0.34,0.56,2026-01-02,0704,N20,VIIRS,n,2,296.8,1.12,D,0
23.00413,87.78244,328.14,0.48,0.4,2026-01-02,0704,N20,VIIRS,n,2,296.54,2.35,D,0
23.02233,87.88389,328.05,0.48,0.4,2026-01-02,0704,N20,VIIRS,n,2,296.54,2.81,D,0
22.99965,87.77855,330.02,0.48,0.4,2026-01-02,0704,N20,VIIRS,n,2,296.96,2.68,D,0
23.01789,87.88005,333.1,0.48,0.4,2026-01-02,0704,N20,VIIRS,n,2,296.64,4.1,D,0
23.085,88.35648,335.16,0.45,0.39,2026-01-02,0704,N20,VIIRS,n,2,296.44,3.79,D,0
23.41499,87.69761,325.61,0.48,0.4,2026-01-02,0704,N20,VIIRS,n,2,294.93,1.75,D,0
23.14519,95.53776,329.01,0.49,0.4,2026-01-02,0704,N20,VIIRS,l,2,302.07,4.14,D,0
21.87398,87.27699,327.48,0.53,0.42,2026-01-02,0704,N20,VIIRS,n,2,295.51,2.58,D,0
20.75397,81.58801,328.73,0.42,0.61,2026-01-02,0704,N20,VIIRS,n,2,298.22,2.63,D,0
22.05553,88.12634,328.23,0.48,0.4,2026-01-02,0704,N20,VIIRS,l,2,301.59,3.25,D,2
22.20553,88.84918,327.94,0.44,0.39,2026-01-02,0704,N20,VIIRS,n,2,295.86,2.79,D,0
23.265,95.63039,333.87,0.5,0.41,2026-01-02,0704,N20,VIIRS,n,2,296.34,5.44,D,0
20.92237,81.93948,334.95,0.39,0.6,2026-01-02,0704,N20,VIIRS,n,2,299.21,3.47,D,0
20.75361,81.16842,336.77,0.45,0.63,2026-01-02,0704,N20,VIIRS,n,2,297.52,2.56,D,0
21.71384,85.73652,331.15,0.44,0.46,2026-01-02,0704,N20,VIIRS,n,2,297.01,1.98,D,0
20.79103,81.17665,328.82,0.44,0.63,2026-01-02,0704,N20,VIIRS,n,2,297.53,3.79,D,0
22.80966,92.13869,327.25,0.39,0.36,2026-01-02,0704,N20,VIIRS,n,2,293.71,2.0,D,0
21.98739,87.1243,332.94,0.54,0.42,2026-01-02,0704,N20,VIIRS,n,2,295.59,2.91,D,0
20.79328,81.17683,329.25,0.44,0.63,2026-01-02,0704,N20,VIIRS,n,2,295.73,1.61,D,0
21.17045,82.83901,327.49,0.34,0.56,2026-01-02,0704,N20,VIIRS,n,2,297.37,1.71,D,0
21.37603,83.64534,329.56,0.6,0.53,2026-01-02,0704,N20,VIIRS,n,2,296.3,3.16,D,0
21.40781,83.70266,337.85,0.59,0.53,2026-01-02,0704,N20,VIIRS,n,2,296.83,5.1,D,0
21.4352,83.81259,328.03,0.58,0.52,2026-01-02,0704,N20,VIIRS,n,2,296.67,3.52,D,0
21.20019,82.39317,327.5,0.36,0.58,2026-01-02,0704,N20,VIIRS,n,2,295.35,1.06,D,0
23.25139,94.0229,334.44,0.43,0.38,2026-01-02,0704,N20,VIIRS,n,2,297.08,4.16,D,0
21.28281,82.75287,331.55,0.34,0.56,2026-01-02,0704,N20,VIIRS,n,2,297.07,3.47,D,0
21.33665,82.95673,327.18,0.33,0.55,2026-01-02,0704,N20,VIIRS,n,2,298.4,1.1,D,0
22.22231,87.45506,329.49,0.51,0.41,2026-01-02,0704,N20,VIIRS,n,2,296.33,4.46,D,0
23.29177,94.03347,327.21,0.43,0.38,2026-01-02,0704,N20,VIIRS,n,2,298.43,2.37,D,0
21.20642,82.03662,344.64,0.38,0.59,2026-01-02,0704,N20,VIIRS,n,2,297.94,5.92,D,0
22.18394,86.95896,340.76,0.55,0.42,2026-01-02,0704,N20,VIIRS,n,2,296.84,6.58,D,0
22.18562,86.96156,330.63,0.55,0.42,2026-01-02,0704,N20,VIIRS,n,2,296.22,7.04,D,0
20.94198,80.92212,332.03,0.46,0.63,2026-01-02,0704,N20,VIIRS,n,2,296.69,2.8,D,0
21.20399,82.03674,346.61,0.38,0.59,2026-01-02,0704,N20,VIIRS,n,2,298.11,5.94,D,0
21.65247,84.11636,331.08,0.55,0.51,2026-01-02,0704,N20,VIIRS,n,2,296.17,3.74,D,0
21.98236,85.74316,327.19,0.43,0.46,2026-01-02,0704,N20,VIIRS,n,2,295.73,1.5,D,0
21.00946,81.08746,327.35,0.44,0.63,2026-01-02,0704,N20,VIIRS,n,2,297.78,2.5,D,0
22.32796,87.52151,327.52,0.51,0.41,2026-01-02,0704,N20,VIIRS,n,2,295.67,2.55,D,0
20.98944,80.94593,339.03,0.45,0.63,2026-01-02,0704,N20,VIIRS,n,2,296.83,3.55,D,0
21.25213,82.10403,367.0,0.38,0.59,2026-01-02,0704,N20,VIIRS,h,2,299.81,11.57,D,0
21.25135,82.10047,336.28,0.38,0.59,2026-01-02,0704,N20,VIIRS,n,2,299.59,6.91,D,0
21.77923,84.5063,331.53,0.52,0.5,2026-01-02,0704,N20,VIIRS,n,2,296.77,4.13,D,0
21.26053,81.98881,329.44,0.38,0.59,2026-01-02,0704,N20,VIIRS,n,2,296.88,2.92,D,0
21.09337,81.1448,329.69,0.44,0.62,2026-01-02,0704,N20,VIIRS,n,2,296.08,1.0,D,0
21.27463,81.92433,340.07,0.39,0.59,2026-01-02,0704,N20,VIIRS,n,2,297.68,6.25,D,0
21.27384,81.9207,351.23,0.39,0.59,2026-01-02,0704,N20,VIIRS,n,2,299.95,7.36,D,0
22.37766,87.27903,332.04,0.52,0.42,2026-01-02,0704,N20,VIIRS,n,2,299.31,5.2,D,2
21.57771,83.0874,345.64,0.32,0.55,2026-01-02,0704,N20,VIIRS,n,2,298.89,6.57,D,0
21.74484,83.84281,327.03,0.57,0.52,2026-01-02,0704,N20,VIIRS,n,2,298.2,4.84,D,0
21.34914,81.84094,354.94,0.39,0.59,2026-01-02,0704,N20,VIIRS,n,2,298.1,6.24,D,0
22.49912,87.60859,325.47,0.5,0.41,2026-01-02,0704,N20,VIIRS,n,2,294.66,2.39,D,0
21.6945,83.40287,328.28,0.61,0.54,2026-01-02,0704,N20,VIIRS,n,2,295.32,3.47,D,0
22.62631,88.15639,330.29,0.47,0.4,2026-01-02,0704,N20,VIIRS,n,2,296.06,2.86,D,0
21.90026,84.16335,341.18,0.54,0.51,2026-01-02,0704,N20,VIIRS,n,2,297.2,6.43,D,0
21.89921,84.15822,339.36,0.54,0.51,2026-01-02,0704,N20,VIIRS,n,2,297.25,6.43,D,0
21.86454,83.9415,339.05,0.56,0.52,2026-01-02,0704,N20,VIIRS,n,2,297.01,6.04,D,0
21.53765,82.33678,328.27,0.36,0.57,2026-01-02,0704,N20,VIIRS,n,2,295.54,1.28,D,0
21.62312,82.71149,337.64,0.34,0.56,2026-01-02,0704,N20,VIIRS,n,2,297.91,3.04,D,0
21.49899,82.10666,367.0,0.37,0.58,2026-01-02,0704,N20,VIIRS,h,2,298.34,5.85,D,0
21.63923,82.68743,342.25,0.34,0.56,2026-01-02,0704,N20,VIIRS,n,2,299.51,3.34,D,0
21.55129,82.19656,343.02,0.37,0.58,2026-01-02,0704,N20,VIIRS,n,2,295.82,3.35,D,0
21.32802,81.16568,335.35,0.43,0.62,2026-01-02,0704,N20,VIIRS,n,2,296.15,3.54,D,0
21.60557,82.42668,338.95,0.36,0.57,2026-01-02,0704,N20,VIIRS,n,2,297.99,3.98,D,0
21.80564,83.33857,343.34,0.62,0.54,2026-01-02,0704,N20,VIIRS,n,2,297.7,12.32,D,0
21.607,82.42624,342.8,0.35,0.57,2026-01-02,0704,N20,VIIRS,n,2,298.13,3.88,D,0
21.32625,81.16767,332.29,0.43,0.62,2026-01-02,0704,N20,VIIRS,n,2,295.81,2.45,D,0
21.80832,83.33685,344.28,0.61,0.54,2026-01-02,0704,N20,VIIRS,n,2,297.75,10.26,D,0
21.70354,82.67449,333.88,0.34,0.56,2026-01-02,0704,N20,VIIRS,n,2,295.85,3.09,D,0
21.70285,82.67127,333.74,0.34,0.56,2026-01-02,0704,N20,VIIRS,n,2,297.39,3.87,D,0
21.99818,83.96433,327.97,0.56,0.51,2026-01-02,0704,N20,VIIRS,n,2,296.32,3.31,D,0
22.73654,87.8231,334.34,0.48,0.4,2026-01-02,0704,N20,VIIRS,n,2,296.89,4.16,D,0
21.80206,82.94136,332.89,0.33,0.55,2026-01-02,0704,N20,VIIRS,n,2,296.36,2.23,D,0
21.82094,82.98198,338.45,0.32,0.55,2026-01-02,0704,N20,VIIRS,n,2,296.41,2.05,D,0
21.82587,82.98079,331.15,0.32,0.55,2026-01-02,0704,N20,VIIRS,n,2,295.04,2.05,D,0
21.79222,82.67731,329.31,0.34,0.56,2026-01-02,0704,N20,VIIRS,n,2,295.8,1.62,D,0
22.04151,83.73797,338.46,0.57,0.52,2026-01-02,0704,N20,VIIRS,n,2,304.95,11.69,D,2
22.0404,83.73256,351.73,0.57,0.52,2026-01-02,0704,N20,VIIRS,n,2,305.81,11.69,D,2
21.87437,82.9144,327.4,0.33,0.55,2026-01-02,0704,N20,VIIRS,n,2,294.19,1.18,D,0
21.79463,82.465,328.95,0.35,0.57,2026-01-02,0704,N20,VIIRS,n,2,295.55,1.8,D,0
21.86197,82.60649,330.23,0.34,0.56,2026-01-02,0704,N20,VIIRS,n,2,297.02,2.01,D,0
21.88709,82.70103,337.68,0.34,0.56,2026-01-02,0704,N20,VIIRS,n,2,296.94,2.83,D,0
21.87612,82.62336,338.75,0.34,0.56,2026-01-02,0704,N20,VIIRS,n,2,296.51,2.93,D,0
21.83004,82.40408,333.26,0.35,0.57,2026-01-02,0704,N20,VIIRS,n,2,296.88,2.39,D,0
22.97097,88.26421,325.86,0.46,0.39,2026-01-02,0704,N20,VIIRS,n,2,295.4,1.54,D,0
22.97357,88.26537,331.66,0.46,0.39,2026-01-02,0704,N20,VIIRS,n,2,298.13,2.9,D,0
21.89081,82.69959,333.37,0.34,0.56,2026-01-02,0704,N20,VIIRS,n,2,297.03,2.99,D,0
21.87933,82.62215,337.13,0.34,0.56,2026-01-02,0704,N20,VIIRS,n,2,295.91,2.32,D,0
21.83178,82.40347,332.42,0.35,0.57,2026-01-02,0704,N20,VIIRS,n,2,295.79,2.25,D,0
21.90953,82.68848,331.5,0.34,0.56,2026-01-02,0704,N20,VIIRS,n,2,296.41,4.87,D,0
21.90885,82.68532,355.92,0.34,0.56,2026-01-02,0704,N20,VIIRS,n,2,298.34,6.69,D,0
21.91387,82.68411,328.5,0.34,0.56,2026-01-02,0704,N20,VIIRS,n,2,296.6,1.92,D,0
21.89462,82.59462,333.26,0.34,0.56,2026-01-02,0704,N20,VIIRS,n,2,295.36,2.26,D,0
23.93665,94.29095,337.59,0.44,0.38,2026-01-02,0704,N20,VIIRS,n,2,294.73,5.42,D,0
21.89762,82.48454,328.03,0.35,0.56,2026-01-02,0704,N20,VIIRS,n,2,296.64,1.49,D,0
22.96339,87.87057,331.6,0.48,0.4,2026-01-02,0704,N20,VIIRS,n,2,296.09,3.84,D,0
21.91147,82.4743,331.94,0.35,0.57,2026-01-02,0704,N20,VIIRS,n,2,296.35,1.99,D,0
21.92373,82.48164,350.05,0.35,0.56,2026-01-02,0704,N20,VIIRS,n,2,296.41,11.9,D,0
21.92304,82.47838,354.16,0.35,0.56,2026-01-02,0704,N20,VIIRS,n,2,300.64,17.92,D,0
21.93088,82.49014,332.21,0.35,0.56,2026-01-02,0704,N20,VIIRS,n,2,295.88,2.11,D,0
21.91837,82.43123,336.66,0.35,0.57,2026-01-02,0704,N20,VIIRS,n,2,292.27,2.71,D,0
21.91485,82.41466,332.77,0.35,0.57,2026-01-02,0704,N20,VIIRS,n,2,293.86,3.21,D,0
21.90579,82.34676,340.06,0.35,0.57,2026-01-02,0704,N20,VIIRS,n,2,295.62,2.95,D,0
22.96934,87.79749,326.45,0.48,0.4,2026-01-02,0704,N20,VIIRS,n,2,296.22,2.24,D,0
21.95889,82.57225,341.27,0.34,0.56,2026-01-02,0704,N20,VIIRS,n,2,296.95,3.68,D,0
21.93205,82.44522,331.16,0.35,0.57,2026-01-02,0704,N20,VIIRS,n,2,292.63,1.2,D,0
21.96929,82.5459,356.69,0.34,0.56,2026-01-02,0704,N20,VIIRS,n,2,297.43,5.96,D,0
22.71939,86.32444,335.46,0.39,0.44,2026-01-02,0704,N20,VIIRS,n,2,297.49,3.05,D,0
23.67929,86.3932,325.97,0.56,0.43,2026-01-02,0704,N20,VIIRS,n,2,295.62,8.51,D,2
23.90712,87.58411,325.64,0.48,0.4,2026-01-02,0704,N20,VIIRS,n,2,296.65,1.79,D,0
24.92727,94.12341,327.04,0.44,0.39,2026-01-02,0704,N20,VIIRS,n,2,300.73,1.66,D,0
23.71052,86.45319,326.92,0.55,0.43,2026-01-02,0704,N20,VIIRS,l,2,297.16,3.2,D,2
23.73621,86.43465,326.1,0.55,0.43,2026-01-02,0704,N20,VIIRS,l,2,300.63,5.38,D,2
23.67941,86.09367,325.29,0.39,0.44,2026-01-02,0704,N20,VIIRS,n,2,295.16,3.59,D,2
23.67799,86.08627,328.57,0.39,0.44,2026-01-02,0704,N20,VIIRS,n,2,297.73,4.29,D,2
23.75825,86.40216,325.36,0.55,0.43,2026-01-02,0704,N20,VIIRS,l,2,299.17,4.73,D,2
23.76313,86.40671,327.66,0.55,0.43,2026-01-02,0704,N20,VIIRS,l,2,298.34,4.73,D,2
23.70021,86.07352,335.62,0.39,0.44,2026-01-02,0704,N20,VIIRS,n,2,296.83,3.06,D,2
23.86081,86.91164,327.81,0.52,0.41,2026-01-02,0704,N20,VIIRS,n,2,292.35,1.82,D,0
23.76699,86.40583,333.47,0.55,0.43,2026-01-02,0704,N20,VIIRS,n,2,298.1,7.12,D,2
24.01615,87.73029,329.95,0.47,0.4,2026-01-02,0704,N20,VIIRS,n,2,295.95,2.68,D,0
24.05005,87.90125,327.8,0.46,0.39,2026-01-02,0704,N20,VIIRS,n,2,296.0,2.11,D,0
23.78047,86.39182,338.41,0.55,0.43,2026-01-02,0704,N20,VIIRS,n,2,303.1,6.72,D,2
23.77546,86.36495,332.83,0.56,0.43,2026-01-02,0704,N20,VIIRS,n,2,299.45,4.85,D,2
25.32108,96.56355,336.32,0.39,0.44,2026-01-02,0704,N20,VIIRS,n,2,294.32,3.15,D,0
23.80538,86.33049,326.96,0.56,0.43,2026-01-02,0704,N20,VIIRS,l,2,299.74,6.34,D,2
23.64679,85.44001,339.79,0.42,0.45,2026-01-02,0704,N20,VIIRS,n,2,298.15,4.08,D,2
24.08671,87.8143,340.1,0.47,0.39,2026-01-02,0704,N20,VIIRS,n,2,297.9,3.86,D,0
24.08843,87.81545,325.75,0.47,0.39,2026-01-02,0704,N20,VIIRS,l,2,296.79,1.6,D,0
24.97634,92.67111,330.14,0.4,0.37,2026-01-02,0704,N20,VIIRS,n,2,298.5,2.58,D,0
25.24634,94.50056,335.71,0.46,0.39,2026-01-02,0704,N20,VIIRS,n,2,304.12,7.06,D,0
25.26134,94.53163,341.74,0.47,0.39,2026-01-02,0704,N20,VIIRS,n,2,300.48,13.28,D,0
23.1648,82.34267,327.24,0.33,0.56,2026-01-02,0704,N20,VIIRS,n,2,296.15,3.23,D,2
23.16345,82.33641,326.7,0.33,0.56,2026-01-02,0704,N20,VIIRS,n,2,295.87,4.01,D,2
25.65997,96.67166,338.97,0.4,0.45,2026-01-02,0704,N20,VIIRS,n,2,297.75,4.08,D,0
25.65951,96.66763,339.73,0.4,0.45,2026-01-02,0704,N20,VIIRS,n,2,301.34,5.05,D,0
23.99893,85.56738,325.76,0.41,0.45,2026-01-02,0704,N20,VIIRS,l,2,295.77,1.86,D,0
23.82698,84.57279,336.29,0.47,0.48,2026-01-02,0704,N20,VIIRS,n,2,301.51,5.57,D,0
22.63396,79.19866,325.35,0.54,0.68,2026-01-02,0704,N20,VIIRS,n,2,292.98,3.17,D,0
25.23248,92.75473,331.35,0.4,0.37,2026-01-02,0704,N20,VIIRS,n,2,292.41,2.43,D,0
25.2505,92.76028,331.71,0.4,0.37,2026-01-02,0704,N20,VIIRS,n,2,296.49,2.89,D,0
25.45768,94.07246,330.04,0.45,0.39,2026-01-02,0704,N20,VIIRS,n,2,291.39,2.35,D,0
25.30327,92.74318,332.21,0.4,0.37,2026-01-02,0704,N20,VIIRS,n,2,296.1,3.09,D,0
25.30832,92.42745,329.18,0.4,0.37,2026-01-02,0704,N20,VIIRS,n,2,302.98,3.3,D,0
25.34466,92.56232,336.53,0.4,0.37,2026-01-02,0704,N20,VIIRS,n,2,298.35,5.97,D,0
25.35361,92.55275,326.39,0.4,0.37,2026-01-02,0704,N20,VIIRS,n,2,300.17,2.29,D,0
25.24619,91.74205,340.48,0.39,0.36,2026-01-02,0704,N20,VIIRS,n,2,296.91,3.74,D,0
22.82826,79.09544,342.14,0.54,0.68,2026-01-02,0704,N20,VIIRS,n,2,292.02,5.61,D,0
25.32703,92.27197,327.92,0.39,0.37,2026-01-02,0704,N20,VIIRS,n,2,302.0,1.99,D,0
25.24948,91.74142,336.35,0.39,0.36,2026-01-02,0704,N20,VIIRS,n,2,299.65,3.74,D,0
22.90247,79.38474,333.02,0.52,0.67,2026-01-02,0704,N20,VIIRS,n,2,291.09,3.82,D,0
25.60134,94.20429,332.37,0.45,0.39,2026-01-02,0704,N20,VIIRS,n,2,294.93,4.08,D,0
25.35729,92.41081,333.05,0.4,0.37,2026-01-02,0704,N20,VIIRS,n,2,301.03,2.06,D,0
20.82949,86.96231,337.57,0.38,0.43,2026-01-02,0704,N20,VIIRS,n,2,302.44,5.41,D,0
20.83343,86.96149,327.43,0.38,0.43,2026-01-02,0704,N20,VIIRS,l,2,300.51,4.22,D,0
19.92532,82.30013,328.69,0.39,0.59,2026-01-02,0704,N20,VIIRS,n,2,296.13,2.79,D,0
19.92458,82.29663,328.31,0.39,0.59,2026-01-02,0704,N20,VIIRS,n,2,297.65,2.79,D,0
20.77053,86.41659,339.96,0.41,0.45,2026-01-02,0704,N20,VIIRS,n,2,298.13,4.26,D,0
20.77724,86.40704,327.97,0.41,0.45,2026-01-02,0704,N20,VIIRS,n,2,297.92,1.85,D,0
20.77965,86.40273,341.78,0.41,0.45,2026-01-02,0704,N20,VIIRS,n,2,299.07,4.23,D,0
20.00165,82.43524,327.34,0.38,0.59,2026-01-02,0704,N20,VIIRS,n,2,298.05,2.04,D,0
20.82918,86.4408,337.49,0.41,0.45,2026-01-02,0704,N20,VIIRS,n,2,298.59,2.25,D,0
20.80559,86.31562,332.32,0.42,0.45,2026-01-02,0704,N20,VIIRS,n,2,298.23,2.21,D,0
20.82601,86.35629,327.31,0.42,0.45,2026-01-02,0704,N20,VIIRS,n,2,299.22,1.98,D,0
20.26126,83.01373,330.08,0.35,0.56,2026-01-02,0704,N20,VIIRS,n,2,297.48,2.83,D,0
20.26058,83.01048,332.04,0.35,0.56,2026-01-02,0704,N20,VIIRS,n,2,299.44,3.05,D,0
20.79278,85.2549,337.1,0.49,0.48,2026-01-02,0704,N20,VIIRS,n,2,296.39,5.52,D,2
21.00306,86.24915,327.21,0.42,0.45,2026-01-02,0704,N20,VIIRS,l,2,297.71,1.47,D,0
20.96124,86.00707,339.38,0.43,0.46,2026-01-02,0704,N20,VIIRS,n,2,295.63,5.6,D,2
22.31028,94.08749,332.03,0.42,0.38,2026-01-02,0704,N20,VIIRS,n,2,300.38,7.82,D,0
20.99761,86.01626,340.43,0.43,0.46,2026-01-02,0704,N20,VIIRS,n,2,297.51,8.95,D,2
20.99685,86.0122,326.95,0.43,0.46,2026-01-02,0704,N20,VIIRS,n,2,297.72,5.55,D,2
22.6216,96.08562,333.2,0.52,0.41,2026-01-02,0704,N20,VIIRS,n,2,299.7,6.58,D,0
22.62094,96.08338,329.09,0.52,0.41,2026-01-02,0704,N20,VIIRS,l,2,299.61,3.37,D,0
21.19319,86.72176,328.37,0.39,0.44,2026-01-02,0704,N20,VIIRS,n,2,297.78,2.93,D,0
22.5635,95.35725,336.12,0.48,0.4,2026-01-02,0704,N20,VIIRS,n,2,300.94,4.64,D,0
20.88573,84.98479,330.67,0.5,0.49,2026-01-02,0704,N20,VIIRS,n,2,297.36,4.62,D,2
21.83165,90.22745,329.01,0.4,0.37,2026-01-02,0704,N20,VIIRS,n,2,297.18,2.29,D,0
20.89016,84.98376,332.63,0.5,0.49,2026-01-02,0704,N20,VIIRS,n,2,295.88,4.62,D,2
21.2115,86.50777,334.32,0.4,0.44,2026-01-02,0704,N20,VIIRS,n,2,297.66,4.6,D,0
20.96275,85.19108,327.19,0.49,0.48,2026-01-02,0704,N20,VIIRS,l,2,299.63,5.66,D,2
21.1241,86.01559,339.6,0.43,0.46,2026-01-02,0704,N20,VIIRS,n,2,297.71,3.72,D,0
20.96975,85.18002,339.71,0.49,0.48,2026-01-02,0704,N20,VIIRS,n,2,297.2,4.9,D,2
20.96886,85.1754,329.93,0.49,0.48,2026-01-02,0704,N20,VIIRS,n,2,297.67,4.9,D,2
20.96869,85.17719,346.94,0.49,0.48,2026-01-02,0704,N20,VIIRS,n,2,300.27,8.34,D,2
20.96777,85.17258,328.06,0.49,0.48,2026-01-02,0704,N20,VIIRS,n,2,297.35,5.51,D,2
20.3146,81.99559,330.02,0.4,0.6,2026-01-02,0704,N20,VIIRS,l,2,301.82,3.82,D,0
21.17284,85.99302,336.3,0.43,0.46,2026-01-02,0704,N20,VIIRS,n,2,298.75,3.02,D,0
21.17699,85.99213,326.79,0.43,0.46,2026-01-02,0704,N20,VIIRS,n,2,297.42,3.02,D,0
20.80729,83.9981,339.01,0.58,0.52,2026-01-02,0704,N20,VIIRS,n,2,297.49,4.28,D,0
22.4543,93.54395,329.41,0.41,0.37,2026-01-02,0704,N20,VIIRS,n,2,294.88,2.62,D,0
22.69095,95.25056,332.68,0.47,0.4,2026-01-02,0704,N20,VIIRS,n,2,299.14,2.38,D,0
22.75862,95.36935,333.63,0.48,0.4,2026-01-02,0704,N20,VIIRS,n,2,296.6,3.27,D,0
26.84457,92.33458,331.62,0.4,0.37,2026-01-02,0705,N20,VIIRS,n,2,298.14,2.43,D,0
22.82763,79.09425,342.82,0.54,0.68,2026-01-02,0705,N20,VIIRS,n,2,292.47,4.91,D,0
22.90367,79.38274,332.95,0.52,0.67,2026-01-02,0705,N20,VIIRS,n,2,291.38,3.83,D,0
25.42554,92.51251,331.49,0.4,0.37,2026-01-02,0705,N20,VIIRS,n,2,300.35,3.83,D,0
25.42324,92.42397,327.85,0.4,0.37,2026-01-02,0705,N20,VIIRS,n,2,300.48,2.95,D,0
25.41696,92.28452,325.57,0.4,0.37,2026-01-02,0705,N20,VIIRS,l,2,298.38,1.18,D,0
25.32367,91.3736,329.04,0.38,0.36,2026-01-02,0705,N20,VIIRS,n,2,296.39,2.68,D,0
25.71736,93.64062,329.43,0.43,0.38,2026-01-02,0705,N20,VIIRS,n,2,295.3,2.67,D,0
25.61551,92.62689,330.93,0.4,0.37,2026-01-02,0705,N20,VIIRS,n,2,297.24,7.64,D,0
25.61666,92.62329,327.35,0.4,0.37,2026-01-02,0705,N20,VIIRS,n,2,293.47,1.74,D,0
25.56881,92.2349,327.12,0.39,0.37,2026-01-02,0705,N20,VIIRS,n,2,293.26,1.2,D,0
25.45668,91.3963,333.06,0.39,0.36,2026-01-02,0705,N20,VIIRS,n,2,299.05,3.8,D,0
25.6894,92.45613,343.96,0.4,0.37,2026-01-02,0705,N20,VIIRS,n,2,297.93,8.83,D,0
25.69609,92.45494,331.29,0.4,0.37,2026-01-02,0705,N20,VIIRS,n,2,295.74,2.94,D,0
25.65847,92.15148,334.35,0.39,0.36,2026-01-02,0705,N20,VIIRS,n,2,294.43,3.06,D,0
25.65893,91.77857,330.59,0.39,0.36,2026-01-02,0705,N20,VIIRS,n,2,295.02,2.58,D,0
26.07953,94.40572,343.15,0.47,0.4,2026-01-02,0705,N20,VIIRS,n,2,297.28,6.98,D,0
25.03377,87.36951,328.61,0.47,0.4,2026-01-02,0705,N20,VIIRS,n,2,297.36,3.68,D,0
25.76572,91.83531,329.61,0.39,0.36,2026-01-02,0705,N20,VIIRS,n,2,295.74,2.36,D,0
26.17842,94.68917,327.81,0.48,0.4,2026-01-02,0705,N20,VIIRS,n,2,287.08,3.92,D,0
25.92761,92.72823,328.13,0.41,0.37,2026-01-02,0705,N20,VIIRS,n,2,299.01,2.65,D,0
26.07486,92.83247,336.12,0.41,0.37,2026-01-02,0705,N20,VIIRS,n,2,300.83,4.95,D,0
25.88983,91.11485,332.19,0.38,0.36,2026-01-02,0705,N20,VIIRS,n,2,296.56,3.68,D,0
26.11978,92.67603,331.96,0.41,0.37,2026-01-02,0705,N20,VIIRS,n,2,300.64,3.19,D,0
26.63382,95.53714,328.21,0.54,0.42,2026-01-02,0705,N20,VIIRS,l,2,302.09,9.11,D,0
26.63842,95.54256,330.27,0.54,0.42,2026-01-02,0705,N20,VIIRS,n,2,294.05,11.83,D,0
26.63767,95.53642,337.69,0.54,0.42,2026-01-02,0705,N20,VIIRS,n,2,305.16,30.29,D,0
26.63557,95.53981,336.31,0.54,0.42,2026-01-02,0705,N20,VIIRS,n,2,305.05,24.06,D,0
26.63485,95.53352,332.34,0.54,0.42,2026-01-02,0705,N20,VIIRS,n,2,303.78,24.06,D,0
26.75314,95.42363,327.27,0.53,0.42,2026-01-02,0705,N20,VIIRS,n,2,286.67,1.79,D,0
26.73167,94.6785,330.53,0.49,0.4,2026-01-02,0705,N20,VIIRS,n,2,294.58,14.01,D,0
25.04382,84.24969,342.3,0.47,0.47,2026-01-02,0705,N20,VIIRS,n,2,293.94,5.5,D,0
26.73538,94.67801,330.59,0.49,0.4,2026-01-02,0705,N20,VIIRS,n,2,295.43,14.01,D,0
26.81932,95.29167,335.28,0.53,0.42,2026-01-02,0705,N20,VIIRS,n,2,291.65,3.29,D,0
26.82378,95.29629,331.55,0.53,0.42,2026-01-02,0705,N20,VIIRS,n,2,291.99,6.6,D,0
26.82318,95.29136,342.53,0.53,0.42,2026-01-02,0705,N20,VIIRS,n,2,294.29,6.6,D,0
26.76073,94.69933,327.16,0.49,0.4,2026-01-02,0705,N20,VIIRS,l,2,297.8,5.82,D,0
26.82175,95.28954,338.34,0.53,0.42,2026-01-02,0705,N20,VIIRS,n,2,293.59,11.59,D,0
26.8262,95.29428,336.88,0.53,0.42,2026-01-02,0705,N20,VIIRS,n,2,292.88,7.96,D,0
26.75951,94.70206,332.91,0.49,0.4,2026-01-02,0705,N20,VIIRS,n,2,296.8,6.91,D,0
26.76322,94.70152,343.9,0.49,0.4,2026-01-02,0705,N20,VIIRS,n,2,296.79,6.91,D,0
26.88752,95.41719,348.84,0.54,0.42,2026-01-02,0705,N20,VIIRS,n,2,297.32,23.91,D,0
26.89204,95.42223,336.65,0.54,0.42,2026-01-02,0705,N20,VIIRS,n,2,300.48,26.67,D,0
26.89145,95.41721,349.17,0.54,0.42,2026-01-02,0705,N20,VIIRS,n,2,297.95,26.67,D,0
26.89086,95.41223,329.32,0.54,0.42,2026-01-02,0705,N20,VIIRS,n,2,293.29,9.15,D,0
26.89597,95.42223,331.28,0.54,0.42,2026-01-02,0705,N20,VIIRS,n,2,291.5,26.67,D,0
26.51067,92.04157,332.22,0.4,0.37,2026-01-02,0705,N20,VIIRS,n,2,298.18,3.88,D,0
26.53295,92.05382,336.89,0.4,0.37,2026-01-02,0705,N20,VIIRS,n,2,300.37,6.41,D,0
26.5051,91.71721,332.35,0.39,0.36,2026-01-02,0705,N20,VIIRS,n,2,298.95,3.24,D,0
26.93517,94.05144,326.72,0.46,0.39,2026-01-02,0705,N20,VIIRS,n,2,298.47,1.95,D,0
26.52223,90.53403,329.72,0.38,0.36,2026-01-02,0705,N20,VIIRS,n,2,295.2,3.86,D,2
25.3622,83.87873,327.42,0.48,0.48,2026-01-02,0705,N20,VIIRS,n,2,291.69,2.08,D,0
27.06917,94.11176,326.15,0.47,0.39,2026-01-02,0705,N20,VIIRS,n,2,299.46,2.52,D,0
27.06857,94.10708,331.43,0.47,0.39,2026-01-02,0705,N20,VIIRS,n,2,297.56,2.52,D,0
26.844,92.33055,330.53,0.4,0.37,2026-01-02,0705,N20,VIIRS,n,2,299.56,2.43,D,0
27.07402,94.0066,327.17,0.46,0.39,2026-01-02,0705,N20,VIIRS,n,2,296.26,1.93,D,0
26.88821,92.4146,335.33,0.41,0.37,2026-01-02,0705,N20,VIIRS,n,2,302.86,9.65,D,0
26.61274,90.13094,331.36,0.39,0.36,2026-01-02,0705,N20,VIIRS,n,2,298.17,4.12,D,0
25.50317,83.91994,325.37,0.48,0.48,2026-01-02,0705,N20,VIIRS,n,2,291.28,2.38,D,0
27.26251,94.7311,327.03,0.5,0.41,2026-01-02,0705,N20,VIIRS,l,2,298.74,9.41,D,0
27.26686,94.73557,342.23,0.5,0.41,2026-01-02,0705,N20,VIIRS,n,2,300.83,9.41,D,0
27.22124,94.16662,333.4,0.47,0.4,2026-01-02,0705,N20,VIIRS,n,2,299.34,3.97,D,0
27.0187,92.60499,325.81,0.41,0.37,2026-01-02,0705,N20,VIIRS,n,2,294.67,4.46,D,0
27.37906,95.33481,325.86,0.54,0.42,2026-01-02,0705,N20,VIIRS,l,2,297.01,3.73,D,0
27.243,94.21809,328.32,0.47,0.4,2026-01-02,0705,N20,VIIRS,l,2,298.65,2.26,D,0
27.58163,96.38888,340.24,0.41,0.45,2026-01-02,0705,N20,VIIRS,n,2,298.89,8.5,D,0
27.39367,94.41309,328.21,0.48,0.4,2026-01-02,0705,N20,VIIRS,n,2,297.54,2.06,D,0
27.59674,95.8998,327.16,0.39,0.44,2026-01-02,0705,N20,VIIRS,n,2,295.65,2.97,D,0
27.5963,95.89589,336.76,0.39,0.44,2026-01-02,0705,N20,VIIRS,n,2,297.43,3.78,D,0
27.48915,94.69669,335.38,0.5,0.41,2026-01-02,0705,N20,VIIRS,n,2,299.42,7.26,D,0
27.69078,96.29293,337.38,0.41,0.45,2026-01-02,0705,N20,VIIRS,n,2,300.31,11.99,D,0
27.58394,94.7778,328.07,0.51,0.41,2026-01-02,0705,N20,VIIRS,n,2,296.5,2.53,D,0
27.52043,93.73105,335.27,0.45,0.39,2026-01-02,0705,N20,VIIRS,n,2,294.6,3.26,D,0
27.38357,92.56236,341.8,0.41,0.37,2026-01-02,0705,N20,VIIRS,n,2,294.29,5.08,D,0
26.23754,84.87884,340.25,0.41,0.45,2026-01-02,0705,N20,VIIRS,n,2,294.4,7.51,D,0
27.80291,93.43526,330.85,0.44,0.39,2026-01-02,0705,N20,VIIRS,n,2,291.34,4.79,D,0
28.16632,95.38062,342.42,0.55,0.43,2026-01-02,0705,N20,VIIRS,n,2,296.0,6.68,D,0
26.47662,84.57304,340.77,0.42,0.45,2026-01-02,0705,N20,VIIRS,n,2,296.92,12.54,D,0
27.33989,89.15845,337.57,0.39,0.37,2026-01-02,0705,N20,VIIRS,n,2,290.22,4.13,D,0
27.34383,89.16174,346.1,0.39,0.37,2026-01-02,0705,N20,VIIRS,n,2,290.57,28.46,D,0
27.34319,89.15778,351.08,0.39,0.37,2026-01-02,0705,N20,VIIRS,n,2,308.94,28.46,D,0
27.34255,89.15379,326.45,0.4,0.37,2026-01-02,0705,N20,VIIRS,n,2,286.04,7.18,D,0
27.48226,89.62161,329.92,0.39,0.36,2026-01-02,0705,N20,VIIRS,n,2,292.96,3.73,D,0
26.50984,82.22019,331.3,0.58,0.52,2026-01-02,0705,N20,VIIRS,n,2,291.47,3.1,D,0
26.67425,82.30773,335.62,0.57,0.52,2026-01-02,0705,N20,VIIRS,n,2,291.52,5.16,D,0
27.23341,84.09818,331.23,0.43,0.46,2026-01-02,0705,N20,VIIRS,n,2,294.64,2.45,D,0
29.94983,80.14056,327.82,0.32,0.55,2026-01-02,0706,N20,VIIRS,n,2,287.46,1.84,D,0
28.21735,88.66665,335.05,0.4,0.37,2026-01-02,0706,N20,VIIRS,n,2,287.13,9.75,D,0
28.22066,88.66597,356.24,0.4,0.37,2026-01-02,0706,N20,VIIRS,l,2,284.04,9.75,D,0
27.42084,81.97469,340.14,0.57,0.52,2026-01-02,0706,N20,VIIRS,n,2,289.89,9.3,D,0
29.82578,79.83706,327.32,0.34,0.56,2026-01-02,0706,N20,VIIRS,n,2,287.21,2.79,D,0
30.51452,78.15203,327.1,0.41,0.61,2026-01-02,0707,N20,VIIRS,n,2,287.62,7.71,D,0
30.51467,78.15164,328.62,0.41,0.61,2026-01-02,0707,N20,VIIRS,n,2,287.43,2.78,D,0
31.07726,78.21444,335.08,0.4,0.6,2026-01-02,0707,N20,VIIRS,n,2,286.68,4.59,D,0
31.07601,78.20934,325.3,0.4,0.6,2026-01-02,0707,N20,VIIRS,n,2,287.17,4.07,D,0
30.89644,77.0967,327.36,0.47,0.64,2026-01-02,0707,N20,VIIRS,n,2,286.98,2.92,D,0
31.07858,78.21252,350.37,0.4,0.6,2026-01-02,0707,N20,VIIRS,n,2,291.78,8.51,D,0
29.95599,78.88594,330.21,0.39,0.59,2026-01-02,0707,N20,VIIRS,n,2,288.07,2.97,D,0
30.02933,78.95653,367.0,0.38,0.59,2026-01-02,0707,N20,VIIRS,h,2,293.55,15.08,D,0
30.02862,78.95356,344.95,0.38,0.59,2026-01-02,0707,N20,VIIRS,n,2,289.74,15.08,D,0
30.13643,78.10562,330.44,0.42,0.61,2026-01-02,0707,N20,VIIRS,n,2,287.72,2.63,D,0
32.49969,73.45966,327.47,0.68,0.74,2026-01-02,0708,N20,VIIRS,n,2,287.69,5.11,D,0
32.49617,73.46073,328.04,0.68,0.74,2026-01-02,0708,N20,VIIRS,n,2,287.69,4.02,D,0
9.5413,78.48026,346.52,0.36,0.58,2026-01-02,0841,N20,VIIRS,n,2,288.95,4.53,D,0
9.5421,78.48086,346.08,0.36,0.58,2026-01-02,0841,N20,VIIRS,n,2,289.29,4.58,D,0
13.8119,77.51971,339.89,0.36,0.57,2026-01-02,0842,N20,VIIRS,n,2,299.84,4.96,D,0
13.7683,77.60197,340.4,0.36,0.57,2026-01-02,0842,N20,VIIRS,n,2,298.57,3.17,D,0
13.54724,77.21339,331.63,0.34,0.56,2026-01-02,0842,N20,VIIRS,n,2,298.13,2.4,D,0
13.8115,77.5164,346.11,0.36,0.57,2026-01-02,0842,N20,VIIRS,n,2,301.64,5.42,D,0
16.17123,74.5242,335.98,0.48,0.48,2026-01-02,0843,N20,VIIRS,n,2,303.77,3.42,D,0
16.43677,76.88221,331.39,0.35,0.57,2026-01-02,0843,N20,VIIRS,n,2,297.42,2.6,D,0
16.40542,78.05071,338.63,0.42,0.61,2026-01-02,0843,N20,VIIRS,n,2,296.36,3.7,D,0
16.40775,78.05095,338.72,0.42,0.61,2026-01-02,0843,N20,VIIRS,n,2,297.15,2.7,D,0
16.30585,77.28289,339.77,0.37,0.58,2026-01-02,0843,N20,VIIRS,n,2,299.69,2.45,D,0
16.18858,77.04712,338.67,0.36,0.57,2026-01-02,0843,N20,VIIRS,n,2,297.46,3.5,D,0
16.18896,77.05049,332.29,0.36,0.57,2026-01-02,0843,N20,VIIRS,n,2,297.45,2.9,D,0
16.09303,76.53358,331.2,0.33,0.55,2026-01-02,0843,N20,VIIRS,n,2,300.2,1.25,D,0
16.07749,76.9558,336.11,0.35,0.57,2026-01-02,0843,N20,VIIRS,n,2,298.64,2.84,D,0
16.07666,76.95434,346.94,0.35,0.57,2026-01-02,0843,N20,VIIRS,n,2,299.75,3.2,D,0
16.05083,76.82226,343.87,0.34,0.56,2026-01-02,0843,N20,VIIRS,n,2,298.82,3.49,D,0
16.19224,79.05811,329.46,0.49,0.65,2026-01-02,0843,N20,VIIRS,n,2,294.26,3.07,D,0
17.18798,76.6441,330.08,0.35,0.56,2026-01-02,0843,N20,VIIRS,n,2,295.04,1.83,D,0
15.78191,76.39321,337.87,0.32,0.54,2026-01-02,0843,N20,VIIRS,n,2,300.42,1.42,D,0
15.52918,76.02596,335.34,0.6,0.53,2026-01-02,0843,N20,VIIRS,n,2,300.96,5.53,D,0
15.27335,74.04659,332.65,0.44,0.46,2026-01-02,0843,N20,VIIRS,n,2,296.43,5.61,D,0
15.43948,76.92083,331.83,0.34,0.56,2026-01-02,0843,N20,VIIRS,n,2,298.91,2.85,D,0
15.37571,76.88314,348.83,0.34,0.56,2026-01-02,0843,N20,VIIRS,n,2,300.69,3.31,D,0
14.91701,76.69896,332.5,0.33,0.55,2026-01-02,0843,N20,VIIRS,n,2,297.72,2.81,D,0
14.72766,75.19292,337.55,0.51,0.5,2026-01-02,0843,N20,VIIRS,n,2,299.18,4.47,D,0
14.88067,77.0815,367.0,0.34,0.56,2026-01-02,0843,N20,VIIRS,h,2,302.36,8.07,D,0
14.75597,76.97186,336.9,0.34,0.56,2026-01-02,0843,N20,VIIRS,n,2,302.09,2.56,D,0
14.44053,77.69326,332.22,0.37,0.58,2026-01-02,0843,N20,VIIRS,n,2,297.46,2.26,D,0
14.19589,76.15188,342.26,0.58,0.52,2026-01-02,0843,N20,VIIRS,n,2,299.72,9.33,D,0
14.16871,76.2841,333.71,0.6,0.53,2026-01-02,0843,N20,VIIRS,n,2,297.72,5.16,D,0
14.25025,77.21124,338.46,0.35,0.56,2026-01-02,0843,N20,VIIRS,n,2,297.61,3.42,D,0
14.24101,77.22214,330.07,0.35,0.56,2026-01-02,0843,N20,VIIRS,n,2,297.98,2.82,D,0
14.22354,78.33937,346.53,0.41,0.61,2026-01-02,0843,N20,VIIRS,n,2,295.88,4.33,D,0
14.22455,78.33879,341.59,0.41,0.61,2026-01-02,0843,N20,VIIRS,n,2,296.19,3.33,D,0
13.81156,77.51805,367.0,0.36,0.57,2026-01-02,0843,N20,VIIRS,h,2,301.15,6.26,D,0
16.92649,74.33463,330.96,0.48,0.48,2026-01-02,0843,N20,VIIRS,n,2,296.95,3.19,D,0
15.89388,76.74953,337.03,0.34,0.56,2026-01-02,0843,N20,VIIRS,n,2,298.77,3.87,D,0
16.65846,74.69896,334.76,0.5,0.49,2026-01-02,0843,N20,VIIRS,n,2,300.54,2.08,D,0
16.71821,75.7235,340.68,0.59,0.53,2026-01-02,0843,N20,VIIRS,n,2,302.05,8.35,D,0
16.43072,73.67357,346.1,0.43,0.46,2026-01-02,0843,N20,VIIRS,n,2,300.03,5.52,D,0
16.20779,73.7474,339.55,0.43,0.46,2026-01-02,0843,N20,VIIRS,n,2,297.01,4.41,D,0
16.45835,75.99545,330.37,0.61,0.54,2026-01-02,0843,N20,VIIRS,n,2,301.49,5.11,D,0
20.12869,74.03229,340.07,0.51,0.49,2026-01-02,0844,N20,VIIRS,n,2,299.73,7.34,D,0
20.1269,74.03009,340.16,0.51,0.49,2026-01-02,0844,N20,VIIRS,n,2,300.06,10.21,D,0
19.70634,73.4951,341.67,0.46,0.47,2026-01-02,0844,N20,VIIRS,n,2,301.36,4.88,D,0
19.6959,75.1973,340.06,0.6,0.53,2026-01-02,0844,N20,VIIRS,n,2,300.42,14.98,D,0
19.49008,73.66973,336.06,0.47,0.48,2026-01-02,0844,N20,VIIRS,n,2,302.13,10.8,D,0
19.49059,73.67403,340.33,0.47,0.48,2026-01-02,0844,N20,VIIRS,n,2,300.64,10.8,D,0
19.71139,75.81345,342.4,0.33,0.55,2026-01-02,0844,N20,VIIRS,n,2,300.62,3.43,D,0
19.37082,74.58448,341.84,0.54,0.51,2026-01-02,0844,N20,VIIRS,n,2,299.99,11.19,D,0
19.47822,75.66997,339.9,0.32,0.54,2026-01-02,0844,N20,VIIRS,n,2,297.43,2.91,D,0
19.17706,73.12796,337.17,0.43,0.46,2026-01-02,0844,N20,VIIRS,n,2,300.97,3.14,D,0
19.17807,74.02822,337.12,0.49,0.49,2026-01-02,0844,N20,VIIRS,n,2,297.99,5.1,D,0
19.31525,75.57471,334.45,0.62,0.54,2026-01-02,0844,N20,VIIRS,n,2,299.42,4.94,D,0
19.03542,73.30919,339.78,0.44,0.46,2026-01-02,0844,N20,VIIRS,n,2,298.46,5.02,D,0
19.48825,77.50025,354.08,0.42,0.61,2026-01-02,0844,N20,VIIRS,n,2,297.25,5.97,D,0
19.40125,77.24268,330.4,0.4,0.6,2026-01-02,0844,N20,VIIRS,n,2,294.83,3.1,D,0
19.39725,77.03943,341.16,0.39,0.59,2026-01-02,0844,N20,VIIRS,n,2,296.05,2.92,D,0
19.40151,77.24224,337.27,0.4,0.6,2026-01-02,0844,N20,VIIRS,n,2,295.27,2.73,D,0
19.02782,73.99628,336.83,0.49,0.48,2026-01-02,0844,N20,VIIRS,n,2,299.29,4.89,D,0
18.92617,73.33086,333.95,0.44,0.46,2026-01-02,0844,N20,VIIRS,n,2,299.81,3.3,D,0
18.95388,74.20013,346.76,0.5,0.49,2026-01-02,0844,N20,VIIRS,n,2,300.48,10.16,D,0
19.14665,76.88636,332.69,0.38,0.59,2026-01-02,0844,N20,VIIRS,n,2,297.65,1.84,D,0
18.99435,76.14078,344.02,0.34,0.56,2026-01-02,0844,N20,VIIRS,n,2,295.72,3.96,D,0
18.99468,76.14398,336.77,0.34,0.56,2026-01-02,0844,N20,VIIRS,n,2,293.84,3.96,D,0
18.69892,74.76747,340.8,0.54,0.51,2026-01-02,0844,N20,VIIRS,n,2,299.68,5.77,D,0
18.12722,73.02097,332.45,0.41,0.45,2026-01-02,0844,N20,VIIRS,n,2,297.24,2.64,D,0
18.58101,77.03055,352.68,0.38,0.59,2026-01-02,0844,N20,VIIRS,n,2,299.2,8.18,D,0
18.1598,73.88193,337.05,0.47,0.48,2026-01-02,0844,N20,VIIRS,n,2,297.69,4.65,D,0
18.06065,74.76557,342.8,0.53,0.5,2026-01-02,0844,N20,VIIRS,n,2,299.41,5.87,D,0
18.11237,76.56747,335.13,0.35,0.57,2026-01-02,0844,N20,VIIRS,n,2,295.15,1.24,D,0
17.86157,74.89386,335.11,0.54,0.51,2026-01-02,0844,N20,VIIRS,n,2,292.64,4.45,D,0
17.80003,76.20934,350.57,0.33,0.55,2026-01-02,0844,N20,VIIRS,n,2,300.63,4.31,D,0
17.77891,76.15868,332.66,0.33,0.55,2026-01-02,0844,N20,VIIRS,n,2,296.3,1.93,D,0
17.57627,74.45633,336.22,0.5,0.49,2026-01-02,0844,N20,VIIRS,n,2,298.4,6.37,D,0
17.60027,74.89468,340.37,0.54,0.5,2026-01-02,0844,N20,VIIRS,n,2,297.58,5.07,D,0
17.58541,75.48341,339.78,0.58,0.52,2026-01-02,0844,N20,VIIRS,n,2,297.86,9.91,D,0
17.48715,77.92144,331.81,0.42,0.61,2026-01-02,0844,N20,VIIRS,n,2,294.58,2.05,D,0
22.2579,72.0843,333.62,0.41,0.45,2026-01-02,0845,N20,VIIRS,n,2,299.83,3.26,D,0
21.41232,81.4323,336.28,0.79,0.78,2026-01-02,0845,N20,VIIRS,n,2,293.12,6.73,D,0
21.18346,76.55931,332.32,0.38,0.59,2026-01-02,0845,N20,VIIRS,n,2,296.04,2.93,D,0
21.10515,72.6481,345.09,0.43,0.46,2026-01-02,0845,N20,VIIRS,n,2,305.18,9.74,D,2
21.10369,72.63578,334.78,0.43,0.46,2026-01-02,0845,N20,VIIRS,n,2,301.1,10.55,D,2
21.12283,71.70778,330.44,0.56,0.43,2026-01-02,0845,N20,VIIRS,l,2,301.2,2.06,D,0
21.09982,70.802,330.08,0.5,0.41,2026-01-02,0845,N20,VIIRS,n,2,299.31,2.24,D,0
21.84669,71.76092,330.59,0.39,0.44,2026-01-02,0845,N20,VIIRS,l,2,301.7,3.32,D,0
21.87044,70.98444,330.68,0.53,0.42,2026-01-02,0845,N20,VIIRS,n,2,301.85,1.62,D,0
22.157,72.0698,337.44,0.41,0.45,2026-01-02,0845,N20,VIIRS,n,2,302.16,14.61,D,0
22.25742,72.08036,334.49,0.41,0.45,2026-01-02,0845,N20,VIIRS,n,2,302.17,3.26,D,0
22.57535,71.93767,341.48,0.4,0.44,2026-01-02,0845,N20,VIIRS,n,2,301.98,3.45,D,0
22.57479,71.93767,340.68,0.4,0.45,2026-01-02,0845,N20,VIIRS,n,2,301.72,3.02,D,0
22.41486,69.04044,335.81,0.43,0.38,2026-01-02,0845,N20,VIIRS,n,2,304.37,5.01,D,0
22.93061,70.10718,341.69,0.49,0.4,2026-01-02,0845,N20,VIIRS,n,2,308.0,7.34,D,0
23.11335,69.42868,334.52,0.46,0.39,2026-01-02,0845,N20,VIIRS,n,2,304.23,6.23,D,0
23.16196,69.76581,339.16,0.47,0.4,2026-01-02,0845,N20,VIIRS,n,2,303.85,4.96,D,0
23.22449,69.73013,330.13,0.47,0.4,2026-01-02,0845,N20,VIIRS,n,2,299.35,1.04,D,0
26.41856,68.095,330.33,0.43,0.38,2026-01-02,0846,N20,VIIRS,n,2,294.13,3.65,D,0
25.51404,68.67179,343.47,0.45,0.39,2026-01-02,0846,N20,VIIRS,n,2,298.8,7.42,D,0
25.5949,69.22289,339.55,0.47,0.4,2026-01-02,0846,N20,VIIRS,n,2,298.08,12.25,D,0
25.58951,68.69762,335.67,0.45,0.39,2026-01-02,0846,N20,VIIRS,n,2,295.47,3.93,D,0
25.5105,68.67235,334.76,0.45,0.39,2026-01-02,0846,N20,VIIRS,n,2,293.86,7.42,D,0
25.60134,68.54248,337.48,0.44,0.39,2026-01-02,0846,N20,VIIRS,n,2,297.0,10.46,D,0
25.65131,68.88962,333.49,0.46,0.39,2026-01-02,0846,N20,VIIRS,n,2,298.06,4.79,D,0
25.60142,68.54272,343.3,0.44,0.39,2026-01-02,0846,N20,VIIRS,n,2,296.97,10.93,D,0
25.65329,68.88983,337.7,0.46,0.39,2026-01-02,0846,N20,VIIRS,n,2,297.35,6.08,D,0
25.41647,68.72794,331.15,0.45,0.39,2026-01-02,0846,N20,VIIRS,n,2,295.71,2.8,D,0
25.77095,68.59827,334.01,0.45,0.39,2026-01-02,0846,N20,VIIRS,n,2,294.01,3.36,D,0
26.36804,68.86658,330.26,0.46,0.39,2026-01-02,0846,N20,VIIRS,n,2,295.63,4.18,D,0
25.38263,68.74117,330.98,0.45,0.39,2026-01-02,0846,N20,VIIRS,n,2,295.33,2.2,D,0
25.34576,68.81969,343.2,0.45,0.39,2026-01-02,0846,N20,VIIRS,n,2,297.63,9.42,D,0
25.17404,68.63685,336.36,0.44,0.39,2026-01-02,0846,N20,VIIRS,n,2,296.35,4.89,D,0
26.92144,68.38717,330.58,0.45,0.39,2026-01-02,0846,N20,VIIRS,n,2,293.76,2.65,D,0
26.78996,68.20709,334.86,0.44,0.38,2026-01-02,0846,N20,VIIRS,n,2,294.68,5.32,D,0
29.89678,70.20166,331.03,0.39,0.44,2026-01-02,0847,N20,VIIRS,n,2,295.56,2.56,D,0
30.58648,78.3769,329.49,0.62,0.71,2026-01-02,0847,N20,VIIRS,n,2,285.76,6.61,D,0
30.05264,70.92313,340.69,0.43,0.46,2026-01-02,0847,N20,VIIRS,n,2,293.15,4.02,D,0
30.6397,78.24953,327.78,0.61,0.71,2026-01-02,0847,N20,VIIRS,n,2,289.15,5.15,D,0
30.13023,70.92722,333.12,0.44,0.46,2026-01-02,0847,N20,VIIRS,n,2,293.47,2.09,D,0
30.76004,78.57384,325.2,0.64,0.72,2026-01-02,0847,N20,VIIRS,n,2,289.3,5.5,D,0
30.31428,70.75933,338.02,0.43,0.46,2026-01-02,0847,N20,VIIRS,n,2,293.1,7.54,D,0
30.39341,71.06792,328.25,0.45,0.47,2026-01-02,0847,N20,VIIRS,n,2,291.91,1.53,D,0
30.37892,70.84638,331.86,0.43,0.46,2026-01-02,0847,N20,VIIRS,n,2,293.25,14.97,D,0
30.38315,70.84583,348.79,0.43,0.46,2026-01-02,0847,N20,VIIRS,n,2,295.9,14.97,D,0
30.4089,70.96731,325.16,0.44,0.46,2026-01-02,0847,N20,VIIRS,n,2,292.68,2.04,D,0
30.40801,70.96871,325.86,0.44,0.46,2026-01-02,0847,N20,VIIRS,n,2,291.97,2.3,D,0
31.09464,73.72495,329.83,0.33,0.55,2026-01-02,0847,N20,VIIRS,n,2,288.55,1.78,D,0
31.36805,77.40415,334.14,0.55,0.68,2026-01-02,0847,N20,VIIRS,n,2,292.14,3.73,D,0
30.94597,70.65388,329.24,0.43,0.46,2026-01-02,0847,N20,VIIRS,n,2,291.63,2.09,D,0
27.37914,68.52917,329.88,0.46,0.39,2026-01-02,0847,N20,VIIRS,n,2,293.98,2.87,D,0
28.48147,69.98248,329.43,0.55,0.43,2026-01-02,0847,N20,VIIRS,n,2,293.48,3.28,D,0
28.51807,70.31355,338.11,0.39,0.44,2026-01-02,0847,N20,VIIRS,n,2,292.39,4.8,D,0
28.48122,69.98086,328.07,0.55,0.43,2026-01-02,0847,N20,VIIRS,n,2,292.13,2.4,D,0
28.52207,70.31298,338.25,0.39,0.44,2026-01-02,0847,N20,VIIRS,n,2,291.94,3.3,D,0
28.63355,70.5787,338.9,0.4,0.44,2026-01-02,0847,N20,VIIRS,n,2,293.91,4.5,D,0
28.61312,70.25613,343.09,0.38,0.43,2026-01-02,0847,N20,VIIRS,n,2,291.49,4.37,D,0
28.72506,70.26016,340.25,0.38,0.44,2026-01-02,0847,N20,VIIRS,n,2,295.49,13.83,D,0
28.7246,70.25623,333.17,0.38,0.44,2026-01-02,0847,N20,VIIRS,n,2,293.29,7.65,D,0
28.72296,70.26105,339.43,0.39,0.44,2026-01-02,0847,N20,VIIRS,n,2,294.33,9.38,D,0
28.72253,70.25711,329.34,0.39,0.44,2026-01-02,0847,N20,VIIRS,n,2,296.75,12.37,D,0
28.73756,70.28304,338.92,0.39,0.44,2026-01-02,0847,N20,VIIRS,n,2,293.77,3.69,D,0
28.81192,70.7793,335.31,0.41,0.45,2026-01-02,0847,N20,VIIRS,n,2,292.03,3.18,D,0
28.89843,70.32507,334.19,0.39,0.44,2026-01-02,0847,N20,VIIRS,n,2,293.07,4.03,D,0
28.9029,70.32851,338.78,0.39,0.44,2026-01-02,0847,N20,VIIRS,n,2,292.8,11.44,D,0
28.90245,70.32451,327.29,0.39,0.44,2026-01-02,0847,N20,VIIRS,n,2,294.56,11.44,D,0
28.99448,71.08926,343.87,0.43,0.46,2026-01-02,0847,N20,VIIRS,n,2,294.75,5.74,D,0
28.99401,71.08484,335.64,0.43,0.46,2026-01-02,0847,N20,VIIRS,n,2,297.19,4.68,D,0
28.97121,70.71947,341.54,0.41,0.45,2026-01-02,0847,N20,VIIRS,n,2,293.09,4.27,D,0
29.06448,70.36702,339.25,0.39,0.44,2026-01-02,0847,N20,VIIRS,n,2,292.55,3.02,D,0
29.15822,71.01495,332.27,0.43,0.46,2026-01-02,0847,N20,VIIRS,n,2,290.2,3.08,D,0
29.77872,79.23279,328.7,0.69,0.74,2026-01-02,0847,N20,VIIRS,n,2,293.32,7.89,D,0
29.20876,71.04867,327.72,0.43,0.46,2026-01-02,0847,N20,VIIRS,n,2,287.85,4.22,D,0
29.20829,71.04422,335.23,0.43,0.46,2026-01-02,0847,N20,VIIRS,n,2,293.02,4.22,D,0
29.90619,79.46117,325.84,0.71,0.75,2026-01-02,0847,N20,VIIRS,n,2,282.97,5.73,D,0
29.26044,70.46086,327.5,0.4,0.44,2026-01-02,0847,N20,VIIRS,n,2,292.68,2.44,D,0
29.0837,68.70313,338.61,0.49,0.4,2026-01-02,0847,N20,VIIRS,n,2,295.06,9.18,D,0
29.08641,68.70493,346.29,0.49,0.4,2026-01-02,0847,N20,VIIRS,n,2,294.21,7.89,D,0
29.58782,70.90294,349.27,0.43,0.46,2026-01-02,0847,N20,VIIRS,n,2,293.41,8.04,D,0
29.73832,71.28172,336.78,0.45,0.47,2026-01-02,0847,N20,VIIRS,n,2,294.75,5.32,D,0
30.36708,78.92565,350.1,0.66,0.73,2026-01-02,0847,N20,VIIRS,n,2,286.15,18.25,D,0
30.36662,78.91602,353.18,0.66,0.73,2026-01-02,0847,N20,VIIRS,n,2,289.95,19.38,D,0
30.36838,78.91289,345.59,0.66,0.73,2026-01-02,0847,N20,VIIRS,n,2,289.74,14.67,D,0
30.36877,78.92227,356.21,0.66,0.73,2026-01-02,0847,N20,VIIRS,l,2,288.12,14.67,D,0
29.8963,70.20148,329.97,0.39,0.44,2026-01-02,0847,N20,VIIRS,n,2,296.31,2.85,D,0
32.08049,73.16089,328.39,0.62,0.54,2026-01-02,0848,N20,VIIRS,n,2,290.3,4.33,D,0
34.14763,74.73151,326.33,0.4,0.6,2026-01-02,0848,N20,VIIRS,n,2,285.37,2.2,D,0
32.71474,74.38857,329.32,0.37,0.58,2026-01-02,0848,N20,VIIRS,n,2,288.96,1.98,D,0
32.25492,72.54102,325.62,0.57,0.52,2026-01-02,0848,N20,VIIRS,n,2,290.46,2.15,D,0
31.84412,71.17893,338.74,0.47,0.48,2026-01-02,0848,N20,VIIRS,n,2,292.02,5.38,D,0
31.42637,72.57767,325.44,0.56,0.52,2026-01-02,0848,N20,VIIRS,n,2,288.33,3.32,D,0
32.30569,73.32016,367.0,0.32,0.54,2026-01-02,0848,N20,VIIRS,h,2,294.44,10.03,D,0
30.36687,78.91238,302.11,0.7,0.75,2026-01-02,1930,N20,VIIRS,n,2,278.4,1.54,N,0
30.36729,78.91415,303.83,0.7,0.75,2026-01-02,1930,N20,VIIRS,n,2,278.38,2.64,N,0
27.69095,96.28942,299.23,0.44,0.39,2026-01-02,1931,N20,VIIRS,n,2,282.65,1.07,N,0
27.6937,96.29161,304.13,0.44,0.39,2026-01-02,1931,N20,VIIRS,n,2,281.82,1.07,N,0
27.60611,95.40199,303.79,0.41,0.37,2026-01-02,1931,N20,VIIRS,n,2,284.6,0.88,N,2
27.37827,95.33331,335.31,0.41,0.37,2026-01-02,1931,N20,VIIRS,n,2,283.69,4.56,N,0
27.37889,95.08677,298.95,0.41,0.37,2026-01-02,1931,N20,VIIRS,n,2,283.39,0.63,N,2
27.31935,95.26627,317.74,0.41,0.37,2026-01-02,1931,N20,VIIRS,n,2,284.73,1.51,N,2
27.22144,95.34356,307.11,0.42,0.37,2026-01-02,1931,N20,VIIRS,n,2,282.85,0.78,N,0
26.92486,94.03942,299.55,0.39,0.36,2026-01-02,1931,N20,VIIRS,n,2,284.11,0.48,N,0
26.08712,93.95175,296.19,0.39,0.36,2026-01-02,1931,N20,VIIRS,n,2,284.32,0.39,N,2
24.90008,96.58832,307.82,0.49,0.41,2026-01-02,1931,N20,VIIRS,n,2,283.88,1.32,N,0
24.90113,96.59131,297.75,0.5,0.41,2026-01-02,1931,N20,VIIRS,n,2,283.93,0.25,N,0
24.89743,96.59067,299.58,0.5,0.41,2026-01-02,1931,N20,VIIRS,n,2,283.97,0.33,N,0
25.4389,86.06684,298.94,0.45,0.47,2026-01-02,1932,N20,VIIRS,n,2,283.96,0.71,N,0
25.03544,87.3675,318.36,0.56,0.43,2026-01-02,1932,N20,VIIRS,n,2,285.92,2.51,N,0
25.03477,87.37312,306.31,0.56,0.43,2026-01-02,1932,N20,VIIRS,n,2,286.33,2.49,N,0
23.7402,90.99294,317.35,0.39,0.36,2026-01-02,1932,N20,VIIRS,n,2,285.53,1.02,N,0
24.11603,86.85958,303.4,0.39,0.44,2026-01-02,1932,N20,VIIRS,n,2,287.09,1.59,N,2
24.11893,86.34737,295.62,0.42,0.45,2026-01-02,1932,N20,VIIRS,n,2,283.41,1.09,N,2
24.45079,83.03646,302.1,0.34,0.56,2026-01-02,1932,N20,VIIRS,n,2,285.77,0.53,N,2
23.79708,86.65415,300.97,0.4,0.44,2026-01-02,1932,N20,VIIRS,n,2,282.57,0.55,N,0
23.80756,86.32707,311.66,0.42,0.45,2026-01-02,1932,N20,VIIRS,n,2,288.56,1.93,N,2
23.80707,86.33118,303.96,0.42,0.45,2026-01-02,1932,N20,VIIRS,n,2,288.32,1.24,N,2
23.80051,86.3509,331.66,0.41,0.45,2026-01-02,1932,N20,VIIRS,n,2,289.47,2.0,N,2
23.80342,86.32648,300.9,0.42,0.45,2026-01-02,1932,N20,VIIRS,n,2,289.62,1.43,N,2
23.80293,86.33058,308.6,0.42,0.45,2026-01-02,1932,N20,VIIRS,n,2,289.57,1.18,N,2
23.80099,86.3468,309.07,0.41,0.45,2026-01-02,1932,N20,VIIRS,n,2,293.03,2.0,N,2
23.22164,90.66904,302.38,0.4,0.37,2026-01-02,1932,N20,VIIRS,n,2,285.89,0.47,N,0
24.19663,82.57492,304.07,0.36,0.57,2026-01-02,1932,N20,VIIRS,n,2,284.22,0.65,N,0
23.80075,86.3135,302.96,0.42,0.45,2026-01-02,1932,N20,VIIRS,n,2,290.17,2.57,N,0
23.79637,86.35028,303.25,0.41,0.45,2026-01-02,1932,N20,VIIRS,n,2,290.82,2.0,N,2
23.79589,86.35437,298.34,0.41,0.45,2026-01-02,1932,N20,VIIRS,n,2,288.27,1.09,N,2
24.1831,82.66281,305.05,0.36,0.57,2026-01-02,1932,N20,VIIRS,n,2,284.53,1.21,N,0
23.79224,86.34966,301.73,0.41,0.45,2026-01-02,1932,N20,VIIRS,n,2,287.92,0.94,N,2
23.69974,87.11181,295.65,0.56,0.43,2026-01-02,1932,N20,VIIRS,n,2,285.13,0.96,N,0
23.78327,86.38977,308.08,0.41,0.45,2026-01-02,1932,N20,VIIRS,n,2,288.52,1.42,N,2
23.69647,87.10574,297.96,0.56,0.43,2026-01-02,1932,N20,VIIRS,n,2,285.7,0.96,N,2
23.69511,87.11669,300.16,0.56,0.43,2026-01-02,1932,N20,VIIRS,n,2,286.8,1.87,N,2
23.69444,87.12218,310.79,0.56,0.43,2026-01-02,1932,N20,VIIRS,n,2,287.96,1.87,N,2
23.77915,86.38915,342.83,0.41,0.45,2026-01-02,1932,N20,VIIRS,n,2,293.99,2.49,N,2
23.78108,86.37288,304.77,0.41,0.45,2026-01-02,1932,N20,VIIRS,n,2,288.88,1.79,N,2
23.77963,86.38512,297.28,0.41,0.45,2026-01-02,1932,N20,VIIRS,n,2,284.99,2.49,N,2
23.69185,87.11063,297.56,0.56,0.43,2026-01-02,1932,N20,VIIRS,n,2,286.11,1.78,N,2
23.6905,87.12157,305.92,0.56,0.43,2026-01-02,1932,N20,VIIRS,n,2,286.97,1.8,N,2
23.77791,86.36411,305.44,0.41,0.45,2026-01-02,1932,N20,VIIRS,n,2,288.6,1.21,N,2
23.67957,86.39262,309.37,0.41,0.45,2026-01-02,1932,N20,VIIRS,n,2,286.87,1.86,N,2
23.67909,86.39668,318.35,0.41,0.45,2026-01-02,1932,N20,VIIRS,n,2,293.85,1.68,N,2
23.67861,86.40069,301.96,0.41,0.45,2026-01-02,1932,N20,VIIRS,n,2,288.34,1.68,N,2
23.67498,86.39602,302.2,0.41,0.45,2026-01-02,1932,N20,VIIRS,n,2,290.22,1.68,N,2
23.61501,86.8591,297.56,0.39,0.44,2026-01-02,1932,N20,VIIRS,n,2,285.66,0.48,N,0
23.6157,86.78632,299.78,0.39,0.44,2026-01-02,1932,N20,VIIRS,n,2,287.17,1.38,N,2
23.61527,86.78983,312.94,0.39,0.44,2026-01-02,1932,N20,VIIRS,n,2,289.57,1.38,N,2
23.56013,87.23933,318.12,0.55,0.43,2026-01-02,1932,N20,VIIRS,n,2,285.52,1.7,N,2
23.55622,87.23875,297.5,0.55,0.43,2026-01-02,1932,N20,VIIRS,n,2,285.69,1.7,N,2
23.55165,87.24354,311.21,0.55,0.43,2026-01-02,1932,N20,VIIRS,n,2,288.55,2.21,N,3
23.68095,86.09232,326.95,0.43,0.46,2026-01-02,1932,N20,VIIRS,n,2,288.03,3.67,N,2
23.68047,86.09653,302.97,0.43,0.46,2026-01-02,1932,N20,VIIRS,n,2,286.39,1.74,N,2
23.56318,87.08484,306.02,0.56,0.43,2026-01-02,1932,N20,VIIRS,n,2,286.89,2.51,N,2
23.67916,86.07072,295.79,0.43,0.46,2026-01-02,1932,N20,VIIRS,n,2,285.72,0.52,N,0
23.67771,86.08334,311.96,0.43,0.46,2026-01-02,1932,N20,VIIRS,n,2,289.51,2.46,N,2
23.81046,84.83867,297.39,0.51,0.5,2026-01-02,1932,N20,VIIRS,n,2,282.75,1.94,N,2
23.66835,86.09058,301.9,0.43,0.46,2026-01-02,1932,N20,VIIRS,n,2,286.59,1.07,N,2
23.82935,84.56825,295.83,0.53,0.5,2026-01-02,1932,N20,VIIRS,n,2,282.24,1.74,N,0
23.82881,84.57351,309.1,0.53,0.5,2026-01-02,1932,N20,VIIRS,n,2,285.03,1.74,N,0
23.72334,85.52201,296.37,0.46,0.47,2026-01-02,1932,N20,VIIRS,n,2,283.86,0.98,N,2
23.66755,86.09225,303.47,0.43,0.46,2026-01-02,1932,N20,VIIRS,n,2,285.92,1.3,N,2
23.80953,84.84209,308.07,0.51,0.5,2026-01-02,1932,N20,VIIRS,n,2,283.58,1.43,N,2
23.72648,85.52501,296.55,0.46,0.47,2026-01-02,1932,N20,VIIRS,n,2,283.74,1.05,N,2
23.63413,86.29711,295.66,0.42,0.45,2026-01-02,1932,N20,VIIRS,n,2,284.63,1.39,N,2
23.58146,86.72354,301.07,0.39,0.44,2026-01-02,1932,N20,VIIRS,n,2,285.74,0.52,N,0
23.51099,87.27965,296.69,0.55,0.42,2026-01-02,1932,N20,VIIRS,n,2,286.14,1.08,N,2
23.83032,84.57243,313.03,0.53,0.5,2026-01-02,1932,N20,VIIRS,n,2,284.05,2.3,N,0
23.48522,87.35693,297.35,0.54,0.42,2026-01-02,1932,N20,VIIRS,n,2,285.58,1.72,N,2
23.48455,87.36221,318.02,0.54,0.42,2026-01-02,1932,N20,VIIRS,n,2,287.93,1.72,N,2
23.70975,85.40096,296.76,0.47,0.48,2026-01-02,1932,N20,VIIRS,n,2,282.09,0.67,N,2
23.69988,85.29058,296.61,0.48,0.48,2026-01-02,1932,N20,VIIRS,n,2,285.51,1.21,N,2
23.55472,86.53808,299.4,0.4,0.44,2026-01-02,1932,N20,VIIRS,n,2,284.8,0.56,N,0
23.55017,86.54143,295.14,0.4,0.44,2026-01-02,1932,N20,VIIRS,n,2,284.81,0.81,N,2
23.54969,86.54537,296.91,0.4,0.44,2026-01-02,1932,N20,VIIRS,n,2,286.15,0.81,N,2
23.65792,85.50565,313.26,0.46,0.47,2026-01-02,1932,N20,VIIRS,n,2,286.73,1.55,N,2
23.65249,85.43514,296.63,0.47,0.48,2026-01-02,1932,N20,VIIRS,n,2,283.4,0.65,N,2
23.64762,85.43905,320.38,0.47,0.48,2026-01-02,1932,N20,VIIRS,n,2,286.59,1.77,N,2
23.64812,85.43447,295.72,0.47,0.48,2026-01-02,1932,N20,VIIRS,n,2,283.88,1.77,N,2
23.67329,84.99491,296.59,0.5,0.49,2026-01-02,1932,N20,VIIRS,n,2,284.16,0.82,N,2
23.67103,84.99712,296.16,0.5,0.49,2026-01-02,1932,N20,VIIRS,n,2,284.98,1.2,N,2
22.53775,91.69867,327.52,0.38,0.36,2026-01-02,1932,N20,VIIRS,n,2,287.36,2.44,N,2
22.47482,91.73296,299.97,0.38,0.36,2026-01-02,1932,N20,VIIRS,n,2,286.78,0.72,N,2
22.4791,90.70988,302.05,0.39,0.36,2026-01-02,1932,N20,VIIRS,n,2,286.55,0.67,N,2
22.01001,93.5214,308.97,0.41,0.37,2026-01-02,1932,N20,VIIRS,n,2,277.75,0.88,N,0
22.00663,93.52086,301.52,0.41,0.37,2026-01-02,1932,N20,VIIRS,n,2,278.52,0.64,N,0
22.8765,86.06086,310.79,0.42,0.45,2026-01-02,1932,N20,VIIRS,n,2,286.67,1.97,N,2
22.85618,86.05382,297.2,0.42,0.45,2026-01-02,1932,N20,VIIRS,n,2,283.76,0.67,N,2
22.80978,86.08874,296.68,0.42,0.45,2026-01-02,1932,N20,VIIRS,n,2,286.47,1.01,N,2
22.797,86.19778,312.25,0.41,0.45,2026-01-02,1932,N20,VIIRS,n,2,288.86,2.15,N,2
22.79334,86.1932,304.02,0.41,0.45,2026-01-02,1932,N20,VIIRS,n,2,288.03,1.31,N,2
22.79193,86.20526,318.53,0.41,0.45,2026-01-02,1932,N20,VIIRS,n,2,288.61,2.87,N,2
22.80148,86.08752,324.73,0.42,0.45,2026-01-02,1932,N20,VIIRS,n,2,286.95,2.49,N,2
22.80101,86.09155,299.81,0.42,0.45,2026-01-02,1932,N20,VIIRS,n,2,287.32,1.41,N,2
22.78875,86.19661,300.99,0.41,0.45,2026-01-02,1932,N20,VIIRS,n,2,288.95,2.44,N,2
22.7943,86.19884,304.82,0.41,0.45,2026-01-02,1932,N20,VIIRS,n,2,287.62,1.41,N,3
22.79331,86.20681,308.38,0.41,0.45,2026-01-02,1932,N20,VIIRS,n,2,287.46,1.25,N,2
22.80367,86.08936,318.82,0.42,0.45,2026-01-02,1932,N20,VIIRS,n,2,287.34,2.48,N,2
22.79068,86.19422,308.18,0.41,0.45,2026-01-02,1932,N20,VIIRS,n,2,289.0,1.84,N,2
22.79018,86.19824,303.75,0.41,0.45,2026-01-02,1932,N20,VIIRS,n,2,289.65,1.41,N,2
22.78918,86.20629,302.47,0.41,0.45,2026-01-02,1932,N20,VIIRS,n,2,288.45,1.25,N,2
22.79952,86.08876,308.84,0.42,0.45,2026-01-02,1932,N20,VIIRS,n,2,287.43,1.02,N,2
23.16877,82.33376,298.86,0.36,0.58,2026-01-02,1932,N20,VIIRS,n,2,286.22,0.83,N,2
23.16842,82.33733,309.63,0.36,0.58,2026-01-02,1932,N20,VIIRS,n,2,286.68,1.14,N,2
23.16808,82.3409,303.7,0.36,0.58,2026-01-02,1932,N20,VIIRS,n,2,286.76,1.14,N,2
23.16344,82.33326,311.06,0.36,0.58,2026-01-02,1932,N20,VIIRS,n,2,286.11,1.36,N,2
22.61115,85.91388,296.35,0.43,0.46,2026-01-02,1932,N20,VIIRS,n,2,285.85,0.97,N,0
20.88268,96.9284,296.33,0.4,0.44,2026-01-02,1932,N20,VIIRS,n,2,281.53,0.73,N,0
22.59433,85.9047,302.71,0.43,0.46,2026-01-02,1932,N20,VIIRS,n,2,285.88,1.0,N,2
22.59014,85.90411,302.42,0.43,0.46,2026-01-02,1932,N20,VIIRS,n,2,287.23,1.33,N,2
22.57488,85.88937,298.6,0.43,0.46,2026-01-02,1932,N20,VIIRS,n,2,287.51,1.44,N,0
22.57438,85.89353,303.77,0.43,0.46,2026-01-02,1932,N20,VIIRS,n,2,288.41,1.44,N,0
22.57388,85.8977,306.37,0.43,0.46,2026-01-02,1932,N20,VIIRS,n,2,289.11,1.66,N,0
22.38088,87.28488,297.3,0.53,0.42,2026-01-02,1932,N20,VIIRS,n,2,287.02,0.97,N,0
22.3777,87.27916,325.22,0.53,0.42,2026-01-02,1932,N20,VIIRS,n,2,293.56,4.21,N,2
22.37835,87.27403,297.96,0.53,0.42,2026-01-02,1932,N20,VIIRS,n,2,286.76,1.2,N,2
22.36739,87.2985,321.79,0.53,0.42,2026-01-02,1932,N20,VIIRS,n,2,292.28,4.68,N,2
22.36102,87.28709,299.7,0.53,0.42,2026-01-02,1932,N20,VIIRS,n,2,288.04,2.03,N,2
22.36732,87.0172,314.09,0.55,0.42,2026-01-02,1932,N20,VIIRS,n,2,289.86,2.95,N,2
22.36342,87.0166,308.43,0.55,0.42,2026-01-02,1932,N20,VIIRS,n,2,289.0,2.22,N,2
22.36702,87.01515,311.45,0.55,0.42,2026-01-02,1932,N20,VIIRS,n,2,289.11,2.35,N,2
22.36312,87.01456,301.59,0.55,0.42,2026-01-02,1932,N20,VIIRS,n,2,287.66,2.35,N,2
22.2443,87.38644,307.93,0.52,0.42,2026-01-02,1932,N20,VIIRS,n,2,287.04,2.05,N,2
22.05437,88.1258,327.15,0.48,0.4,2026-01-02,1932,N20,VIIRS,n,2,293.56,2.81,N,2
22.05499,88.1212,303.21,0.48,0.4,2026-01-02,1932,N20,VIIRS,n,2,290.69,1.51,N,2
22.03432,88.08029,300.24,0.48,0.4,2026-01-02,1932,N20,VIIRS,n,2,287.43,0.72,N,0
23.77551,86.38449,309.34,0.41,0.45,2026-01-02,1932,N20,VIIRS,n,2,289.22,2.49,N,2
23.7736,86.40059,304.34,0.41,0.45,2026-01-02,1932,N20,VIIRS,n,2,287.15,1.51,N,0
23.68925,87.09908,307.0,0.56,0.43,2026-01-02,1932,N20,VIIRS,n,2,287.81,2.68,N,2
23.68656,87.12097,300.93,0.56,0.43,2026-01-02,1932,N20,VIIRS,n,2,287.18,1.8,N,2
23.77378,86.36353,331.32,0.41,0.45,2026-01-02,1932,N20,VIIRS,n,2,289.14,3.94,N,2
23.769,86.40403,329.02,0.41,0.45,2026-01-02,1932,N20,VIIRS,n,2,290.74,1.98,N,2
24.1614,82.66709,313.05,0.36,0.57,2026-01-02,1932,N20,VIIRS,n,2,284.99,1.31,N,2
23.77282,86.37169,297.29,0.41,0.45,2026-01-02,1932,N20,VIIRS,n,2,285.85,1.06,N,2
23.76948,86.39997,305.06,0.41,0.45,2026-01-02,1932,N20,VIIRS,n,2,289.09,1.98,N,2
23.76488,86.40344,324.85,0.41,0.45,2026-01-02,1932,N20,VIIRS,n,2,290.0,1.98,N,2
23.76869,86.37109,304.96,0.41,0.45,2026-01-02,1932,N20,VIIRS,n,2,287.49,1.06,N,2
23.76821,86.37513,306.93,0.41,0.45,2026-01-02,1932,N20,VIIRS,n,2,289.24,2.23,N,2
23.76536,86.39938,309.82,0.41,0.45,2026-01-02,1932,N20,VIIRS,n,2,288.07,1.98,N,2
23.78321,86.21071,298.7,0.42,0.45,2026-01-02,1932,N20,VIIRS,n,2,287.44,1.05,N,2
23.76124,86.39876,309.06,0.41,0.45,2026-01-02,1932,N20,VIIRS,n,2,288.34,1.42,N,2
23.76076,86.40283,314.32,0.41,0.45,2026-01-02,1932,N20,VIIRS,n,2,289.2,1.42,N,2
24.14655,82.65482,306.64,0.36,0.57,2026-01-02,1932,N20,VIIRS,n,2,280.53,0.56,N,0
23.77952,86.20591,309.16,0.42,0.45,2026-01-02,1932,N20,VIIRS,n,2,291.34,3.14,N,2
23.77904,86.21008,309.69,0.42,0.45,2026-01-02,1932,N20,VIIRS,n,2,289.56,1.05,N,2
23.75664,86.40221,303.22,0.41,0.45,2026-01-02,1932,N20,VIIRS,n,2,287.11,1.42,N,2
23.6661,87.15692,297.29,0.56,0.43,2026-01-02,1932,N20,VIIRS,n,2,285.99,0.77,N,0
24.1432,82.63303,304.21,0.36,0.57,2026-01-02,1932,N20,VIIRS,n,2,284.38,1.68,N,2
24.14289,82.63636,308.93,0.36,0.57,2026-01-02,1932,N20,VIIRS,n,2,285.45,1.54,N,2
23.77487,86.2094,299.48,0.42,0.45,2026-01-02,1932,N20,VIIRS,n,2,288.39,1.13,N,2
23.753,86.39751,296.41,0.41,0.45,2026-01-02,1932,N20,VIIRS,n,2,286.02,0.68,N,2
23.75063,86.41777,302.34,0.41,0.45,2026-01-02,1932,N20,VIIRS,n,2,289.71,1.54,N,2
23.77214,86.19631,301.6,0.42,0.45,2026-01-02,1932,N20,VIIRS,n,2,286.58,1.62,N,2
23.77167,86.20044,297.76,0.42,0.45,2026-01-02,1932,N20,VIIRS,n,2,287.26,1.74,N,2
23.74052,86.43259,308.54,0.41,0.45,2026-01-02,1932,N20,VIIRS,n,2,288.97,1.16,N,2
23.73641,86.43198,305.87,0.41,0.45,2026-01-02,1932,N20,VIIRS,n,2,288.13,1.16,N,2
23.73594,86.436,301.66,0.41,0.45,2026-01-02,1932,N20,VIIRS,n,2,291.15,1.55,N,2
23.72725,86.4388,308.43,0.41,0.45,2026-01-02,1932,N20,VIIRS,n,2,288.18,1.77,N,2
23.73277,86.43732,301.03,0.41,0.45,2026-01-02,1932,N20,VIIRS,n,2,290.43,0.77,N,2
23.72817,86.44075,299.17,0.41,0.45,2026-01-02,1932,N20,VIIRS,n,2,287.66,0.77,N,2
24.14347,82.63445,318.39,0.36,0.57,2026-01-02,1932,N20,VIIRS,n,2,284.48,2.22,N,2
23.77814,85.99428,296.07,0.43,0.46,2026-01-02,1932,N20,VIIRS,n,2,285.74,0.77,N,0
23.72455,86.43612,298.8,0.41,0.45,2026-01-02,1932,N20,VIIRS,n,2,286.41,0.91,N,2
23.72406,86.44015,306.87,0.41,0.45,2026-01-02,1932,N20,VIIRS,n,2,289.48,0.91,N,2
23.66487,86.91621,298.84,0.38,0.43,2026-01-02,1932,N20,VIIRS,n,2,285.91,0.83,N,2
23.77342,85.99783,295.83,0.43,0.46,2026-01-02,1932,N20,VIIRS,n,2,285.06,0.68,N,0
23.71995,86.43954,300.72,0.41,0.45,2026-01-02,1932,N20,VIIRS,n,2,287.45,0.91,N,2
23.71437,86.45097,320.45,0.41,0.45,2026-01-02,1932,N20,VIIRS,n,2,289.29,2.96,N,2
23.82779,85.49921,297.74,0.47,0.47,2026-01-02,1932,N20,VIIRS,n,2,287.37,1.34,N,2
23.7183,86.41887,300.05,0.41,0.45,2026-01-02,1932,N20,VIIRS,n,2,285.55,0.82,N,0
23.71732,86.42683,297.19,0.41,0.45,2026-01-02,1932,N20,VIIRS,n,2,286.7,1.23,N,0
23.82396,85.494,302.06,0.47,0.48,2026-01-02,1932,N20,VIIRS,n,2,288.5,1.34,N,2
23.7137,86.42226,300.63,0.41,0.45,2026-01-02,1932,N20,VIIRS,n,2,286.35,0.82,N,0
23.71076,86.44633,298.6,0.41,0.45,2026-01-02,1932,N20,VIIRS,n,2,287.06,1.5,N,2
23.8056,85.53792,295.59,0.46,0.47,2026-01-02,1932,N20,VIIRS,n,2,284.91,0.93,N,2
23.6122,87.14236,297.88,0.56,0.43,2026-01-02,1932,N20,VIIRS,n,2,285.54,1.74,N,2
23.76047,85.85162,300.87,0.44,0.46,2026-01-02,1932,N20,VIIRS,n,2,285.94,1.06,N,2
23.75946,85.86031,298.07,0.44,0.46,2026-01-02,1932,N20,VIIRS,n,2,286.05,3.07,N,2
23.75846,85.86888,299.37,0.44,0.46,2026-01-02,1932,N20,VIIRS,n,2,286.05,1.56,N,0
23.75621,85.851,302.44,0.44,0.46,2026-01-02,1932,N20,VIIRS,n,2,287.33,1.06,N,2
23.68879,86.38572,298.63,0.41,0.45,2026-01-02,1932,N20,VIIRS,n,2,288.58,1.05,N,2
23.6883,86.38979,316.5,0.41,0.45,2026-01-02,1932,N20,VIIRS,n,2,289.32,1.39,N,2
23.68781,86.3939,298.82,0.41,0.45,2026-01-02,1932,N20,VIIRS,n,2,286.08,1.39,N,2
23.63428,86.83492,299.15,0.39,0.44,2026-01-02,1932,N20,VIIRS,n,2,284.95,0.64,N,0
23.68369,86.39326,321.32,0.41,0.45,2026-01-02,1932,N20,VIIRS,n,2,290.22,1.39,N,2
23.68418,86.38914,301.12,0.41,0.45,2026-01-02,1932,N20,VIIRS,n,2,286.1,1.39,N,2
23.68006,86.38853,317.42,0.41,0.45,2026-01-02,1932,N20,VIIRS,n,2,284.86,1.86,N,2
21.60426,81.82129,297.59,0.38,0.58,2026-01-02,1933,N20,VIIRS,n,2,286.32,0.57,N,0
22.21622,84.86725,299.93,0.49,0.48,2026-01-02,1933,N20,VIIRS,n,2,285.05,0.42,N,2
22.2123,84.86191,299.41,0.49,0.48,2026-01-02,1933,N20,VIIRS,n,2,288.13,1.89,N,2
22.22004,84.75125,295.62,0.5,0.49,2026-01-02,1933,N20,VIIRS,n,2,283.24,2.07,N,2
22.13591,85.3821,299.43,0.45,0.47,2026-01-02,1933,N20,VIIRS,n,2,285.52,0.93,N,2
22.21743,84.75323,298.94,0.5,0.49,2026-01-02,1933,N20,VIIRS,n,2,286.57,1.12,N,2
22.13821,85.41503,297.37,0.45,0.47,2026-01-02,1933,N20,VIIRS,n,2,283.95,1.02,N,2
22.13333,85.38326,297.46,0.45,0.47,2026-01-02,1933,N20,VIIRS,n,2,286.19,0.92,N,2
22.09773,85.35149,295.87,0.45,0.47,2026-01-02,1933,N20,VIIRS,n,2,284.91,0.77,N,2
22.05384,85.465,302.58,0.45,0.47,2026-01-02,1933,N20,VIIRS,n,2,285.68,0.76,N,2
22.35888,82.30192,299.41,0.36,0.57,2026-01-02,1933,N20,VIIRS,n,2,288.95,0.76,N,2
22.3264,82.58838,307.36,0.34,0.56,2026-01-02,1933,N20,VIIRS,n,2,286.38,0.99,N,2
22.35945,82.30264,299.41,0.36,0.57,2026-01-02,1933,N20,VIIRS,n,2,288.56,0.83,N,2
22.32496,82.58862,307.57,0.34,0.56,2026-01-02,1933,N20,VIIRS,n,2,284.72,0.6,N,2
21.96858,85.31442,300.21,0.45,0.47,2026-01-02,1933,N20,VIIRS,n,2,286.23,0.59,N,2
21.9294,85.22065,302.63,0.46,0.47,2026-01-02,1933,N20,VIIRS,n,2,286.78,1.39,N,2
21.92507,85.22001,301.11,0.46,0.47,2026-01-02,1933,N20,VIIRS,n,2,285.75,1.39,N,2
22.06531,83.70416,302.12,0.58,0.52,2026-01-02,1933,N20,VIIRS,n,2,284.92,1.03,N,2
22.1852,82.12032,302.43,0.37,0.58,2026-01-02,1933,N20,VIIRS,n,2,286.83,0.57,N,0
22.08757,83.11317,297.96,0.63,0.54,2026-01-02,1933,N20,VIIRS,n,2,286.95,0.43,N,0
22.03833,83.35116,302.66,0.61,0.53,2026-01-02,1933,N20,VIIRS,n,2,286.77,2.63,N,2
22.03284,83.35634,298.64,0.61,0.53,2026-01-02,1933,N20,VIIRS,n,2,287.03,1.57,N,2
22.03224,83.36217,302.7,0.61,0.53,2026-01-02,1933,N20,VIIRS,n,2,287.42,1.57,N,2
22.04128,83.35097,307.53,0.61,0.53,2026-01-02,1933,N20,VIIRS,n,2,286.6,1.55,N,2
22.03637,83.35029,297.32,0.61,0.53,2026-01-02,1933,N20,VIIRS,n,2,286.45,2.51,N,2
22.0351,83.36193,297.77,0.6,0.53,2026-01-02,1933,N20,VIIRS,n,2,286.92,2.72,N,2
22.15734,82.09254,304.43,0.37,0.58,2026-01-02,1933,N20,VIIRS,n,2,287.49,0.98,N,0
22.04065,83.02743,315.33,0.32,0.54,2026-01-02,1933,N20,VIIRS,n,2,286.8,1.05,N,0
21.98437,83.22861,300.19,0.62,0.54,2026-01-02,1933,N20,VIIRS,n,2,287.09,1.55,N,2
21.53283,86.83083,298.06,0.55,0.43,2026-01-02,1933,N20,VIIRS,n,2,287.64,0.94,N,0
21.84026,83.98272,297.51,0.55,0.51,2026-01-02,1933,N20,VIIRS,n,2,286.81,1.28,N,0
21.87855,83.54686,301.59,0.59,0.53,2026-01-02,1933,N20,VIIRS,n,2,286.45,1.03,N,2
21.87794,83.55254,298.05,0.59,0.53,2026-01-02,1933,N20,VIIRS,n,2,285.89,1.03,N,2
21.82439,83.99685,299.86,0.55,0.51,2026-01-02,1933,N20,VIIRS,n,2,286.49,0.83,N,0
21.98867,82.01185,297.59,0.37,0.58,2026-01-02,1933,N20,VIIRS,n,2,286.98,0.7,N,0
21.76991,84.01661,305.76,0.55,0.51,2026-01-02,1933,N20,VIIRS,n,2,288.24,1.53,N,2
21.76523,84.01598,302.18,0.55,0.51,2026-01-02,1933,N20,VIIRS,n,2,287.31,1.53,N,2
21.75998,84.0207,305.41,0.54,0.51,2026-01-02,1933,N20,VIIRS,n,2,289.11,1.57,N,2
21.75941,84.02602,303.8,0.54,0.51,2026-01-02,1933,N20,VIIRS,n,2,286.69,1.57,N,2
21.7553,84.02004,301.22,0.54,0.51,2026-01-02,1933,N20,VIIRS,n,2,288.45,1.57,N,2
21.76781,84.01501,298.78,0.54,0.51,2026-01-02,1933,N20,VIIRS,n,2,286.48,1.23,N,2
21.7672,84.02034,298.0,0.54,0.51,2026-01-02,1933,N20,VIIRS,n,2,287.7,1.23,N,2
21.76252,84.01973,300.31,0.54,0.51,2026-01-02,1933,N20,VIIRS,n,2,289.18,1.23,N,2
21.75723,84.0244,316.75,0.54,0.51,2026-01-02,1933,N20,VIIRS,n,2,289.68,3.08,N,2
21.75896,83.84005,300.23,0.56,0.51,2026-01-02,1933,N20,VIIRS,n,2,287.93,0.98,N,2
21.75422,83.83948,299.23,0.56,0.51,2026-01-02,1933,N20,VIIRS,n,2,286.38,0.98,N,2
21.73392,83.97821,296.21,0.55,0.51,2026-01-02,1933,N20,VIIRS,n,2,286.01,0.9,N,2
21.74473,83.83839,314.49,0.56,0.51,2026-01-02,1933,N20,VIIRS,n,2,287.5,2.36,N,0
21.73939,83.8432,297.45,0.56,0.51,2026-01-02,1933,N20,VIIRS,n,2,286.61,0.92,N,0
21.68008,84.03545,322.25,0.54,0.51,2026-01-02,1933,N20,VIIRS,n,2,289.2,2.68,N,2
21.67482,84.04015,301.81,0.54,0.51,2026-01-02,1933,N20,VIIRS,n,2,287.61,2.68,N,2
21.80088,82.03754,307.09,0.37,0.58,2026-01-02,1933,N20,VIIRS,n,2,288.47,0.92,N,2
21.73049,82.21033,298.04,0.36,0.57,2026-01-02,1933,N20,VIIRS,n,2,287.84,0.77,N,2
21.73089,82.21098,300.63,0.36,0.57,2026-01-02,1933,N20,VIIRS,n,2,288.5,0.89,N,2
21.67476,82.077,311.38,0.36,0.58,2026-01-02,1933,N20,VIIRS,n,2,289.77,1.95,N,2
21.57247,81.73447,298.03,0.38,0.59,2026-01-02,1933,N20,VIIRS,n,2,288.01,0.88,N,0
21.48725,81.7656,312.14,0.38,0.59,2026-01-02,1933,N20,VIIRS,n,2,287.8,1.64,N,2
21.0028,86.02602,304.7,0.4,0.44,2026-01-02,1933,N20,VIIRS,n,2,288.14,1.18,N,2
20.99607,86.01333,317.01,0.4,0.44,2026-01-02,1933,N20,VIIRS,n,2,287.78,1.6,N,2
21.45953,81.79942,300.07,0.38,0.58,2026-01-02,1933,N20,VIIRS,n,2,287.37,0.85,N,0
20.97264,86.00249,309.87,0.4,0.44,2026-01-02,1933,N20,VIIRS,n,2,290.06,1.23,N,2
20.97166,86.01018,306.01,0.4,0.44,2026-01-02,1933,N20,VIIRS,n,2,289.39,1.28,N,2
20.96677,86.04855,308.04,0.4,0.44,2026-01-02,1933,N20,VIIRS,n,2,288.36,1.58,N,2
20.96856,86.00195,299.36,0.4,0.44,2026-01-02,1933,N20,VIIRS,n,2,289.27,1.23,N,2
20.96759,86.00963,306.0,0.4,0.44,2026-01-02,1933,N20,VIIRS,n,2,289.41,1.28,N,2
20.9671,86.01346,304.26,0.4,0.44,2026-01-02,1933,N20,VIIRS,n,2,289.85,1.28,N,2
20.964,86.00523,312.31,0.4,0.44,2026-01-02,1933,N20,VIIRS,n,2,289.07,1.5,N,2
20.96351,86.00906,300.17,0.4,0.44,2026-01-02,1933,N20,VIIRS,n,2,289.01,0.87,N,2
21.07966,85.03531,340.92,0.46,0.47,2026-01-02,1933,N20,VIIRS,n,2,295.72,7.37,N,2
21.07913,85.03973,310.25,0.46,0.47,2026-01-02,1933,N20,VIIRS,n,2,290.88,7.37,N,2
20.83595,86.96275,309.69,0.53,0.42,2026-01-02,1933,N20,VIIRS,n,2,289.21,1.32,N,0
21.07479,85.03915,301.13,0.46,0.47,2026-01-02,1933,N20,VIIRS,n,2,289.15,1.9,N,2
20.95053,86.04622,317.72,0.4,0.44,2026-01-02,1933,N20,VIIRS,n,2,288.53,2.24,N,2
20.83212,86.96218,306.11,0.53,0.42,2026-01-02,1933,N20,VIIRS,n,2,288.65,1.47,N,0
20.82828,86.96161,310.23,0.53,0.42,2026-01-02,1933,N20,VIIRS,n,2,288.52,1.47,N,0
20.9405,86.06018,309.85,0.4,0.44,2026-01-02,1933,N20,VIIRS,n,2,289.33,1.47,N,2
21.39258,81.64552,307.16,0.38,0.59,2026-01-02,1933,N20,VIIRS,n,2,289.01,2.02,N,2
21.37849,81.67793,314.32,0.38,0.59,2026-01-02,1933,N20,VIIRS,n,2,290.56,2.52,N,2
21.37697,81.6361,298.73,0.38,0.59,2026-01-02,1933,N20,VIIRS,n,2,287.19,1.02,N,0
21.37661,81.63985,302.12,0.38,0.59,2026-01-02,1933,N20,VIIRS,n,2,288.69,1.78,N,2
21.37554,81.6511,298.34,0.38,0.59,2026-01-02,1933,N20,VIIRS,n,2,288.16,1.33,N,0
21.37117,81.6392,298.73,0.38,0.59,2026-01-02,1933,N20,VIIRS,n,2,287.56,1.23,N,0
21.36762,81.67673,300.28,0.38,0.59,2026-01-02,1933,N20,VIIRS,n,2,289.15,0.73,N,2
21.36727,81.68046,303.61,0.38,0.59,2026-01-02,1933,N20,VIIRS,n,2,288.41,0.73,N,2
21.36466,81.64984,300.25,0.38,0.59,2026-01-02,1933,N20,VIIRS,n,2,288.99,1.26,N,2
20.98019,85.13328,301.43,0.45,0.47,2026-01-02,1933,N20,VIIRS,n,2,289.58,1.48,N,2
20.97566,85.17245,301.3,0.45,0.47,2026-01-02,1933,N20,VIIRS,n,2,290.13,1.03,N,2
21.37547,81.63705,300.87,0.38,0.59,2026-01-02,1933,N20,VIIRS,n,2,287.17,1.2,N,2
21.37089,81.68193,300.3,0.38,0.59,2026-01-02,1933,N20,VIIRS,n,2,287.75,1.09,N,2
20.97785,85.1704,299.98,0.45,0.47,2026-01-02,1933,N20,VIIRS,n,2,289.73,1.46,N,2
21.36965,81.64017,299.83,0.38,0.59,2026-01-02,1933,N20,VIIRS,n,2,287.38,1.57,N,0
21.36546,81.68133,305.48,0.38,0.59,2026-01-02,1933,N20,VIIRS,n,2,288.27,1.09,N,2
20.97782,85.13507,299.85,0.45,0.47,2026-01-02,1933,N20,VIIRS,n,2,289.61,1.43,N,2
20.97301,85.17421,319.52,0.45,0.47,2026-01-02,1933,N20,VIIRS,n,2,290.48,2.48,N,2
20.97248,85.17857,313.62,0.45,0.47,2026-01-02,1933,N20,VIIRS,n,2,289.9,2.48,N,2
20.96925,85.16928,318.09,0.45,0.47,2026-01-02,1933,N20,VIIRS,n,2,290.87,2.12,N,2
20.96872,85.17364,311.87,0.45,0.47,2026-01-02,1933,N20,VIIRS,n,2,290.27,2.47,N,2
20.96707,85.15134,304.09,0.45,0.47,2026-01-02,1933,N20,VIIRS,n,2,290.01,1.38,N,2
20.96495,85.16873,304.32,0.45,0.47,2026-01-02,1933,N20,VIIRS,n,2,290.55,2.12,N,2
20.96441,85.17309,313.68,0.45,0.47,2026-01-02,1933,N20,VIIRS,n,2,290.79,2.47,N,2
20.96283,85.18604,309.61,0.45,0.47,2026-01-02,1933,N20,VIIRS,n,2,291.08,3.26,N,2
20.96231,85.19028,303.49,0.45,0.47,2026-01-02,1933,N20,VIIRS,n,2,290.6,1.89,N,2
20.96746,85.07609,306.59,0.46,0.47,2026-01-02,1933,N20,VIIRS,n,2,289.58,1.31,N,0
20.95756,85.01197,314.51,0.46,0.47,2026-01-02,1933,N20,VIIRS,n,2,289.92,2.83,N,2
21.31417,81.58831,300.91,0.39,0.59,2026-01-02,1933,N20,VIIRS,n,2,286.69,1.13,N,2
21.30144,81.6059,309.12,0.39,0.59,2026-01-02,1933,N20,VIIRS,n,2,288.25,0.95,N,2
20.89062,84.98053,312.58,0.46,0.47,2026-01-02,1933,N20,VIIRS,n,2,288.13,1.83,N,2
20.88958,84.97752,299.04,0.46,0.47,2026-01-02,1933,N20,VIIRS,n,2,287.59,1.09,N,2
20.88904,84.9819,305.34,0.46,0.47,2026-01-02,1933,N20,VIIRS,n,2,289.12,1.09,N,2
20.88469,84.98136,318.24,0.46,0.47,2026-01-02,1933,N20,VIIRS,n,2,290.31,2.61,N,2
20.86519,84.9966,326.01,0.46,0.47,2026-01-02,1933,N20,VIIRS,n,2,288.63,1.93,N,2
20.86623,84.98794,301.82,0.46,0.47,2026-01-02,1933,N20,VIIRS,n,2,288.79,1.1,N,2
20.86571,84.99227,306.3,0.46,0.47,2026-01-02,1933,N20,VIIRS,n,2,290.58,1.93,N,2
20.80755,85.2569,319.4,0.44,0.46,2026-01-02,1933,N20,VIIRS,n,2,291.69,2.95,N,2
20.79901,85.2558,302.21,0.44,0.46,2026-01-02,1933,N20,VIIRS,n,2,288.22,2.38,N,2
20.79525,85.25097,337.36,0.44,0.46,2026-01-02,1933,N20,VIIRS,n,2,289.53,4.75,N,2
20.79474,85.25523,302.36,0.44,0.46,2026-01-02,1933,N20,VIIRS,n,2,289.45,2.38,N,2
20.78998,85.25881,300.73,0.44,0.46,2026-01-02,1933,N20,VIIRS,n,2,290.31,1.26,N,2
20.78947,85.26303,302.62,0.44,0.46,2026-01-02,1933,N20,VIIRS,n,2,289.32,1.45,N,2
21.19886,81.39474,300.46,0.4,0.6,2026-01-02,1933,N20,VIIRS,n,2,288.32,1.08,N,2
20.78623,85.25395,303.87,0.44,0.46,2026-01-02,1933,N20,VIIRS,n,2,289.2,1.26,N,2
20.78572,85.25819,301.94,0.44,0.46,2026-01-02,1933,N20,VIIRS,n,2,289.69,1.26,N,2
20.78522,85.26242,305.84,0.44,0.46,2026-01-02,1933,N20,VIIRS,n,2,290.04,1.45,N,2
20.77612,85.33853,299.63,0.44,0.46,2026-01-02,1933,N20,VIIRS,n,2,287.71,0.82,N,0
21.18855,81.38576,300.45,0.4,0.6,2026-01-02,1933,N20,VIIRS,n,2,288.27,1.41,N,2
21.18819,81.38964,300.09,0.4,0.6,2026-01-02,1933,N20,VIIRS,n,2,289.15,1.27,N,2
21.18303,81.38512,332.93,0.4,0.6,2026-01-02,1933,N20,VIIRS,n,2,290.59,2.09,N,3
21.1834,81.38124,299.87,0.4,0.6,2026-01-02,1933,N20,VIIRS,n,2,288.48,2.09,N,2
20.7604,85.28918,307.72,0.44,0.46,2026-01-02,1933,N20,VIIRS,n,2,288.65,1.17,N,2
20.7599,85.29348,307.26,0.44,0.46,2026-01-02,1933,N20,VIIRS,n,2,289.4,1.79,N,2
20.7594,85.29774,310.23,0.44,0.46,2026-01-02,1933,N20,VIIRS,n,2,290.37,1.79,N,2
21.1885,81.3871,304.95,0.4,0.6,2026-01-02,1933,N20,VIIRS,n,2,288.82,1.66,N,2
21.18298,81.38649,323.33,0.4,0.6,2026-01-02,1933,N20,VIIRS,n,2,289.27,1.66,N,3
21.20102,81.20657,297.84,0.41,0.6,2026-01-02,1933,N20,VIIRS,n,2,286.43,0.68,N,0
21.18338,81.3826,309.23,0.4,0.6,2026-01-02,1933,N20,VIIRS,n,2,288.86,1.66,N,2
18.88327,95.93063,301.19,0.56,0.43,2026-01-02,1933,N20,VIIRS,n,2,290.08,0.96,N,0
19.83258,85.28695,298.69,0.43,0.46,2026-01-02,1933,N20,VIIRS,n,2,287.81,0.43,N,0
19.627,85.31374,305.25,0.42,0.45,2026-01-02,1933,N20,VIIRS,n,2,289.68,0.51,N,0
19.96451,79.32972,305.86,0.52,0.67,2026-01-02,1933,N20,VIIRS,n,2,287.96,1.05,N,0
19.92926,79.11712,300.62,0.54,0.68,2026-01-02,1933,N20,VIIRS,n,2,289.01,1.41,N,0
19.10233,82.16496,299.93,0.33,0.56,2026-01-02,1933,N20,VIIRS,n,2,287.59,1.06,N,2
19.09721,82.16434,312.28,0.33,0.56,2026-01-02,1933,N20,VIIRS,n,2,287.38,1.56,N,2
17.46557,80.65079,302.73,0.4,0.6,2026-01-02,1934,N20,VIIRS,n,2,289.2,0.8,N,0
17.66301,80.48489,300.04,0.41,0.61,2026-01-02,1934,N20,VIIRS,n,2,289.83,0.6,N,0
17.66129,80.48329,299.98,0.41,0.61,2026-01-02,1934,N20,VIIRS,n,2,289.19,0.75,N,0
17.60716,83.20148,318.36,0.54,0.51,2026-01-02,1934,N20,VIIRS,n,2,291.77,2.04,N,2
17.61184,83.2021,305.13,0.54,0.51,2026-01-02,1934,N20,VIIRS,n,2,291.6,2.04,N,2
18.4201,76.53272,296.68,0.77,0.77,2026-01-02,1934,N20,VIIRS,n,2,286.29,1.0,N,0
18.98644,76.4245,305.26,0.79,0.78,2026-01-02,1934,N20,VIIRS,n,2,283.19,2.02,N,0
18.72159,79.53753,300.15,0.49,0.65,2026-01-02,1934,N20,VIIRS,n,2,289.53,1.67,N,2
18.98157,76.42075,302.63,0.79,0.78,2026-01-02,1934,N20,VIIRS,n,2,281.46,1.6,N,0
18.53997,83.34147,300.11,0.55,0.51,2026-01-02,1934,N20,VIIRS,n,2,289.88,0.78,N,0
13.05028,96.86841,315.21,0.54,0.51,2026-01-02,1934,N20,VIIRS,n,2,291.88,2.92,N,3
15.9619,80.93619,300.47,0.37,0.58,2026-01-02,1934,N20,VIIRS,n,2,290.19,0.34,N,2
12.28596,93.86646,298.42,0.54,0.42,2026-01-02,1935,N20,VIIRS,n,2,266.65,1.13,N,0
12.28679,93.86161,317.28,0.54,0.42,2026-01-02,1935,N20,VIIRS,n,2,268.83,2.12,N,0
12.28975,93.86746,296.73,0.54,0.42,2026-01-02,1935,N20,VIIRS,n,2,267.36,1.13,N,0
12.29058,93.8626,311.95,0.54,0.42,2026-01-02,1935,N20,VIIRS,n,2,271.85,2.12,N,0
12.28831,93.86409,330.88,0.54,0.42,2026-01-02,1935,N20,VIIRS,n,2,271.88,5.03,N,0
15.00764,76.99379,300.59,0.66,0.73,2026-01-02,1935,N20,VIIRS,n,2,287.56,2.01,N,0
15.18095,76.65466,299.16,0.69,0.74,2026-01-02,1935,N20,VIIRS,n,2,287.38,1.16,N,2
15.1816,76.64813,299.16,0.69,0.75,2026-01-02,1935,N20,VIIRS,n,2,287.26,1.16,N,0
15.18192,76.64951,302.3,0.69,0.75,2026-01-02,1935,N20,VIIRS,n,2,287.73,1.86,N,0
15.17653,76.78026,301.62,0.68,0.74,2026-01-02,1935,N20,VIIRS,n,2,288.07,1.65,N,0
15.18031,77.09571,296.78,0.65,0.73,2026-01-02,1935,N20,VIIRS,n,2,285.33,1.94,N,0
15.68854,78.45436,300.56,0.53,0.67,2026-01-02,1935,N20,VIIRS,n,2,290.44,0.91,N,0
13.05152,96.86652,313.53,0.54,0.51,2026-01-02,1935,N20,VIIRS,n,2,291.87,2.74,N,3
13.54579,75.58749,312.15,0.78,0.78,2026-01-02,1935,N20,VIIRS,n,2,286.26,2.42,N,0
12.81025,77.43089,297.41,0.58,0.69,2026-01-02,1935,N20,VIIRS,n,2,286.6,0.46,N,0
13.54865,75.58454,308.84,0.78,0.78,2026-01-02,1935,N20,VIIRS,n,2,286.63,1.98,N,0
13.16155,80.28032,304.14,0.37,0.58,2026-01-02,1935,N20,VIIRS,n,2,290.12,0.55,N,2
35.96873,68.68506,301.52,0.4,0.37,2026-01-02,2110,N20,VIIRS,n,2,276.19,0.78,N,2
33.40797,71.93782,297.15,0.42,0.38,2026-01-02,2110,N20,VIIRS,n,2,277.94,0.74,N,2
29.81329,79.66134,295.88,0.4,0.6,2026-01-02,2111,N20,VIIRS,n,2,276.1,0.72,N,0
31.36931,77.38834,295.68,0.55,0.51,2026-01-02,2111,N20,VIIRS,n,2,278.22,2.06,N,0
30.37446,78.90413,308.53,0.35,0.57,2026-01-02,2111,N20,VIIRS,n,2,279.4,1.24,N,0
29.6205,80.35663,297.35,0.45,0.63,2026-01-02,2111,N20,VIIRS,n,2,277.8,0.63,N,0
30.36616,78.91605,302.27,0.35,0.57,2026-01-02,2111,N20,VIIRS,n,2,278.46,1.02,N,0
27.42536,70.52007,313.91,0.43,0.38,2026-01-02,2112,N20,VIIRS,n,2,279.28,1.86,N,0
26.87862,73.51335,301.38,0.4,0.45,2026-01-02,2112,N20,VIIRS,n,2,280.94,1.44,N,2
27.07956,73.81735,298.53,0.42,0.45,2026-01-02,2112,N20,VIIRS,n,2,282.98,1.14,N,2
28.42662,69.69876,308.39,0.4,0.37,2026-01-02,2112,N20,VIIRS,n,2,282.1,0.83,N,2
28.07179,77.85638,295.14,0.35,0.56,2026-01-02,2112,N20,VIIRS,n,2,279.18,0.34,N,2
26.25927,74.09583,298.7,0.45,0.47,2026-01-02,2112,N20,VIIRS,n,2,283.53,1.35,N,2
26.26601,74.18753,295.1,0.45,0.47,2026-01-02,2112,N20,VIIRS,n,2,284.71,0.87,N,2
26.60761,73.68269,299.36,0.42,0.45,2026-01-02,2112,N20,VIIRS,n,2,280.65,0.98,N,2
26.8738,73.51634,305.77,0.4,0.45,2026-01-02,2112,N20,VIIRS,n,2,280.83,1.42,N,2
23.69079,68.83281,297.11,0.41,0.37,2026-01-02,2113,N20,VIIRS,n,2,281.92,0.31,N,2
23.31413,70.20036,295.59,0.47,0.39,2026-01-02,2113,N20,VIIRS,n,2,284.88,0.67,N,2
23.26831,70.28149,295.52,0.47,0.4,2026-01-02,2113,N20,VIIRS,n,2,284.76,0.37,N,0
23.26878,70.25806,295.9,0.47,0.4,2026-01-02,2113,N20,VIIRS,n,2,285.13,0.5,N,2
22.2671,75.13258,298.63,0.62,0.54,2026-01-02,2113,N20,VIIRS,n,2,288.02,1.14,N,2
23.49842,68.579,310.87,0.41,0.37,2026-01-02,2113,N20,VIIRS,n,2,289.91,1.83,N,2
23.24725,69.86913,298.13,0.45,0.39,2026-01-02,2113,N20,VIIRS,n,2,286.39,1.16,N,0
23.42925,68.7139,299.23,0.41,0.37,2026-01-02,2113,N20,VIIRS,n,2,287.1,0.99,N,2
23.12366,70.08591,299.3,0.46,0.39,2026-01-02,2113,N20,VIIRS,n,2,283.01,1.33,N,2
23.10487,70.18907,297.73,0.47,0.4,2026-01-02,2113,N20,VIIRS,n,2,287.67,0.84,N,2
23.1209,70.0807,306.43,0.46,0.39,2026-01-02,2113,N20,VIIRS,n,2,284.14,1.63,N,0
23.12009,70.08517,318.35,0.46,0.39,2026-01-02,2113,N20,VIIRS,n,2,285.16,1.33,N,2
23.22132,68.77702,301.76,0.41,0.37,2026-01-02,2113,N20,VIIRS,n,2,283.48,0.54,N,0
22.36574,73.11762,304.66,0.46,0.47,2026-01-02,2113,N20,VIIRS,n,2,290.79,2.38,N,2
22.93122,70.10513,328.25,0.47,0.39,2026-01-02,2113,N20,VIIRS,n,2,289.08,4.81,N,0
22.93442,69.7012,302.98,0.45,0.39,2026-01-02,2113,N20,VIIRS,n,2,286.07,0.71,N,0
22.12921,72.7658,303.18,0.45,0.47,2026-01-02,2113,N20,VIIRS,n,2,288.02,0.51,N,2
24.93338,74.63146,302.4,0.51,0.5,2026-01-02,2113,N20,VIIRS,n,2,285.31,0.99,N,2
26.09507,68.87972,310.5,0.4,0.37,2026-01-02,2113,N20,VIIRS,n,2,284.38,1.01,N,2
24.82374,73.09341,305.38,0.42,0.45,2026-01-02,2113,N20,VIIRS,n,2,285.87,1.38,N,2
24.68924,73.00304,299.67,0.41,0.45,2026-01-02,2113,N20,VIIRS,n,2,285.24,1.3,N,2
25.38132,68.66325,309.22,0.4,0.37,2026-01-02,2113,N20,VIIRS,n,2,282.17,1.05,N,0
25.38834,68.58008,301.94,0.4,0.37,2026-01-02,2113,N20,VIIRS,n,2,283.45,0.84,N,2
25.38769,68.58396,304.29,0.4,0.37,2026-01-02,2113,N20,VIIRS,n,2,283.58,0.74,N,2
21.62961,74.2913,311.87,0.57,0.52,2026-01-02,2114,N20,VIIRS,n,2,287.75,1.49,N,0
21.6284,74.28863,313.04,0.57,0.52,2026-01-02,2114,N20,VIIRS,n,2,287.81,1.22,N,0
22.33897,69.85476,307.02,0.46,0.39,2026-01-02,2114,N20,VIIRS,n,2,293.66,2.19,N,2
22.33659,69.86806,307.02,0.46,0.39,2026-01-02,2114,N20,VIIRS,n,2,292.99,2.32,N,2
22.33213,69.74835,304.72,0.46,0.39,2026-01-02,2114,N20,VIIRS,n,2,292.77,1.66,N,2
21.43869,74.32125,298.73,0.57,0.52,2026-01-02,2114,N20,VIIRS,n,2,288.37,0.51,N,0
22.41851,69.03744,319.29,0.43,0.38,2026-01-02,2114,N20,VIIRS,n,2,288.63,0.93,N,0
22.41975,69.03863,306.21,0.43,0.38,2026-01-02,2114,N20,VIIRS,n,2,289.22,0.98,N,0
22.4163,69.03793,317.1,0.43,0.38,2026-01-02,2114,N20,VIIRS,n,2,289.66,0.98,N,0
22.40187,69.01804,303.81,0.43,0.38,2026-01-02,2114,N20,VIIRS,n,2,290.65,1.16,N,2
21.22741,75.02097,314.19,0.32,0.55,2026-01-02,2114,N20,VIIRS,n,2,286.88,2.01,N,0
21.22677,75.02399,318.47,0.32,0.55,2026-01-02,2114,N20,VIIRS,n,2,287.78,2.08,N,0
21.78728,72.14272,304.92,0.41,0.45,2026-01-02,2114,N20,VIIRS,n,2,287.77,1.0,N,0
20.13803,79.01205,301.61,0.61,0.71,2026-01-02,2114,N20,VIIRS,n,2,287.92,1.02,N,0
19.88248,79.11062,300.32,0.63,0.72,2026-01-02,2114,N20,VIIRS,n,2,287.31,1.58,N,0
19.92315,79.11245,298.38,0.63,0.72,2026-01-02,2114,N20,VIIRS,n,2,288.2,1.87,N,2
21.11272,72.63531,310.09,0.46,0.47,2026-01-02,2114,N20,VIIRS,n,2,292.1,1.2,N,2
21.10674,72.64297,338.74,0.46,0.47,2026-01-02,2114,N20,VIIRS,n,2,292.39,21.22,N,2
21.10588,72.64729,324.73,0.46,0.47,2026-01-02,2114,N20,VIIRS,n,2,294.15,16.04,N,2
21.10847,72.63435,302.64,0.46,0.47,2026-01-02,2114,N20,VIIRS,n,2,292.09,1.2,N,2
21.10421,72.63341,338.53,0.46,0.47,2026-01-02,2114,N20,VIIRS,n,2,292.08,10.54,N,2
21.10335,72.63771,307.85,0.46,0.47,2026-01-02,2114,N20,VIIRS,n,2,291.1,6.55,N,2
21.09136,72.65311,300.74,0.46,0.47,2026-01-02,2114,N20,VIIRS,n,2,290.09,0.63,N,0
21.10106,72.63503,342.68,0.46,0.47,2026-01-02,2114,N20,VIIRS,n,2,291.09,11.17,N,2
21.09345,72.65143,303.8,0.46,0.47,2026-01-02,2114,N20,VIIRS,n,2,290.6,0.75,N,0
20.90993,71.45652,307.22,0.39,0.44,2026-01-02,2114,N20,VIIRS,n,2,289.84,1.02,N,2
20.90922,71.46022,304.98,0.39,0.44,2026-01-02,2114,N20,VIIRS,n,2,291.1,0.96,N,2
20.86757,70.56451,300.9,0.52,0.42,2026-01-02,2114,N20,VIIRS,n,2,289.77,0.87,N,0
20.83573,70.69306,302.03,0.53,0.42,2026-01-02,2114,N20,VIIRS,n,2,291.15,1.5,N,2
20.35764,72.94724,308.17,0.49,0.49,2026-01-02,2114,N20,VIIRS,n,2,289.33,0.78,N,2
19.9387,73.71102,297.3,0.56,0.52,2026-01-02,2114,N20,VIIRS,n,2,287.05,0.72,N,2
19.53097,71.29866,310.43,0.4,0.44,2026-01-02,2114,N20,VIIRS,n,2,295.19,0.82,N,3
19.06086,73.28609,300.06,0.55,0.51,2026-01-02,2114,N20,VIIRS,n,2,289.55,0.6,N,0
19.0563,73.2848,299.96,0.55,0.51,2026-01-02,2114,N20,VIIRS,n,2,289.78,0.6,N,0
17.80758,78.42981,297.2,0.63,0.72,2026-01-02,2114,N20,VIIRS,n,2,286.79,0.8,N,0
18.77956,73.74786,309.9,0.59,0.53,2026-01-02,2114,N20,VIIRS,n,2,287.92,2.09,N,0
19.17732,70.94489,309.84,0.39,0.44,2026-01-02,2114,N20,VIIRS,n,2,294.78,0.67,N,3
18.69205,73.04105,320.94,0.54,0.51,2026-01-02,2114,N20,VIIRS,n,2,292.65,4.79,N,2
18.68487,73.02908,305.23,0.54,0.5,2026-01-02,2114,N20,VIIRS,n,2,291.51,1.71,N,2
18.68389,73.03406,306.2,0.54,0.51,2026-01-02,2114,N20,VIIRS,n,2,292.6,2.94,N,2
17.56295,73.86007,330.59,0.32,0.55,2026-01-02,2115,N20,VIIRS,n,2,286.79,2.15,N,0
17.81692,75.31362,296.69,0.39,0.6,2026-01-02,2115,N20,VIIRS,n,2,286.23,0.57,N,0
14.86392,75.73759,309.61,0.48,0.65,2026-01-02,2115,N20,VIIRS,n,2,288.62,1.28,N,0
15.11103,76.80408,299.64,0.56,0.69,2026-01-02,2115,N20,VIIRS,n,2,287.04,1.65,N,0
15.07639,76.86318,298.65,0.56,0.69,2026-01-02,2115,N20,VIIRS,n,2,287.84,1.98,N,0
15.17988,76.65541,302.12,0.54,0.68,2026-01-02,2115,N20,VIIRS,n,2,288.92,2.26,N,2
15.18385,76.66682,307.46,0.54,0.68,2026-01-02,2115,N20,VIIRS,n,2,288.77,2.99,N,2
15.18491,76.66185,300.36,0.54,0.68,2026-01-02,2115,N20,VIIRS,n,2,288.41,2.23,N,2
15.17586,77.10036,298.02,0.58,0.7,2026-01-02,2115,N20,VIIRS,n,2,287.76,1.15,N,2
15.17916,77.09855,306.65,0.58,0.7,2026-01-02,2115,N20,VIIRS,n,2,287.88,1.82,N,2
15.85746,74.88476,304.55,0.4,0.6,2026-01-02,2115,N20,VIIRS,n,2,287.12,0.72,N,0
15.85822,74.88111,298.01,0.4,0.6,2026-01-02,2115,N20,VIIRS,n,2,286.55,0.72,N,0
15.85137,75.02341,308.02,0.41,0.61,2026-01-02,2115,N20,VIIRS,n,2,288.06,0.99,N,0
15.9614,75.09906,296.96,0.41,0.61,2026-01-02,2115,N20,VIIRS,n,2,286.71,0.4,N,0
16.08585,74.86011,298.63,0.4,0.6,2026-01-02,2115,N20,VIIRS,n,2,288.09,0.58,N,0
16.08661,74.85648,300.42,0.4,0.6,2026-01-02,2115,N20,VIIRS,n,2,288.14,0.58,N,0
16.2071,75.42918,310.92,0.43,0.62,2026-01-02,2115,N20,VIIRS,n,2,286.44,1.2,N,0
16.26479,75.34807,302.22,0.42,0.61,2026-01-02,2115,N20,VIIRS,n,2,286.7,1.81,N,0
16.2656,75.34416,320.1,0.42,0.61,2026-01-02,2115,N20,VIIRS,n,2,287.23,1.81,N,0
16.28547,75.27605,302.93,0.42,0.61,2026-01-02,2115,N20,VIIRS,n,2,286.6,1.08,N,0
16.28627,75.27218,300.35,0.42,0.61,2026-01-02,2115,N20,VIIRS,n,2,286.38,1.1,N,0
16.58036,75.15,313.33,0.41,0.6,2026-01-02,2115,N20,VIIRS,n,2,285.71,1.26,N,0
17.42225,95.95763,332.41,0.41,0.37,2026-01-03,0643,N20,VIIRS,n,2,293.52,2.34,D,0
17.23864,95.0594,334.51,0.44,0.38,2026-01-03,0643,N20,VIIRS,n,2,302.71,8.59,D,0
17.36648,95.85006,332.84,0.41,0.37,2026-01-03,0643,N20,VIIRS,n,2,300.49,3.21,D,0
17.45166,96.37566,332.44,0.4,0.37,2026-01-03,0643,N20,VIIRS,n,2,298.88,4.06,D,0
17.35717,95.81983,345.74,0.41,0.37,2026-01-03,0643,N20,VIIRS,n,2,301.75,9.27,D,0
17.42278,96.42612,338.19,0.4,0.37,2026-01-03,0643,N20,VIIRS,n,2,301.1,5.25,D,0
17.40897,96.5118,331.04,0.39,0.37,2026-01-03,0643,N20,VIIRS,l,2,301.88,1.9,D,0
17.38146,96.6184,335.88,0.39,0.36,2026-01-03,0643,N20,VIIRS,n,2,306.18,1.97,D,0
17.16417,96.27708,344.73,0.4,0.37,2026-01-03,0643,N20,VIIRS,n,2,304.02,10.36,D,0
17.16477,96.2808,346.01,0.4,0.37,2026-01-03,0643,N20,VIIRS,n,2,301.84,13.06,D,0
16.90848,95.04494,332.26,0.44,0.38,2026-01-03,0643,N20,VIIRS,n,2,301.85,2.18,D,0
16.83905,94.84428,337.91,0.45,0.39,2026-01-03,0643,N20,VIIRS,n,2,300.34,8.67,D,0
16.78799,94.6489,335.29,0.46,0.39,2026-01-03,0643,N20,VIIRS,n,2,299.67,5.55,D,0
16.81855,94.83074,342.72,0.45,0.39,2026-01-03,0643,N20,VIIRS,n,2,298.09,4.98,D,0
16.99771,95.9185,331.8,0.41,0.37,2026-01-03,0643,N20,VIIRS,n,2,292.75,2.81,D,0
16.80008,94.8943,333.75,0.45,0.39,2026-01-03,0643,N20,VIIRS,n,2,302.94,3.26,D,0
16.76463,94.77121,329.84,0.46,0.39,2026-01-03,0643,N20,VIIRS,l,2,301.27,2.93,D,0
16.76535,94.77542,331.96,0.45,0.39,2026-01-03,0643,N20,VIIRS,n,2,300.12,2.93,D,0
16.76681,94.80551,332.75,0.45,0.39,2026-01-03,0643,N20,VIIRS,n,2,302.36,5.18,D,0
16.77393,94.84742,329.71,0.45,0.39,2026-01-03,0643,N20,VIIRS,l,2,301.92,4.31,D,0
16.99599,96.22954,332.04,0.4,0.37,2026-01-03,0643,N20,VIIRS,l,2,305.71,4.15,D,0
16.74881,94.78149,336.39,0.46,0.39,2026-01-03,0643,N20,VIIRS,n,2,303.0,5.69,D,0
16.77154,94.94111,332.8,0.45,0.39,2026-01-03,0643,N20,VIIRS,n,2,302.72,6.95,D,0
16.75399,94.92288,333.9,0.45,0.39,2026-01-03,0643,N20,VIIRS,n,2,299.53,2.0,D,0
16.91292,95.96039,336.69,0.41,0.37,2026-01-03,0643,N20,VIIRS,n,2,293.73,3.56,D,0
16.74807,94.9965,335.16,0.45,0.39,2026-01-03,0643,N20,VIIRS,n,2,302.68,6.14,D,0
16.71595,94.89115,329.66,0.45,0.39,2026-01-03,0643,N20,VIIRS,n,2,299.24,2.69,D,0
16.71665,94.89532,332.68,0.45,0.39,2026-01-03,0643,N20,VIIRS,n,2,297.49,2.69,D,0
16.86691,95.87019,333.56,0.41,0.37,2026-01-03,0643,N20,VIIRS,n,2,296.6,3.61,D,0
14.19092,96.04526,331.66,0.43,0.38,2026-01-03,0643,N20,VIIRS,n,2,293.24,3.39,D,3
16.86821,95.92113,330.54,0.41,0.37,2026-01-03,0643,N20,VIIRS,n,2,297.74,3.61,D,0
16.86481,95.92173,332.96,0.41,0.37,2026-01-03,0643,N20,VIIRS,n,2,299.63,1.98,D,0
16.86333,95.9769,337.39,0.41,0.37,2026-01-03,0643,N20,VIIRS,n,2,297.87,5.24,D,0
16.61065,95.21428,338.37,0.44,0.38,2026-01-03,0643,N20,VIIRS,n,2,302.79,3.9,D,0
16.59167,95.14973,331.19,0.44,0.38,2026-01-03,0643,N20,VIIRS,n,2,300.88,2.79,D,0
16.45042,95.14985,331.43,0.44,0.39,2026-01-03,0643,N20,VIIRS,n,2,300.42,2.22,D,0
16.44035,95.1979,337.83,0.44,0.38,2026-01-03,0643,N20,VIIRS,n,2,301.52,4.87,D,0
16.53475,96.38241,330.42,0.4,0.37,2026-01-03,0643,N20,VIIRS,n,2,296.9,5.92,D,0
16.39191,96.19136,333.07,0.41,0.37,2026-01-03,0643,N20,VIIRS,n,2,302.13,2.75,D,0
16.38516,96.19253,335.26,0.41,0.37,2026-01-03,0643,N20,VIIRS,n,2,303.14,2.62,D,0
16.16181,94.90031,329.96,0.46,0.39,2026-01-03,0643,N20,VIIRS,l,2,301.02,2.51,D,0
17.59792,95.80518,330.12,0.41,0.37,2026-01-03,0643,N20,VIIRS,n,2,297.22,1.62,D,0
20.29295,94.68812,339.41,0.42,0.38,2026-01-03,0644,N20,VIIRS,n,2,302.41,3.95,D,0
17.65695,95.02709,336.58,0.43,0.38,2026-01-03,0644,N20,VIIRS,n,2,299.69,3.43,D,0
17.67473,94.9956,331.34,0.44,0.38,2026-01-03,0644,N20,VIIRS,n,2,295.8,3.03,D,0
17.7712,95.18926,329.95,0.43,0.38,2026-01-03,0644,N20,VIIRS,l,2,302.98,2.78,D,0
18.20191,95.80824,337.28,0.41,0.37,2026-01-03,0644,N20,VIIRS,n,2,300.41,3.22,D,0
18.14438,95.11133,337.5,0.43,0.38,2026-01-03,0644,N20,VIIRS,n,2,300.43,3.88,D,0
18.17344,95.09373,331.2,0.43,0.38,2026-01-03,0644,N20,VIIRS,n,2,299.21,2.79,D,0
18.44512,96.56837,328.89,0.39,0.36,2026-01-03,0644,N20,VIIRS,l,2,303.48,2.16,D,0
18.56817,95.18699,334.51,0.42,0.38,2026-01-03,0644,N20,VIIRS,n,2,298.23,3.18,D,0
18.57975,95.193,329.41,0.42,0.38,2026-01-03,0644,N20,VIIRS,l,2,301.37,2.69,D,0
18.86366,96.3968,337.12,0.39,0.36,2026-01-03,0644,N20,VIIRS,n,2,305.63,5.89,D,0
18.7276,95.27964,338.55,0.42,0.37,2026-01-03,0644,N20,VIIRS,n,2,299.13,5.18,D,0
18.96138,96.41345,330.48,0.39,0.36,2026-01-03,0644,N20,VIIRS,n,2,301.25,1.49,D,0
18.80977,95.39678,343.68,0.41,0.37,2026-01-03,0644,N20,VIIRS,n,2,302.93,7.32,D,0
18.81316,95.39616,335.68,0.41,0.37,2026-01-03,0644,N20,VIIRS,n,2,302.28,2.1,D,0
18.83025,95.38963,334.21,0.41,0.37,2026-01-03,0644,N20,VIIRS,n,2,303.53,4.27,D,0
18.84107,95.39167,333.19,0.41,0.37,2026-01-03,0644,N20,VIIRS,n,2,301.62,1.43,D,0
18.84447,95.39106,332.39,0.41,0.37,2026-01-03,0644,N20,VIIRS,n,2,304.2,1.95,D,0
19.08371,95.70319,333.08,0.4,0.37,2026-01-03,0644,N20,VIIRS,n,2,296.1,3.44,D,0
19.08562,95.70317,337.48,0.4,0.37,2026-01-03,0644,N20,VIIRS,n,2,295.31,3.49,D,0
19.19234,96.34662,334.56,0.39,0.36,2026-01-03,0644,N20,VIIRS,n,2,302.75,2.29,D,0
19.34731,96.33753,327.02,0.39,0.36,2026-01-03,0644,N20,VIIRS,l,2,300.39,0.98,D,0
19.47325,95.23875,367.0,0.41,0.37,2026-01-03,0644,N20,VIIRS,h,2,299.91,6.92,D,0
19.47665,95.23815,334.08,0.41,0.37,2026-01-03,0644,N20,VIIRS,n,2,297.63,6.92,D,0
19.48851,95.26788,334.61,0.41,0.37,2026-01-03,0644,N20,VIIRS,n,2,301.08,2.8,D,0
19.91572,96.84676,337.88,0.38,0.36,2026-01-03,0644,N20,VIIRS,n,2,298.03,7.15,D,0
19.71908,95.55772,345.79,0.4,0.37,2026-01-03,0644,N20,VIIRS,n,2,300.63,5.57,D,0
19.72244,95.55711,346.68,0.4,0.37,2026-01-03,0644,N20,VIIRS,n,2,302.08,6.05,D,0
19.88199,95.05243,342.42,0.41,0.37,2026-01-03,0644,N20,VIIRS,n,2,299.76,4.2,D,0
19.88135,95.04852,332.12,0.41,0.37,2026-01-03,0644,N20,VIIRS,n,2,299.46,4.04,D,0
20.03428,94.84608,332.36,0.42,0.38,2026-01-03,0644,N20,VIIRS,n,2,301.25,3.24,D,0
20.03423,94.84679,333.6,0.42,0.38,2026-01-03,0644,N20,VIIRS,n,2,301.2,4.46,D,0
20.4284,96.97375,332.06,0.38,0.36,2026-01-03,0644,N20,VIIRS,n,2,298.39,3.53,D,0
20.20033,94.7663,335.68,0.42,0.38,2026-01-03,0644,N20,VIIRS,n,2,301.6,2.64,D,0
20.2597,94.61597,333.04,0.43,0.38,2026-01-03,0644,N20,VIIRS,n,2,305.24,2.71,D,0
20.30374,94.81728,333.88,0.42,0.38,2026-01-03,0644,N20,VIIRS,n,2,302.98,5.42,D,0
20.31057,94.81602,339.5,0.42,0.38,2026-01-03,0644,N20,VIIRS,n,2,303.5,5.15,D,0
20.36769,94.82208,332.89,0.42,0.37,2026-01-03,0644,N20,VIIRS,l,2,303.19,2.72,D,0
20.28902,94.20679,328.6,0.44,0.38,2026-01-03,0644,N20,VIIRS,n,2,291.88,3.31,D,0
20.28832,94.20272,328.7,0.44,0.38,2026-01-03,0644,N20,VIIRS,n,2,296.6,3.31,D,0
20.12148,93.08766,342.56,0.5,0.41,2026-01-03,0644,N20,VIIRS,n,2,303.19,6.78,D,0
20.73874,96.69431,334.57,0.38,0.36,2026-01-03,0644,N20,VIIRS,n,2,300.23,3.33,D,0
20.44438,94.68904,333.55,0.42,0.38,2026-01-03,0644,N20,VIIRS,n,2,302.07,2.76,D,0
20.44413,94.68983,334.62,0.42,0.38,2026-01-03,0644,N20,VIIRS,n,2,302.66,2.35,D,0
20.53826,95.19343,334.15,0.41,0.37,2026-01-03,0644,N20,VIIRS,n,2,303.46,3.23,D,0
20.60783,95.5574,336.66,0.4,0.37,2026-01-03,0644,N20,VIIRS,n,2,300.63,2.82,D,0
20.45683,94.59683,344.35,0.42,0.38,2026-01-03,0644,N20,VIIRS,n,2,304.48,4.76,D,0
20.4838,94.69476,342.29,0.42,0.38,2026-01-03,0644,N20,VIIRS,n,2,303.69,3.63,D,0
20.48789,94.6981,341.2,0.42,0.38,2026-01-03,0644,N20,VIIRS,n,2,302.23,4.62,D,0
20.48722,94.69411,342.87,0.42,0.38,2026-01-03,0644,N20,VIIRS,n,2,303.63,4.53,D,0
20.50513,94.67435,342.08,0.42,0.38,2026-01-03,0644,N20,VIIRS,n,2,302.63,3.21,D,0
17.59598,94.98383,330.54,0.44,0.38,2026-01-03,0644,N20,VIIRS,n,2,300.21,5.5,D,0
17.59665,94.98789,346.52,0.44,0.38,2026-01-03,0644,N20,VIIRS,n,2,302.48,5.5,D,0
17.71656,95.73705,335.82,0.41,0.37,2026-01-03,0644,N20,VIIRS,n,2,303.83,4.71,D,0
20.8684,96.87428,335.78,0.38,0.36,2026-01-03,0644,N20,VIIRS,n,2,304.35,2.25,D,0
20.52239,94.65056,330.56,0.42,0.38,2026-01-03,0644,N20,VIIRS,n,2,302.38,2.31,D,0
20.88545,96.9201,335.28,0.38,0.36,2026-01-03,0644,N20,VIIRS,n,2,302.21,6.48,D,0
20.66591,95.01084,336.8,0.41,0.37,2026-01-03,0644,N20,VIIRS,n,2,306.1,3.09,D,0
20.68277,95.07146,334.28,0.41,0.37,2026-01-03,0644,N20,VIIRS,n,2,303.14,2.23,D,0
20.74414,95.11976,331.58,0.41,0.37,2026-01-03,0644,N20,VIIRS,n,2,302.78,2.17,D,0
20.83713,94.85387,338.76,0.41,0.37,2026-01-03,0644,N20,VIIRS,n,2,304.79,6.71,D,0
20.83648,94.84991,332.04,0.41,0.37,2026-01-03,0644,N20,VIIRS,n,2,305.1,4.06,D,0
21.02069,95.84052,332.63,0.39,0.36,2026-01-03,0644,N20,VIIRS,n,2,302.28,2.37,D,0
21.0295,95.40633,331.42,0.4,0.37,2026-01-03,0644,N20,VIIRS,n,2,304.46,2.56,D,0
21.13757,95.80436,332.29,0.39,0.36,2026-01-03,0644,N20,VIIRS,l,2,302.54,1.93,D,0
21.07961,95.44009,336.23,0.4,0.37,2026-01-03,0644,N20,VIIRS,n,2,304.69,2.05,D,0
21.22801,96.11964,331.96,0.39,0.36,2026-01-03,0644,N20,VIIRS,n,2,299.08,1.61,D,0
21.18212,95.80758,333.28,0.39,0.36,2026-01-03,0644,N20,VIIRS,n,2,301.03,3.68,D,0
21.20466,95.90676,338.46,0.39,0.36,2026-01-03,0644,N20,VIIRS,n,2,303.18,4.2,D,0
21.06202,94.46901,331.85,0.42,0.38,2026-01-03,0644,N20,VIIRS,n,2,302.57,3.08,D,0
21.06158,94.46996,333.29,0.42,0.38,2026-01-03,0644,N20,VIIRS,n,2,303.12,3.28,D,0
21.40563,96.36506,329.72,0.39,0.36,2026-01-03,0644,N20,VIIRS,n,2,297.26,1.68,D,0
21.95787,90.4534,327.06,0.44,0.46,2026-01-03,0645,N20,VIIRS,n,2,296.28,2.69,D,0
22.8232,95.38348,340.21,0.39,0.36,2026-01-03,0645,N20,VIIRS,n,2,303.65,3.55,D,0
22.8226,95.37971,330.09,0.39,0.36,2026-01-03,0645,N20,VIIRS,l,2,303.92,3.55,D,0
22.82591,95.37909,340.93,0.39,0.36,2026-01-03,0645,N20,VIIRS,n,2,302.3,4.81,D,0
22.53315,93.33638,327.35,0.45,0.39,2026-01-03,0645,N20,VIIRS,n,2,295.53,3.48,D,0
22.53668,93.3357,332.82,0.45,0.39,2026-01-03,0645,N20,VIIRS,n,2,296.8,3.48,D,0
22.90359,95.37633,345.01,0.39,0.36,2026-01-03,0645,N20,VIIRS,n,2,303.85,7.84,D,0
22.62031,93.61153,332.66,0.44,0.38,2026-01-03,0645,N20,VIIRS,n,2,293.22,4.55,D,0
22.61959,93.60732,330.2,0.44,0.38,2026-01-03,0645,N20,VIIRS,n,2,295.23,4.55,D,0
22.5999,93.47067,328.37,0.45,0.39,2026-01-03,0645,N20,VIIRS,n,2,292.11,3.65,D,0
22.62612,93.56093,336.18,0.44,0.38,2026-01-03,0645,N20,VIIRS,n,2,298.96,7.24,D,0
22.98816,95.52293,339.57,0.39,0.36,2026-01-03,0645,N20,VIIRS,n,2,301.47,3.7,D,0
21.07625,85.04134,338.81,0.5,0.66,2026-01-03,0645,N20,VIIRS,n,2,296.21,6.68,D,2
23.05458,95.2779,328.75,0.39,0.36,2026-01-03,0645,N20,VIIRS,l,2,302.02,2.02,D,0
21.07947,85.04227,349.55,0.5,0.66,2026-01-03,0645,N20,VIIRS,n,2,295.83,9.31,D,2
21.07839,85.0376,326.47,0.5,0.66,2026-01-03,0645,N20,VIIRS,l,2,296.78,7.74,D,2
22.8908,94.04718,329.83,0.42,0.38,2026-01-03,0645,N20,VIIRS,n,2,300.19,2.15,D,0
23.14837,95.5474,343.34,0.39,0.36,2026-01-03,0645,N20,VIIRS,n,2,301.19,5.39,D,0
23.14694,95.3657,329.82,0.39,0.36,2026-01-03,0645,N20,VIIRS,n,2,302.51,1.96,D,0
21.7686,87.62637,328.53,0.33,0.55,2026-01-03,0645,N20,VIIRS,n,2,294.07,1.61,D,0
21.65519,87.04847,328.82,0.36,0.57,2026-01-03,0645,N20,VIIRS,n,2,294.13,3.19,D,0
21.79532,87.45434,326.69,0.34,0.56,2026-01-03,0645,N20,VIIRS,n,2,294.11,1.27,D,0
21.04927,83.78677,333.53,0.6,0.71,2026-01-03,0645,N20,VIIRS,n,2,294.32,4.57,D,0
21.83672,87.25961,332.33,0.35,0.56,2026-01-03,0645,N20,VIIRS,n,2,293.48,1.8,D,0
23.13715,94.00459,328.09,0.42,0.38,2026-01-03,0645,N20,VIIRS,n,2,300.27,1.34,D,0
23.15015,93.99787,334.9,0.42,0.38,2026-01-03,0645,N20,VIIRS,n,2,300.4,4.63,D,0
23.1952,93.97337,331.82,0.42,0.38,2026-01-03,0645,N20,VIIRS,n,2,298.95,3.01,D,0
23.21284,94.05741,331.63,0.42,0.38,2026-01-03,0645,N20,VIIRS,n,2,300.61,3.16,D,0
21.96441,87.39484,331.35,0.34,0.56,2026-01-03,0645,N20,VIIRS,n,2,295.44,2.72,D,0
22.00359,87.50509,329.17,0.33,0.55,2026-01-03,0645,N20,VIIRS,n,2,295.8,1.9,D,0
23.27696,94.04066,333.68,0.42,0.38,2026-01-03,0645,N20,VIIRS,n,2,299.36,6.74,D,0
23.28037,94.03999,334.78,0.42,0.38,2026-01-03,0645,N20,VIIRS,n,2,299.27,6.74,D,0
23.28016,94.03979,334.19,0.42,0.38,2026-01-03,0645,N20,VIIRS,n,2,298.45,6.27,D,0
23.31352,94.07069,326.24,0.42,0.37,2026-01-03,0645,N20,VIIRS,l,2,299.71,1.76,D,0
22.06616,87.43385,327.12,0.33,0.56,2026-01-03,0645,N20,VIIRS,n,2,294.01,1.72,D,0
21.2317,83.63689,326.6,0.61,0.71,2026-01-03,0645,N20,VIIRS,n,2,292.11,4.5,D,0
21.95557,86.79471,333.08,0.37,0.58,2026-01-03,0645,N20,VIIRS,n,2,293.27,5.4,D,0
21.95482,86.79121,350.61,0.37,0.58,2026-01-03,0645,N20,VIIRS,n,2,295.03,5.4,D,0
21.28682,83.84091,327.76,0.59,0.7,2026-01-03,0645,N20,VIIRS,n,2,292.84,2.32,D,0
21.96004,86.78992,367.0,0.37,0.58,2026-01-03,0645,N20,VIIRS,h,2,295.52,5.4,D,0
21.34472,83.88942,337.91,0.58,0.7,2026-01-03,0645,N20,VIIRS,n,2,294.16,7.03,D,0
21.3412,83.88947,337.5,0.58,0.7,2026-01-03,0645,N20,VIIRS,n,2,294.36,6.79,D,0
23.81499,95.91751,331.49,0.38,0.36,2026-01-03,0645,N20,VIIRS,n,2,299.3,3.26,D,0
22.2345,87.39442,326.08,0.33,0.56,2026-01-03,0645,N20,VIIRS,n,2,296.49,1.73,D,0
22.26059,87.4178,337.28,0.33,0.55,2026-01-03,0645,N20,VIIRS,n,2,296.21,2.03,D,0
22.29393,87.47546,355.51,0.33,0.55,2026-01-03,0645,N20,VIIRS,n,2,295.11,5.11,D,0
21.37016,83.38976,327.4,0.63,0.72,2026-01-03,0645,N20,VIIRS,n,2,292.45,2.71,D,0
22.26344,87.0081,335.8,0.35,0.57,2026-01-03,0645,N20,VIIRS,n,2,295.62,3.6,D,0
22.3537,87.4115,332.18,0.33,0.55,2026-01-03,0645,N20,VIIRS,n,2,295.05,1.85,D,0
23.6136,94.14172,345.96,0.41,0.37,2026-01-03,0645,N20,VIIRS,n,2,299.94,4.92,D,0
23.6183,94.14904,332.56,0.41,0.37,2026-01-03,0645,N20,VIIRS,n,2,297.38,4.72,D,0
23.536,93.57691,330.74,0.43,0.38,2026-01-03,0645,N20,VIIRS,n,2,297.83,13.0,D,0
23.53528,93.57277,329.9,0.43,0.38,2026-01-03,0645,N20,VIIRS,n,2,296.8,21.31,D,0
23.53948,93.57644,331.8,0.43,0.38,2026-01-03,0645,N20,VIIRS,n,2,301.23,13.0,D,0
22.35308,87.41107,330.83,0.33,0.55,2026-01-03,0645,N20,VIIRS,n,2,295.38,1.69,D,0
22.26509,87.00754,334.2,0.35,0.57,2026-01-03,0645,N20,VIIRS,n,2,295.86,3.18,D,0
22.36628,87.30151,337.38,0.34,0.56,2026-01-03,0645,N20,VIIRS,n,2,298.93,4.69,D,2
22.37792,87.2819,329.87,0.34,0.56,2026-01-03,0645,N20,VIIRS,n,2,298.76,3.41,D,2
22.28485,86.79948,325.5,0.36,0.58,2026-01-03,0645,N20,VIIRS,n,2,292.93,1.93,D,0
22.29817,86.78532,325.49,0.36,0.58,2026-01-03,0645,N20,VIIRS,n,2,293.74,2.65,D,0
23.6426,93.41679,344.5,0.44,0.38,2026-01-03,0645,N20,VIIRS,n,2,299.4,10.21,D,0
23.78264,94.2042,331.45,0.41,0.37,2026-01-03,0645,N20,VIIRS,n,2,298.83,3.84,D,0
23.65025,93.41954,337.34,0.44,0.38,2026-01-03,0645,N20,VIIRS,n,2,300.67,12.28,D,0
24.22019,96.82812,329.01,0.39,0.36,2026-01-03,0645,N20,VIIRS,n,2,298.61,3.09,D,0
24.30695,96.63389,326.08,0.39,0.36,2026-01-03,0645,N20,VIIRS,l,2,297.04,1.22,D,0
22.57331,86.99809,327.8,0.35,0.57,2026-01-03,0645,N20,VIIRS,n,2,296.28,2.08,D,0
23.70512,92.44194,330.4,0.48,0.4,2026-01-03,0645,N20,VIIRS,n,2,293.57,4.48,D,0
21.92079,83.35379,326.62,0.61,0.71,2026-01-03,0645,N20,VIIRS,n,2,294.52,5.39,D,2
22.03911,83.73639,326.73,0.58,0.69,2026-01-03,0645,N20,VIIRS,n,2,295.21,10.45,D,2
22.04172,83.73325,331.7,0.57,0.69,2026-01-03,0645,N20,VIIRS,n,2,296.26,7.78,D,2
23.04776,87.83659,344.66,0.6,0.53,2026-01-03,0645,N20,VIIRS,n,2,295.32,7.88,D,0
21.9113,82.69548,331.72,0.67,0.74,2026-01-03,0645,N20,VIIRS,n,2,292.71,4.36,D,0
23.06204,87.73585,326.65,0.61,0.54,2026-01-03,0645,N20,VIIRS,n,2,295.11,3.87,D,0
21.9084,82.69622,330.46,0.67,0.74,2026-01-03,0645,N20,VIIRS,n,2,293.06,6.5,D,0
21.97657,82.4869,325.97,0.69,0.74,2026-01-03,0645,N20,VIIRS,n,2,294.3,2.59,D,0
23.10989,87.29233,326.62,0.32,0.55,2026-01-03,0645,N20,VIIRS,n,2,290.3,2.29,D,0
24.37086,93.80644,333.71,0.42,0.37,2026-01-03,0645,N20,VIIRS,n,2,296.41,3.42,D,0
23.14125,87.36546,329.88,0.32,0.55,2026-01-03,0645,N20,VIIRS,n,2,294.45,1.93,D,0
23.29766,88.0079,338.02,0.58,0.52,2026-01-03,0645,N20,VIIRS,n,2,294.01,2.79,D,0
23.38872,88.28223,329.96,0.56,0.51,2026-01-03,0645,N20,VIIRS,n,2,295.05,3.11,D,0
23.16754,87.19604,330.32,0.33,0.55,2026-01-03,0645,N20,VIIRS,n,2,294.74,1.62,D,0
23.4004,88.022,330.98,0.58,0.52,2026-01-03,0645,N20,VIIRS,n,2,293.72,2.65,D,0
23.25018,87.11858,331.71,0.33,0.55,2026-01-03,0645,N20,VIIRS,n,2,292.58,2.47,D,0
23.42225,87.5352,327.24,0.62,0.54,2026-01-03,0645,N20,VIIRS,n,2,294.03,5.24,D,0
22.13622,81.95804,325.83,0.74,0.76,2026-01-03,0645,N20,VIIRS,n,2,291.39,2.92,D,0
24.82647,94.81882,325.58,0.39,0.36,2026-01-03,0645,N20,VIIRS,n,2,299.45,1.49,D,0
24.67396,93.66135,329.05,0.42,0.38,2026-01-03,0645,N20,VIIRS,n,2,291.13,3.45,D,0
24.75299,94.05122,330.13,0.41,0.37,2026-01-03,0645,N20,VIIRS,n,2,300.43,2.56,D,0
24.78448,94.07376,325.11,0.41,0.37,2026-01-03,0645,N20,VIIRS,n,2,297.45,2.35,D,0
20.96001,86.00822,346.07,0.44,0.62,2026-01-03,0645,N20,VIIRS,n,2,293.3,7.44,D,0
22.75938,95.3681,333.72,0.39,0.36,2026-01-03,0645,N20,VIIRS,n,2,301.44,1.67,D,0
20.96208,86.00611,336.37,0.44,0.62,2026-01-03,0645,N20,VIIRS,n,2,292.89,3.39,D,2
20.96296,86.01015,329.94,0.44,0.62,2026-01-03,0645,N20,VIIRS,n,2,292.7,3.39,D,2
22.64136,95.26907,336.83,0.39,0.36,2026-01-03,0645,N20,VIIRS,n,2,304.85,7.96,D,0
22.6284,95.29484,333.11,0.39,0.36,2026-01-03,0645,N20,VIIRS,l,2,303.41,5.55,D,0
20.87638,86.16668,332.51,0.43,0.62,2026-01-03,0645,N20,VIIRS,n,2,292.99,3.12,D,0
22.5879,95.2946,333.06,0.39,0.36,2026-01-03,0645,N20,VIIRS,n,2,302.58,2.24,D,0
22.58605,95.36887,335.01,0.39,0.36,2026-01-03,0645,N20,VIIRS,n,2,301.36,2.94,D,0
22.5755,95.36694,332.48,0.39,0.36,2026-01-03,0645,N20,VIIRS,n,2,302.38,4.74,D,0
22.56255,95.3071,340.95,0.39,0.36,2026-01-03,0645,N20,VIIRS,n,2,304.26,6.6,D,0
22.55892,95.37,346.57,0.39,0.36,2026-01-03,0645,N20,VIIRS,n,2,303.13,6.64,D,0
22.56099,95.4472,333.71,0.39,0.36,2026-01-03,0645,N20,VIIRS,n,2,301.23,3.35,D,0
22.53812,95.34666,330.07,0.39,0.36,2026-01-03,0645,N20,VIIRS,l,2,300.59,1.77,D,0
22.52655,95.63866,333.33,0.39,0.36,2026-01-03,0645,N20,VIIRS,n,2,302.2,2.13,D,0
22.52472,95.73513,335.54,0.39,0.36,2026-01-03,0645,N20,VIIRS,n,2,301.83,4.28,D,0
22.46231,95.4264,332.17,0.39,0.36,2026-01-03,0645,N20,VIIRS,n,2,301.66,1.19,D,0
20.82709,86.964,327.97,0.38,0.59,2026-01-03,0645,N20,VIIRS,n,2,294.82,3.42,D,0
22.43759,95.61331,340.1,0.39,0.36,2026-01-03,0645,N20,VIIRS,n,2,302.26,3.86,D,0
22.43546,95.62141,331.99,0.39,0.36,2026-01-03,0645,N20,VIIRS,n,2,303.58,2.23,D,0
20.82955,86.96569,325.47,0.38,0.59,2026-01-03,0645,N20,VIIRS,n,2,293.33,3.88,D,0
22.40394,95.61562,335.64,0.39,0.36,2026-01-03,0645,N20,VIIRS,n,2,302.88,4.52,D,0
22.40063,95.61622,338.5,0.39,0.36,2026-01-03,0645,N20,VIIRS,n,2,303.91,4.52,D,0
22.05696,93.54943,332.42,0.45,0.39,2026-01-03,0645,N20,VIIRS,n,2,294.96,3.33,D,0
22.05768,93.55359,326.39,0.45,0.39,2026-01-03,0645,N20,VIIRS,n,2,291.67,3.33,D,0
22.05414,93.55412,325.18,0.45,0.39,2026-01-03,0645,N20,VIIRS,n,2,292.44,3.33,D,0
22.38563,95.71513,331.46,0.39,0.36,2026-01-03,0645,N20,VIIRS,n,2,300.68,1.48,D,0
22.35271,95.67886,331.32,0.39,0.36,2026-01-03,0645,N20,VIIRS,n,2,301.08,2.14,D,0
22.28887,95.55545,337.26,0.39,0.36,2026-01-03,0645,N20,VIIRS,n,2,304.35,3.12,D,0
21.53458,93.87563,329.58,0.44,0.38,2026-01-03,0645,N20,VIIRS,n,2,293.43,3.22,D,0
21.73888,95.45535,340.81,0.39,0.36,2026-01-03,0645,N20,VIIRS,n,2,304.77,4.48,D,0
21.78888,96.11765,330.79,0.39,0.36,2026-01-03,0645,N20,VIIRS,l,2,301.67,3.61,D,0
21.79512,96.31024,330.93,0.38,0.36,2026-01-03,0645,N20,VIIRS,n,2,295.23,3.31,D,0
21.82346,96.94398,331.15,0.38,0.36,2026-01-03,0645,N20,VIIRS,n,2,298.71,3.58,D,0
21.81572,96.91501,341.27,0.38,0.36,2026-01-03,0645,N20,VIIRS,n,2,295.7,15.28,D,0
21.49668,95.12006,335.08,0.4,0.37,2026-01-03,0645,N20,VIIRS,l,2,307.11,6.16,D,0
21.24352,93.76925,343.18,0.45,0.39,2026-01-03,0645,N20,VIIRS,n,2,300.49,7.48,D,0
21.23292,93.771,336.33,0.45,0.39,2026-01-03,0645,N20,VIIRS,n,2,299.35,5.29,D,0
21.55361,95.89708,337.27,0.39,0.36,2026-01-03,0645,N20,VIIRS,n,2,304.94,3.02,D,0
21.52285,95.85294,336.43,0.39,0.36,2026-01-03,0645,N20,VIIRS,n,2,302.2,3.43,D,0
21.38688,95.14765,331.71,0.4,0.37,2026-01-03,0645,N20,VIIRS,n,2,302.19,1.78,D,0
21.43926,96.10026,333.9,0.39,0.36,2026-01-03,0645,N20,VIIRS,n,2,300.66,3.32,D,0
21.34179,95.50831,330.69,0.39,0.37,2026-01-03,0645,N20,VIIRS,n,2,301.95,2.03,D,0
26.55569,95.10291,352.35,0.38,0.36,2026-01-03,0646,N20,VIIRS,n,2,298.71,11.06,D,0
23.74282,87.99431,327.7,0.57,0.52,2026-01-03,0646,N20,VIIRS,n,2,293.99,2.23,D,0
23.56089,87.08527,325.22,0.33,0.55,2026-01-03,0646,N20,VIIRS,n,2,297.85,2.69,D,2
24.87666,94.01399,329.2,0.41,0.37,2026-01-03,0646,N20,VIIRS,n,2,298.64,2.95,D,0
24.90332,94.07075,330.87,0.41,0.37,2026-01-03,0646,N20,VIIRS,n,2,295.97,4.57,D,0
24.93792,93.8298,334.92,0.41,0.37,2026-01-03,0646,N20,VIIRS,n,2,297.45,4.06,D,0
23.6796,86.39272,334.36,0.36,0.57,2026-01-03,0646,N20,VIIRS,n,2,295.83,4.12,D,2
23.6798,86.0966,332.33,0.38,0.58,2026-01-03,0646,N20,VIIRS,n,2,295.24,3.19,D,2
23.76452,86.40776,337.51,0.36,0.57,2026-01-03,0646,N20,VIIRS,n,2,297.1,6.38,D,2
23.77771,86.39346,334.38,0.36,0.57,2026-01-03,0646,N20,VIIRS,n,2,299.27,6.53,D,2
23.77697,86.39005,327.38,0.36,0.57,2026-01-03,0646,N20,VIIRS,n,2,299.77,5.36,D,2
23.76508,86.40676,337.41,0.36,0.57,2026-01-03,0646,N20,VIIRS,n,2,297.81,5.66,D,2
23.77821,86.39258,336.26,0.36,0.57,2026-01-03,0646,N20,VIIRS,n,2,300.23,6.86,D,2
23.79626,86.35148,326.58,0.36,0.57,2026-01-03,0646,N20,VIIRS,l,2,297.65,5.5,D,2
23.80277,86.3317,327.26,0.36,0.57,2026-01-03,0646,N20,VIIRS,n,2,299.34,3.26,D,2
23.6484,85.44077,332.33,0.41,0.61,2026-01-03,0646,N20,VIIRS,n,2,295.7,3.21,D,2
24.50499,89.24325,330.38,0.46,0.47,2026-01-03,0646,N20,VIIRS,n,2,293.78,5.32,D,0
25.30828,92.77605,331.28,0.44,0.39,2026-01-03,0646,N20,VIIRS,n,2,290.81,4.58,D,0
25.57268,94.27036,329.82,0.4,0.37,2026-01-03,0646,N20,VIIRS,n,2,285.07,2.15,D,0
25.32978,92.69071,329.02,0.45,0.39,2026-01-03,0646,N20,VIIRS,n,2,291.94,2.49,D,0
25.32431,92.53387,344.46,0.45,0.39,2026-01-03,0646,N20,VIIRS,n,2,296.32,6.19,D,0
25.33489,92.53167,325.87,0.45,0.39,2026-01-03,0646,N20,VIIRS,n,2,295.77,4.12,D,0
25.35203,92.35827,325.59,0.46,0.39,2026-01-03,0646,N20,VIIRS,n,2,296.16,1.6,D,0
25.3955,92.35423,331.66,0.46,0.39,2026-01-03,0646,N20,VIIRS,n,2,294.52,2.21,D,0
25.40676,92.3624,329.91,0.46,0.39,2026-01-03,0646,N20,VIIRS,n,2,295.39,3.97,D,0
25.40596,92.35795,328.41,0.46,0.39,2026-01-03,0646,N20,VIIRS,n,2,298.13,4.96,D,0
25.40059,92.26582,329.79,0.46,0.39,2026-01-03,0646,N20,VIIRS,n,2,293.77,1.4,D,0
25.40414,92.26501,327.5,0.46,0.39,2026-01-03,0646,N20,VIIRS,n,2,294.29,1.72,D,0
23.82776,84.57539,334.6,0.47,0.64,2026-01-03,0646,N20,VIIRS,n,2,298.24,4.12,D,0
26.02116,95.7204,330.16,0.38,0.36,2026-01-03,0646,N20,VIIRS,n,2,296.06,2.01,D,0
26.22411,96.7981,326.86,0.39,0.37,2026-01-03,0646,N20,VIIRS,n,2,292.76,1.87,D,0
25.83591,94.06754,340.52,0.4,0.37,2026-01-03,0646,N20,VIIRS,n,2,295.17,3.04,D,0
25.53382,92.04469,330.6,0.47,0.4,2026-01-03,0646,N20,VIIRS,n,2,292.49,3.64,D,0
26.32068,96.62015,331.09,0.39,0.36,2026-01-03,0646,N20,VIIRS,n,2,296.28,2.36,D,0
26.01793,94.36992,337.84,0.39,0.36,2026-01-03,0646,N20,VIIRS,n,2,297.46,5.06,D,0
26.02188,94.37325,334.14,0.39,0.36,2026-01-03,0646,N20,VIIRS,n,2,300.66,17.49,D,0
26.02125,94.36929,339.16,0.39,0.36,2026-01-03,0646,N20,VIIRS,n,2,301.26,17.49,D,0
26.07494,94.40739,342.96,0.39,0.36,2026-01-03,0646,N20,VIIRS,n,2,294.53,4.11,D,0
26.0497,93.87253,332.05,0.4,0.37,2026-01-03,0646,N20,VIIRS,n,2,298.13,2.34,D,0
25.81418,92.04948,330.23,0.47,0.4,2026-01-03,0646,N20,VIIRS,n,2,293.37,2.82,D,0
26.37627,95.02296,347.71,0.39,0.36,2026-01-03,0646,N20,VIIRS,n,2,289.04,6.75,D,0
26.38015,95.02606,346.53,0.39,0.36,2026-01-03,0646,N20,VIIRS,n,2,288.66,6.75,D,0
26.37956,95.02226,345.6,0.39,0.36,2026-01-03,0646,N20,VIIRS,n,2,294.05,6.75,D,0
26.383,95.01794,346.5,0.39,0.36,2026-01-03,0646,N20,VIIRS,n,2,294.23,8.6,D,0
26.024,92.80368,327.34,0.43,0.38,2026-01-03,0646,N20,VIIRS,n,2,297.41,1.82,D,0
26.05813,92.95916,331.14,0.43,0.38,2026-01-03,0646,N20,VIIRS,n,2,297.2,11.76,D,0
26.45703,95.01548,335.26,0.39,0.36,2026-01-03,0646,N20,VIIRS,n,2,299.22,7.04,D,0
26.5235,95.06969,340.36,0.38,0.36,2026-01-03,0646,N20,VIIRS,n,2,291.99,4.7,D,0
26.52678,95.06902,336.37,0.38,0.36,2026-01-03,0646,N20,VIIRS,n,2,287.77,3.52,D,0
26.55628,95.10677,338.21,0.38,0.36,2026-01-03,0646,N20,VIIRS,n,2,292.03,6.32,D,0
26.55509,95.09905,338.29,0.38,0.36,2026-01-03,0646,N20,VIIRS,n,2,298.33,11.06,D,0
26.55449,95.0952,342.62,0.38,0.36,2026-01-03,0646,N20,VIIRS,n,2,300.0,7.7,D,0
26.5539,95.09135,336.44,0.38,0.36,2026-01-03,0646,N20,VIIRS,n,2,300.57,7.7,D,0
26.56016,95.11002,344.19,0.38,0.36,2026-01-03,0646,N20,VIIRS,n,2,294.12,22.32,D,0
26.55956,95.10616,355.29,0.38,0.36,2026-01-03,0646,N20,VIIRS,n,2,302.47,22.32,D,0
26.55897,95.1023,326.58,0.38,0.36,2026-01-03,0646,N20,VIIRS,n,2,295.77,5.0,D,0
26.55837,95.09845,345.41,0.38,0.36,2026-01-03,0646,N20,VIIRS,n,2,296.69,5.0,D,0
26.55778,95.09459,351.35,0.38,0.36,2026-01-03,0646,N20,VIIRS,n,2,298.34,19.22,D,0
26.55718,95.09073,353.54,0.38,0.36,2026-01-03,0646,N20,VIIRS,n,2,300.03,19.22,D,0
26.55659,95.08688,356.07,0.38,0.36,2026-01-03,0646,N20,VIIRS,n,2,308.31,17.73,D,0
26.55599,95.08302,336.15,0.38,0.36,2026-01-03,0646,N20,VIIRS,n,2,300.29,17.73,D,0
26.55987,95.08624,351.01,0.38,0.36,2026-01-03,0646,N20,VIIRS,n,2,307.89,17.73,D,0
26.55927,95.08239,346.19,0.38,0.36,2026-01-03,0646,N20,VIIRS,n,2,312.02,17.73,D,0
26.55868,95.07854,340.18,0.38,0.36,2026-01-03,0646,N20,VIIRS,n,2,305.63,5.0,D,0
26.56315,95.08561,333.54,0.38,0.36,2026-01-03,0646,N20,VIIRS,n,2,287.71,7.88,D,0
26.56255,95.08175,355.18,0.38,0.36,2026-01-03,0646,N20,VIIRS,n,2,297.86,7.88,D,0
26.56196,95.07789,346.96,0.38,0.36,2026-01-03,0646,N20,VIIRS,n,2,297.24,9.71,D,0
26.55579,94.97295,331.53,0.39,0.36,2026-01-03,0646,N20,VIIRS,n,2,287.53,3.8,D,0
26.62282,95.23138,344.17,0.38,0.36,2026-01-03,0646,N20,VIIRS,n,2,292.6,16.42,D,0
26.59785,94.95621,335.88,0.39,0.36,2026-01-03,0646,N20,VIIRS,n,2,295.24,21.63,D,0
26.59725,94.95237,290.01,0.39,0.36,2026-01-03,0646,N20,VIIRS,l,2,318.8,63.05,D,0
26.60407,94.80118,333.59,0.39,0.36,2026-01-03,0646,N20,VIIRS,n,2,293.41,32.44,D,0
26.60674,94.79655,367.0,0.39,0.36,2026-01-03,0646,N20,VIIRS,h,2,330.57,155.41,D,0
26.60735,94.80048,336.91,0.39,0.36,2026-01-03,0646,N20,VIIRS,n,2,300.08,155.41,D,0
26.74511,95.51836,367.0,0.38,0.36,2026-01-03,0646,N20,VIIRS,h,2,344.82,127.37,D,0
26.74685,95.52983,331.93,0.38,0.36,2026-01-03,0646,N20,VIIRS,n,2,282.78,4.19,D,0
26.74569,95.52219,333.02,0.38,0.36,2026-01-03,0646,N20,VIIRS,n,2,292.93,127.37,D,0
26.74452,95.51451,335.54,0.38,0.36,2026-01-03,0646,N20,VIIRS,n,2,296.93,19.08,D,0
26.74955,95.52538,343.48,0.38,0.36,2026-01-03,0646,N20,VIIRS,n,2,276.83,4.19,D,0
26.74897,95.52157,340.85,0.38,0.36,2026-01-03,0646,N20,VIIRS,n,2,291.48,127.37,D,0
26.7478,95.51389,344.83,0.38,0.36,2026-01-03,0646,N20,VIIRS,n,2,306.09,19.08,D,0
26.74721,95.51006,333.52,0.38,0.36,2026-01-03,0646,N20,VIIRS,n,2,291.29,19.08,D,0
26.74838,95.51774,367.0,0.38,0.36,2026-01-03,0646,N20,VIIRS,l,2,347.33,127.37,D,0
26.75801,95.5591,340.66,0.38,0.36,2026-01-03,0646,N20,VIIRS,n,2,287.55,52.65,D,0
26.75224,95.52095,344.63,0.38,0.36,2026-01-03,0646,N20,VIIRS,n,2,283.03,28.75,D,0
26.75166,95.51711,350.08,0.38,0.36,2026-01-03,0646,N20,VIIRS,n,2,292.6,28.75,D,0
26.7613,95.5585,343.16,0.38,0.36,2026-01-03,0646,N20,VIIRS,n,2,291.21,52.65,D,0
26.75959,95.5471,336.37,0.38,0.36,2026-01-03,0646,N20,VIIRS,n,2,291.74,88.93,D,0
26.7561,95.52414,339.7,0.38,0.36,2026-01-03,0646,N20,VIIRS,n,2,276.85,6.24,D,0
26.75376,95.5088,328.73,0.38,0.36,2026-01-03,0646,N20,VIIRS,n,2,275.71,108.98,D,0
26.76073,95.5547,367.0,0.38,0.36,2026-01-03,0646,N20,VIIRS,l,2,326.79,52.65,D,0
26.75524,95.29238,325.01,0.38,0.36,2026-01-03,0646,N20,VIIRS,n,2,292.27,2.43,D,0
26.75911,95.29559,341.53,0.38,0.36,2026-01-03,0646,N20,VIIRS,n,2,296.23,23.46,D,0
26.75852,95.29176,328.59,0.38,0.36,2026-01-03,0646,N20,VIIRS,l,2,298.68,10.03,D,0
26.75794,95.28795,338.8,0.38,0.36,2026-01-03,0646,N20,VIIRS,n,2,289.36,10.03,D,0
26.76123,95.28733,338.42,0.38,0.36,2026-01-03,0646,N20,VIIRS,n,2,286.74,10.03,D,0
26.72709,94.54624,333.56,0.39,0.36,2026-01-03,0646,N20,VIIRS,n,2,295.54,6.19,D,0
26.81229,94.97832,329.35,0.38,0.36,2026-01-03,0646,N20,VIIRS,n,2,294.81,2.38,D,0
26.83166,95.0377,335.93,0.38,0.36,2026-01-03,0646,N20,VIIRS,n,2,294.99,4.6,D,0
26.83823,95.03643,328.74,0.38,0.36,2026-01-03,0646,N20,VIIRS,n,2,292.53,4.39,D,0
26.9035,95.13048,332.98,0.38,0.36,2026-01-03,0646,N20,VIIRS,n,2,293.25,5.08,D,0
26.90678,95.12984,333.53,0.38,0.36,2026-01-03,0646,N20,VIIRS,n,2,292.19,5.08,D,0
26.90619,95.12601,333.72,0.38,0.36,2026-01-03,0646,N20,VIIRS,n,2,293.93,5.08,D,0
26.91007,95.1292,329.43,0.38,0.36,2026-01-03,0646,N20,VIIRS,n,2,291.54,26.07,D,0
26.90889,95.12152,353.6,0.38,0.36,2026-01-03,0646,N20,VIIRS,n,2,298.05,12.24,D,0
26.95533,95.38081,328.66,0.38,0.36,2026-01-03,0646,N20,VIIRS,n,2,292.65,1.63,D,0
26.97156,95.42105,329.49,0.38,0.36,2026-01-03,0646,N20,VIIRS,n,2,290.2,3.81,D,0
26.97098,95.41722,325.97,0.38,0.36,2026-01-03,0646,N20,VIIRS,n,2,291.17,3.48,D,0
26.96635,95.3866,335.16,0.38,0.36,2026-01-03,0646,N20,VIIRS,n,2,296.05,6.68,D,0
26.97485,95.42043,330.59,0.38,0.36,2026-01-03,0646,N20,VIIRS,n,2,293.5,16.4,D,0
26.97427,95.4166,325.11,0.38,0.36,2026-01-03,0646,N20,VIIRS,n,2,295.89,12.27,D,0
26.93669,95.10432,330.94,0.38,0.36,2026-01-03,0646,N20,VIIRS,n,2,294.81,3.9,D,0
26.94617,94.42416,328.22,0.39,0.36,2026-01-03,0646,N20,VIIRS,n,2,298.93,3.13,D,0
26.92249,94.27648,339.49,0.39,0.36,2026-01-03,0646,N20,VIIRS,n,2,298.79,10.2,D,0
26.94034,94.19637,337.32,0.39,0.36,2026-01-03,0646,N20,VIIRS,n,2,297.43,2.57,D,0
26.92497,94.0377,335.11,0.39,0.37,2026-01-03,0646,N20,VIIRS,n,2,302.36,3.16,D,0
26.93953,94.04288,346.26,0.39,0.37,2026-01-03,0646,N20,VIIRS,n,2,303.37,9.2,D,0
26.9389,94.03895,345.74,0.39,0.37,2026-01-03,0646,N20,VIIRS,n,2,305.6,14.56,D,0
26.94285,94.04221,341.81,0.39,0.37,2026-01-03,0646,N20,VIIRS,n,2,300.44,5.65,D,0
26.94222,94.03828,345.72,0.39,0.37,2026-01-03,0646,N20,VIIRS,n,2,302.1,20.35,D,0
26.98783,94.27948,332.26,0.39,0.36,2026-01-03,0646,N20,VIIRS,n,2,299.42,3.48,D,0
27.03964,94.54146,326.41,0.39,0.36,2026-01-03,0646,N20,VIIRS,l,2,300.07,1.69,D,0
27.0577,94.5698,339.71,0.39,0.36,2026-01-03,0646,N20,VIIRS,n,2,299.1,4.29,D,0
26.99137,94.10941,327.25,0.39,0.36,2026-01-03,0646,N20,VIIRS,n,2,298.99,1.72,D,0
27.33113,96.00777,325.92,0.39,0.36,2026-01-03,0646,N20,VIIRS,n,2,294.75,1.11,D,0
27.23643,94.70977,327.18,0.39,0.36,2026-01-03,0646,N20,VIIRS,n,2,296.24,2.91,D,0
27.21849,94.4021,339.74,0.39,0.36,2026-01-03,0646,N20,VIIRS,n,2,299.53,5.39,D,0
27.37699,95.33655,331.34,0.38,0.36,2026-01-03,0646,N20,VIIRS,n,2,299.37,4.64,D,0
26.90697,92.25055,328.44,0.44,0.39,2026-01-03,0646,N20,VIIRS,n,2,297.04,2.61,D,0
27.26424,94.30492,326.06,0.39,0.36,2026-01-03,0646,N20,VIIRS,n,2,297.15,1.19,D,0
27.54541,95.94098,327.31,0.39,0.36,2026-01-03,0646,N20,VIIRS,l,2,298.6,2.63,D,0
27.32472,94.32095,329.33,0.39,0.36,2026-01-03,0646,N20,VIIRS,n,2,299.81,2.56,D,0
27.27638,93.95515,338.43,0.39,0.37,2026-01-03,0646,N20,VIIRS,n,2,297.3,4.71,D,0
27.25337,93.81303,331.52,0.4,0.37,2026-01-03,0646,N20,VIIRS,n,2,294.96,3.92,D,0
27.33048,94.20715,332.55,0.39,0.36,2026-01-03,0646,N20,VIIRS,n,2,298.01,2.28,D,0
27.34268,94.24096,335.45,0.39,0.36,2026-01-03,0646,N20,VIIRS,n,2,300.53,2.92,D,0
27.34206,94.23706,330.88,0.39,0.36,2026-01-03,0646,N20,VIIRS,l,2,301.6,2.92,D,0
27.34598,94.2403,332.44,0.39,0.36,2026-01-03,0646,N20,VIIRS,n,2,298.08,2.92,D,0
27.3512,94.2519,327.23,0.39,0.36,2026-01-03,0646,N20,VIIRS,n,2,298.02,1.89,D,0
27.69159,96.29278,341.11,0.39,0.36,2026-01-03,0646,N20,VIIRS,n,2,306.74,26.07,D,0
27.69201,96.24828,332.87,0.39,0.36,2026-01-03,0646,N20,VIIRS,n,2,298.06,4.44,D,0
27.42798,94.4132,334.32,0.39,0.36,2026-01-03,0646,N20,VIIRS,n,2,297.17,2.95,D,0
27.42451,94.36981,332.05,0.39,0.36,2026-01-03,0646,N20,VIIRS,n,2,295.45,2.99,D,0
27.72921,96.26986,332.39,0.39,0.36,2026-01-03,0646,N20,VIIRS,n,2,301.47,2.38,D,0
26.85467,90.43808,326.27,0.54,0.42,2026-01-03,0646,N20,VIIRS,n,2,294.12,3.08,D,0
27.51934,94.23861,326.37,0.39,0.36,2026-01-03,0646,N20,VIIRS,n,2,295.8,1.43,D,0
27.65719,94.98991,333.13,0.38,0.36,2026-01-03,0646,N20,VIIRS,n,2,300.72,3.09,D,0
27.43537,93.52869,329.61,0.4,0.37,2026-01-03,0646,N20,VIIRS,n,2,280.96,3.47,D,0
27.6769,94.98609,326.53,0.38,0.36,2026-01-03,0646,N20,VIIRS,n,2,296.91,1.52,D,0
27.4935,93.72132,330.49,0.4,0.37,2026-01-03,0646,N20,VIIRS,n,2,295.57,2.42,D,0
27.5088,93.73074,332.47,0.4,0.37,2026-01-03,0646,N20,VIIRS,n,2,295.79,3.59,D,0
27.52741,93.73944,342.68,0.4,0.37,2026-01-03,0646,N20,VIIRS,n,2,296.54,12.08,D,0
27.94875,95.98364,333.37,0.39,0.36,2026-01-03,0646,N20,VIIRS,n,2,298.52,4.73,D,0
27.96701,95.99234,326.19,0.39,0.36,2026-01-03,0646,N20,VIIRS,n,2,296.71,1.65,D,0
27.46769,92.77188,332.91,0.42,0.38,2026-01-03,0646,N20,VIIRS,n,2,292.94,3.94,D,0
27.78545,94.04931,336.65,0.39,0.36,2026-01-03,0646,N20,VIIRS,n,2,309.08,25.69,D,0
27.78876,94.04868,341.92,0.39,0.36,2026-01-03,0646,N20,VIIRS,n,2,293.94,5.56,D,0
27.78293,93.58918,337.21,0.4,0.37,2026-01-03,0646,N20,VIIRS,n,2,294.56,3.83,D,0
28.5488,95.19689,327.65,0.38,0.36,2026-01-03,0646,N20,VIIRS,n,2,295.27,3.52,D,0
28.89556,95.98351,330.42,0.39,0.36,2026-01-03,0647,N20,VIIRS,n,2,292.01,6.48,D,0
28.89501,95.97963,330.64,0.39,0.36,2026-01-03,0647,N20,VIIRS,n,2,302.42,7.1,D,0
29.29142,79.83692,325.33,0.67,0.74,2026-01-03,0648,N20,VIIRS,n,2,285.61,4.31,D,0
29.58643,79.80463,336.78,0.66,0.73,2026-01-03,0648,N20,VIIRS,n,2,289.81,7.0,D,0
8.86288,76.76649,341.3,0.43,0.38,2026-01-03,0822,N20,VIIRS,n,2,304.19,7.59,D,0
9.169,76.8057,334.84,0.43,0.38,2026-01-03,0822,N20,VIIRS,l,2,307.72,4.62,D,0
9.19697,76.80147,335.27,0.43,0.38,2026-01-03,0822,N20,VIIRS,n,2,308.86,4.68,D,0
9.60267,76.44139,331.36,0.42,0.38,2026-01-03,0822,N20,VIIRS,n,2,299.99,2.62,D,0
9.63889,76.43143,332.88,0.42,0.38,2026-01-03,0823,N20,VIIRS,n,2,300.38,4.13,D,0
9.72505,76.95414,331.21,0.45,0.39,2026-01-03,0823,N20,VIIRS,n,2,299.04,2.28,D,0
9.767,76.99411,335.14,0.45,0.39,2026-01-03,0823,N20,VIIRS,n,2,298.88,4.99,D,0
9.95746,77.74505,336.24,0.49,0.4,2026-01-03,0823,N20,VIIRS,n,2,298.58,3.25,D,0
10.26732,77.72152,335.55,0.49,0.4,2026-01-03,0823,N20,VIIRS,n,2,298.64,4.66,D,0
10.75095,78.66505,332.97,0.56,0.43,2026-01-03,0823,N20,VIIRS,n,2,296.8,5.46,D,0
11.1473,77.159,338.77,0.47,0.4,2026-01-03,0823,N20,VIIRS,n,2,305.39,4.49,D,0
11.66065,79.24971,331.59,0.42,0.45,2026-01-03,0823,N20,VIIRS,n,2,298.63,3.58,D,0
11.74411,76.57815,351.21,0.45,0.39,2026-01-03,0823,N20,VIIRS,n,2,306.62,14.66,D,0
11.70776,75.76768,331.44,0.42,0.37,2026-01-03,0823,N20,VIIRS,n,2,298.36,3.03,D,0
11.93444,76.59774,334.47,0.45,0.39,2026-01-03,0823,N20,VIIRS,n,2,306.46,3.29,D,0
11.93387,76.59364,332.25,0.45,0.39,2026-01-03,0823,N20,VIIRS,n,2,302.67,3.29,D,0
11.93329,76.58956,334.59,0.45,0.39,2026-01-03,0823,N20,VIIRS,n,2,301.42,3.75,D,0
12.46338,77.49196,336.38,0.51,0.41,2026-01-03,0823,N20,VIIRS,n,2,301.45,4.69,D,0
12.49798,77.37527,344.34,0.5,0.41,2026-01-03,0823,N20,VIIRS,n,2,300.96,4.6,D,0
12.51046,77.38284,332.89,0.5,0.41,2026-01-03,0823,N20,VIIRS,n,2,303.1,3.83,D,0
12.60323,77.24566,335.04,0.49,0.41,2026-01-03,0823,N20,VIIRS,n,2,303.81,4.55,D,0
12.60253,76.47064,330.01,0.45,0.39,2026-01-03,0823,N20,VIIRS,l,2,301.9,3.36,D,0
12.84483,77.37276,336.89,0.5,0.41,2026-01-03,0823,N20,VIIRS,n,2,301.78,3.36,D,0
12.79932,77.04668,337.49,0.48,0.4,2026-01-03,0823,N20,VIIRS,l,2,310.14,36.53,D,0
12.9649,77.82935,335.74,0.54,0.42,2026-01-03,0823,N20,VIIRS,n,2,301.97,8.72,D,0
13.33539,79.47305,332.46,0.46,0.47,2026-01-03,0823,N20,VIIRS,n,2,301.37,3.94,D,0
12.91234,75.95428,333.72,0.43,0.38,2026-01-03,0823,N20,VIIRS,l,2,303.79,2.86,D,0
13.28501,77.86143,335.57,0.54,0.42,2026-01-03,0824,N20,VIIRS,n,2,303.23,4.36,D,0
13.43094,77.42236,335.17,0.52,0.41,2026-01-03,0824,N20,VIIRS,n,2,304.52,4.0,D,0
13.48274,77.76537,330.06,0.54,0.42,2026-01-03,0824,N20,VIIRS,n,2,302.04,4.16,D,0
13.43099,77.424,335.41,0.52,0.41,2026-01-03,0824,N20,VIIRS,n,2,304.42,4.45,D,0
13.31969,76.52093,331.11,0.46,0.39,2026-01-03,0824,N20,VIIRS,l,2,302.59,4.15,D,0
13.68073,78.63213,334.38,0.41,0.45,2026-01-03,0824,N20,VIIRS,n,2,299.88,3.37,D,0
13.38758,76.5072,341.76,0.46,0.39,2026-01-03,0824,N20,VIIRS,n,2,301.05,4.53,D,0
13.5036,76.71966,337.49,0.48,0.4,2026-01-03,0824,N20,VIIRS,n,2,302.19,4.3,D,0
13.82985,78.4444,331.85,0.4,0.44,2026-01-03,0824,N20,VIIRS,n,2,299.79,2.55,D,0
14.06002,77.56398,344.94,0.53,0.42,2026-01-03,0824,N20,VIIRS,n,2,303.38,7.18,D,0
14.30944,79.27894,339.6,0.46,0.47,2026-01-03,0824,N20,VIIRS,n,2,297.88,2.78,D,0
14.34682,79.49729,330.09,0.47,0.48,2026-01-03,0824,N20,VIIRS,n,2,298.72,3.76,D,0
13.93435,76.32379,335.79,0.46,0.39,2026-01-03,0824,N20,VIIRS,n,2,303.07,3.19,D,0
14.09802,77.24918,338.42,0.51,0.41,2026-01-03,0824,N20,VIIRS,n,2,306.95,6.49,D,0
14.11755,77.0835,352.04,0.5,0.41,2026-01-03,0824,N20,VIIRS,n,2,302.86,8.45,D,0
14.24278,77.20666,334.24,0.51,0.41,2026-01-03,0824,N20,VIIRS,n,2,303.67,3.93,D,0
14.10996,75.59473,339.14,0.43,0.38,2026-01-03,0824,N20,VIIRS,n,2,302.05,4.63,D,0
14.56622,78.71073,339.73,0.42,0.45,2026-01-03,0824,N20,VIIRS,n,2,299.31,2.41,D,0
14.5678,78.71098,330.94,0.42,0.45,2026-01-03,0824,N20,VIIRS,n,2,299.24,2.33,D,0
14.31109,76.3814,344.7,0.47,0.39,2026-01-03,0824,N20,VIIRS,n,2,306.01,5.07,D,0
14.31471,76.38092,345.72,0.47,0.39,2026-01-03,0824,N20,VIIRS,n,2,305.86,8.66,D,0
14.45405,77.28404,341.85,0.52,0.42,2026-01-03,0824,N20,VIIRS,n,2,303.39,5.76,D,0
14.41721,76.34042,345.13,0.47,0.39,2026-01-03,0824,N20,VIIRS,n,2,306.23,10.49,D,0
14.57051,75.34641,337.01,0.42,0.38,2026-01-03,0824,N20,VIIRS,n,2,301.11,4.11,D,0
14.78249,76.41922,344.16,0.47,0.4,2026-01-03,0824,N20,VIIRS,n,2,305.32,5.07,D,0
14.8901,76.99877,331.14,0.51,0.41,2026-01-03,0824,N20,VIIRS,n,2,301.57,3.74,D,0
14.84455,76.2478,342.97,0.47,0.39,2026-01-03,0824,N20,VIIRS,n,2,306.59,12.9,D,0
14.90278,75.96675,331.25,0.45,0.39,2026-01-03,0824,N20,VIIRS,l,2,303.83,1.48,D,0
15.46707,79.96372,333.64,0.52,0.5,2026-01-03,0824,N20,VIIRS,n,2,300.08,4.69,D,0
14.92264,75.79881,335.81,0.45,0.39,2026-01-03,0824,N20,VIIRS,n,2,306.83,3.93,D,0
15.11748,76.82597,331.39,0.5,0.41,2026-01-03,0824,N20,VIIRS,l,2,302.17,1.57,D,0
15.09978,75.93134,338.95,0.45,0.39,2026-01-03,0824,N20,VIIRS,n,2,306.22,4.16,D,0
15.21243,76.50681,332.96,0.48,0.4,2026-01-03,0824,N20,VIIRS,n,2,304.61,3.18,D,0
15.09502,75.20019,347.46,0.42,0.38,2026-01-03,0824,N20,VIIRS,n,2,302.79,10.61,D,0
15.36421,76.52396,333.59,0.49,0.4,2026-01-03,0824,N20,VIIRS,n,2,300.39,3.81,D,0
15.36298,76.52122,334.89,0.49,0.4,2026-01-03,0824,N20,VIIRS,n,2,298.79,3.39,D,0
15.7122,79.24335,338.74,0.47,0.48,2026-01-03,0824,N20,VIIRS,n,2,296.87,3.5,D,0
15.05109,74.16282,331.73,0.4,0.37,2026-01-03,0824,N20,VIIRS,n,2,298.19,2.13,D,0
15.65756,76.7393,334.8,0.5,0.41,2026-01-03,0824,N20,VIIRS,n,2,299.69,4.26,D,0
15.75677,76.67437,333.39,0.5,0.41,2026-01-03,0824,N20,VIIRS,n,2,301.59,2.16,D,0
16.09662,78.95733,330.9,0.46,0.47,2026-01-03,0824,N20,VIIRS,n,2,299.89,4.31,D,0
15.82147,76.78468,334.95,0.51,0.41,2026-01-03,0824,N20,VIIRS,n,2,303.88,5.1,D,0
15.78599,76.39604,333.85,0.48,0.4,2026-01-03,0824,N20,VIIRS,n,2,302.61,1.98,D,0
16.36356,80.56654,332.45,0.59,0.53,2026-01-03,0824,N20,VIIRS,n,2,297.61,5.57,D,0
15.67001,75.15972,346.41,0.43,0.38,2026-01-03,0824,N20,VIIRS,n,2,309.16,8.34,D,0
15.66215,74.51827,332.2,0.41,0.37,2026-01-03,0824,N20,VIIRS,n,2,301.77,4.32,D,0
16.07331,77.37113,332.9,0.55,0.43,2026-01-03,0824,N20,VIIRS,l,2,304.15,2.59,D,0
16.04487,76.92289,331.34,0.52,0.42,2026-01-03,0824,N20,VIIRS,l,2,302.36,1.86,D,0
16.0764,77.09824,333.46,0.53,0.42,2026-01-03,0824,N20,VIIRS,n,2,302.34,2.58,D,0
16.09165,77.16896,332.4,0.54,0.42,2026-01-03,0824,N20,VIIRS,n,2,302.65,4.44,D,0
16.08638,76.85927,340.9,0.52,0.41,2026-01-03,0824,N20,VIIRS,n,2,305.43,4.74,D,0
15.69004,73.80031,338.07,0.39,0.36,2026-01-03,0824,N20,VIIRS,n,2,304.58,3.74,D,0
16.62141,80.60351,341.64,0.6,0.53,2026-01-03,0824,N20,VIIRS,n,2,298.24,8.56,D,0
16.61966,80.60677,343.78,0.6,0.53,2026-01-03,0824,N20,VIIRS,n,2,298.14,12.24,D,0
16.3506,77.87626,332.99,0.4,0.44,2026-01-03,0824,N20,VIIRS,n,2,301.71,2.44,D,0
16.33927,77.29469,333.64,0.55,0.43,2026-01-03,0824,N20,VIIRS,l,2,304.61,3.73,D,0
16.34247,77.25778,333.94,0.55,0.43,2026-01-03,0824,N20,VIIRS,n,2,304.28,1.76,D,0
16.41483,77.08807,334.46,0.54,0.42,2026-01-03,0824,N20,VIIRS,n,2,302.7,3.26,D,0
16.4958,77.18181,338.06,0.54,0.42,2026-01-03,0824,N20,VIIRS,n,2,303.47,4.76,D,0
16.97578,80.93307,331.32,0.32,0.54,2026-01-03,0824,N20,VIIRS,n,2,297.93,1.42,D,0
16.97984,80.64985,329.87,0.61,0.53,2026-01-03,0824,N20,VIIRS,n,2,297.76,4.37,D,0
16.7574,77.78475,339.88,0.4,0.44,2026-01-03,0824,N20,VIIRS,n,2,300.26,2.98,D,0
16.22778,73.8597,336.87,0.4,0.37,2026-01-03,0824,N20,VIIRS,n,2,300.51,2.72,D,0
16.89619,78.68565,333.45,0.45,0.47,2026-01-03,0824,N20,VIIRS,n,2,298.95,3.33,D,0
16.31841,74.29308,333.76,0.4,0.37,2026-01-03,0824,N20,VIIRS,n,2,301.53,2.28,D,0
16.37243,74.2503,332.93,0.4,0.37,2026-01-03,0824,N20,VIIRS,n,2,302.51,2.22,D,0
16.36946,74.18184,332.47,0.4,0.37,2026-01-03,0824,N20,VIIRS,n,2,303.35,2.98,D,0
16.56066,75.51234,338.04,0.45,0.39,2026-01-03,0824,N20,VIIRS,n,2,301.12,4.4,D,0
16.29283,73.63261,333.69,0.39,0.36,2026-01-03,0824,N20,VIIRS,n,2,302.05,11.72,D,0
16.29229,73.62897,343.22,0.39,0.36,2026-01-03,0824,N20,VIIRS,n,2,311.24,11.72,D,0
16.37621,74.1808,332.15,0.4,0.37,2026-01-03,0824,N20,VIIRS,n,2,302.25,1.64,D,0
16.29615,73.63206,331.57,0.39,0.36,2026-01-03,0824,N20,VIIRS,n,2,300.69,11.72,D,0
16.3113,73.71188,334.2,0.39,0.36,2026-01-03,0824,N20,VIIRS,n,2,302.96,3.0,D,0
16.31463,73.71134,335.67,0.39,0.36,2026-01-03,0824,N20,VIIRS,n,2,302.21,3.0,D,0
16.31375,73.65909,332.05,0.39,0.36,2026-01-03,0824,N20,VIIRS,l,2,304.17,3.16,D,0
16.59165,75.39744,333.04,0.44,0.39,2026-01-03,0824,N20,VIIRS,n,2,301.41,7.22,D,0
16.36534,73.55002,332.24,0.39,0.36,2026-01-03,0825,N20,VIIRS,l,2,305.11,2.98,D,0
16.79962,76.33784,332.34,0.49,0.41,2026-01-03,0825,N20,VIIRS,n,2,301.39,1.85,D,0
16.80374,75.49503,336.15,0.45,0.39,2026-01-03,0825,N20,VIIRS,n,2,305.51,4.65,D,0
16.63286,74.12184,334.79,0.4,0.37,2026-01-03,0825,N20,VIIRS,n,2,304.21,2.24,D,0
16.733,74.6964,330.77,0.42,0.38,2026-01-03,0825,N20,VIIRS,l,2,304.16,10.98,D,0
16.90164,75.84948,335.45,0.47,0.4,2026-01-03,0825,N20,VIIRS,n,2,301.43,2.99,D,0
16.70916,74.20981,334.54,0.41,0.37,2026-01-03,0825,N20,VIIRS,n,2,305.14,2.83,D,0
17.6208,80.88053,335.55,0.32,0.55,2026-01-03,0825,N20,VIIRS,n,2,297.99,2.61,D,0
17.3093,78.24161,330.3,0.43,0.46,2026-01-03,0825,N20,VIIRS,n,2,300.55,1.77,D,0
17.52523,80.09988,331.08,0.57,0.52,2026-01-03,0825,N20,VIIRS,n,2,297.21,3.1,D,0
17.31008,78.24117,330.01,0.43,0.46,2026-01-03,0825,N20,VIIRS,n,2,299.93,1.61,D,0
17.62007,80.87775,330.32,0.32,0.55,2026-01-03,0825,N20,VIIRS,n,2,298.18,3.93,D,0
17.16553,76.50618,338.53,0.51,0.41,2026-01-03,0825,N20,VIIRS,n,2,301.32,8.07,D,0
16.91472,74.131,334.78,0.4,0.37,2026-01-03,0825,N20,VIIRS,n,2,305.71,2.95,D,0
16.91484,74.10788,334.08,0.4,0.37,2026-01-03,0825,N20,VIIRS,n,2,305.19,1.98,D,0
17.02656,74.32364,337.53,0.41,0.37,2026-01-03,0825,N20,VIIRS,n,2,303.16,4.55,D,0
17.08462,74.24445,344.87,0.41,0.37,2026-01-03,0825,N20,VIIRS,n,2,302.83,7.26,D,0
17.58081,77.74706,352.72,0.4,0.45,2026-01-03,0825,N20,VIIRS,n,2,305.5,18.64,D,0
17.12971,74.31164,331.0,0.41,0.37,2026-01-03,0825,N20,VIIRS,n,2,301.63,2.33,D,0
17.64178,77.63894,333.75,0.4,0.44,2026-01-03,0825,N20,VIIRS,n,2,301.79,3.83,D,0
17.6533,77.66426,333.47,0.4,0.44,2026-01-03,0825,N20,VIIRS,n,2,301.26,5.22,D,0
17.65282,77.66049,337.74,0.4,0.44,2026-01-03,0825,N20,VIIRS,n,2,304.91,7.78,D,0
17.5493,76.75029,332.83,0.53,0.42,2026-01-03,0825,N20,VIIRS,n,2,303.59,3.29,D,0
17.81632,78.02991,341.91,0.42,0.45,2026-01-03,0825,N20,VIIRS,n,2,299.94,3.18,D,0
17.81756,78.02874,344.44,0.42,0.45,2026-01-03,0825,N20,VIIRS,n,2,299.94,1.89,D,0
18.46372,84.00716,332.09,0.53,0.67,2026-01-03,0825,N20,VIIRS,n,2,295.56,3.56,D,0
17.80188,77.69334,337.44,0.4,0.45,2026-01-03,0825,N20,VIIRS,n,2,298.83,2.59,D,0
17.50509,74.81063,339.08,0.43,0.38,2026-01-03,0825,N20,VIIRS,n,2,304.9,5.39,D,0
17.50366,74.81156,334.66,0.43,0.38,2026-01-03,0825,N20,VIIRS,n,2,304.92,4.45,D,0
17.651,75.28136,334.65,0.45,0.39,2026-01-03,0825,N20,VIIRS,n,2,302.96,4.16,D,0
18.64844,83.59261,345.94,0.5,0.66,2026-01-03,0825,N20,VIIRS,n,2,297.21,5.17,D,0
17.50957,74.03037,333.38,0.41,0.37,2026-01-03,0825,N20,VIIRS,n,2,302.41,3.4,D,0
17.69439,75.25842,333.6,0.45,0.39,2026-01-03,0825,N20,VIIRS,n,2,302.21,3.63,D,0
18.64966,83.59351,341.01,0.5,0.66,2026-01-03,0825,N20,VIIRS,n,2,296.54,5.84,D,0
17.64132,74.41837,334.55,0.42,0.37,2026-01-03,0825,N20,VIIRS,n,2,304.86,5.46,D,0
17.89271,76.06458,338.26,0.49,0.4,2026-01-03,0825,N20,VIIRS,n,2,305.7,12.99,D,0
17.68044,74.54481,332.96,0.42,0.38,2026-01-03,0825,N20,VIIRS,n,2,301.43,7.12,D,0
17.89466,76.0615,337.95,0.49,0.4,2026-01-03,0825,N20,VIIRS,n,2,306.0,11.57,D,0
17.81057,75.13094,344.61,0.44,0.39,2026-01-03,0825,N20,VIIRS,n,2,302.68,10.52,D,0
17.81678,75.01971,332.27,0.44,0.38,2026-01-03,0825,N20,VIIRS,n,2,302.19,2.45,D,0
17.86861,75.31566,333.65,0.45,0.39,2026-01-03,0825,N20,VIIRS,n,2,301.86,2.87,D,0
17.86136,75.00094,334.91,0.44,0.38,2026-01-03,0825,N20,VIIRS,n,2,301.89,5.84,D,0
17.86852,74.97462,334.15,0.44,0.38,2026-01-03,0825,N20,VIIRS,n,2,300.07,5.83,D,0
17.91611,74.90463,333.49,0.44,0.38,2026-01-03,0825,N20,VIIRS,n,2,300.27,2.82,D,0
17.89083,74.59883,332.08,0.42,0.38,2026-01-03,0825,N20,VIIRS,n,2,299.47,3.34,D,0
18.4557,78.84731,338.83,0.49,0.48,2026-01-03,0825,N20,VIIRS,n,2,298.41,4.42,D,0
17.96091,75.04534,334.86,0.44,0.39,2026-01-03,0825,N20,VIIRS,n,2,303.33,8.42,D,0
18.45482,78.84808,339.34,0.49,0.48,2026-01-03,0825,N20,VIIRS,n,2,298.41,3.87,D,0
17.91693,74.24126,332.95,0.41,0.37,2026-01-03,0825,N20,VIIRS,n,2,300.84,2.73,D,0
19.02497,82.64743,355.5,0.44,0.62,2026-01-03,0825,N20,VIIRS,n,2,301.58,6.45,D,0
19.06498,82.52542,342.47,0.43,0.62,2026-01-03,0825,N20,VIIRS,n,2,299.63,9.03,D,0
18.02413,74.063,333.98,0.41,0.37,2026-01-03,0825,N20,VIIRS,l,2,304.33,3.08,D,0
19.18345,83.53934,334.6,0.51,0.66,2026-01-03,0825,N20,VIIRS,n,2,292.91,2.45,D,0
19.03507,82.0698,345.38,0.4,0.6,2026-01-03,0825,N20,VIIRS,n,2,300.46,5.14,D,0
18.23525,75.46168,334.74,0.46,0.39,2026-01-03,0825,N20,VIIRS,n,2,300.91,5.92,D,0
18.2031,75.15108,333.13,0.45,0.39,2026-01-03,0825,N20,VIIRS,n,2,301.51,4.67,D,0
18.20284,75.15227,333.98,0.45,0.39,2026-01-03,0825,N20,VIIRS,n,2,301.64,4.63,D,0
19.06722,82.52644,353.95,0.43,0.62,2026-01-03,0825,N20,VIIRS,n,2,301.48,7.68,D,0
19.04037,82.06979,367.0,0.4,0.6,2026-01-03,0825,N20,VIIRS,h,2,301.57,11.83,D,0
19.17832,83.53825,326.44,0.51,0.66,2026-01-03,0825,N20,VIIRS,n,2,293.16,2.68,D,0
18.36569,76.04212,332.33,0.5,0.41,2026-01-03,0825,N20,VIIRS,n,2,300.59,2.79,D,0
18.01156,73.39314,332.71,0.39,0.36,2026-01-03,0825,N20,VIIRS,n,2,301.51,1.81,D,0
18.14515,74.1989,332.58,0.41,0.37,2026-01-03,0825,N20,VIIRS,l,2,305.09,7.96,D,0
18.46082,75.40989,338.15,0.46,0.39,2026-01-03,0825,N20,VIIRS,n,2,302.71,7.52,D,0
18.41635,74.86591,333.87,0.44,0.38,2026-01-03,0825,N20,VIIRS,n,2,302.01,4.11,D,0
19.35341,82.40247,328.98,0.43,0.62,2026-01-03,0825,N20,VIIRS,n,2,295.53,3.29,D,0
18.61716,75.63522,338.64,0.48,0.4,2026-01-03,0825,N20,VIIRS,n,2,301.07,4.57,D,0
19.46012,82.77029,338.32,0.45,0.63,2026-01-03,0825,N20,VIIRS,n,2,298.33,3.52,D,0
18.54045,74.64597,333.15,0.43,0.38,2026-01-03,0825,N20,VIIRS,n,2,301.14,1.97,D,0
19.54502,82.86169,338.48,0.46,0.64,2026-01-03,0825,N20,VIIRS,n,2,299.58,3.72,D,0
18.93797,76.76071,333.17,0.55,0.43,2026-01-03,0825,N20,VIIRS,n,2,299.73,3.85,D,0
18.94189,76.76023,333.43,0.55,0.43,2026-01-03,0825,N20,VIIRS,n,2,300.05,10.9,D,0
19.0427,77.48118,334.04,0.41,0.45,2026-01-03,0825,N20,VIIRS,n,2,298.8,30.15,D,0
19.0468,77.48064,342.03,0.41,0.45,2026-01-03,0825,N20,VIIRS,n,2,301.67,30.15,D,0
18.69671,74.77821,332.9,0.44,0.38,2026-01-03,0825,N20,VIIRS,n,2,299.95,10.55,D,0
19.046,77.48048,341.42,0.41,0.45,2026-01-03,0825,N20,VIIRS,n,2,301.67,31.62,D,0
19.04554,77.47661,301.35,0.41,0.45,2026-01-03,0825,N20,VIIRS,l,2,304.31,31.62,D,0
19.65856,82.81969,327.14,0.46,0.64,2026-01-03,0825,N20,VIIRS,l,2,298.79,1.77,D,0
18.65456,74.21678,337.46,0.42,0.38,2026-01-03,0825,N20,VIIRS,n,2,302.95,8.22,D,0
18.64203,73.95576,332.87,0.41,0.37,2026-01-03,0825,N20,VIIRS,n,2,301.98,3.77,D,0
18.86892,74.54358,334.02,0.43,0.38,2026-01-03,0825,N20,VIIRS,n,2,303.47,1.77,D,0
19.83251,82.93185,333.9,0.47,0.64,2026-01-03,0825,N20,VIIRS,n,2,298.33,2.83,D,0
18.69241,73.04049,342.95,0.39,0.36,2026-01-03,0825,N20,VIIRS,n,2,301.52,4.77,D,2
19.91791,83.01566,326.52,0.48,0.64,2026-01-03,0825,N20,VIIRS,n,2,297.98,1.94,D,0
19.35244,77.14163,330.4,0.39,0.44,2026-01-03,0825,N20,VIIRS,n,2,295.2,2.6,D,0
19.12939,75.36687,344.07,0.47,0.4,2026-01-03,0825,N20,VIIRS,n,2,300.53,8.97,D,0
18.86024,73.25913,330.43,0.4,0.37,2026-01-03,0825,N20,VIIRS,n,2,299.8,2.88,D,0
19.22666,75.81789,330.02,0.49,0.41,2026-01-03,0825,N20,VIIRS,n,2,298.64,3.35,D,0
19.97234,82.23138,332.16,0.42,0.61,2026-01-03,0825,N20,VIIRS,n,2,296.02,2.48,D,0
19.51832,77.69455,341.13,0.42,0.46,2026-01-03,0825,N20,VIIRS,n,2,300.71,5.27,D,0
18.91262,73.01534,334.74,0.39,0.36,2026-01-03,0825,N20,VIIRS,n,2,298.73,3.06,D,0
19.34156,76.07531,336.12,0.51,0.41,2026-01-03,0825,N20,VIIRS,n,2,300.51,6.81,D,0
19.28807,75.44092,333.61,0.47,0.4,2026-01-03,0825,N20,VIIRS,n,2,300.75,2.94,D,0
19.38437,76.07906,335.56,0.51,0.41,2026-01-03,0825,N20,VIIRS,n,2,301.13,3.89,D,0
19.6578,77.53826,339.83,0.42,0.45,2026-01-03,0825,N20,VIIRS,n,2,299.26,6.75,D,0
20.53623,85.6083,327.24,0.71,0.75,2026-01-03,0825,N20,VIIRS,n,2,291.91,3.69,D,0
19.60562,76.03193,333.32,0.51,0.41,2026-01-03,0825,N20,VIIRS,n,2,300.36,16.25,D,0
19.56586,75.45559,333.35,0.48,0.4,2026-01-03,0825,N20,VIIRS,n,2,299.57,5.28,D,0
19.56613,75.04351,330.08,0.46,0.39,2026-01-03,0825,N20,VIIRS,n,2,299.53,3.4,D,0
19.6072,74.98009,335.31,0.46,0.39,2026-01-03,0825,N20,VIIRS,n,2,300.8,7.62,D,0
19.4047,73.17865,333.73,0.4,0.37,2026-01-03,0825,N20,VIIRS,n,2,298.74,2.06,D,0
19.56346,74.2416,341.81,0.43,0.38,2026-01-03,0825,N20,VIIRS,n,2,299.33,6.94,D,0
19.46367,73.11945,333.81,0.4,0.37,2026-01-03,0825,N20,VIIRS,n,2,299.77,3.88,D,0
19.50029,73.1596,330.5,0.4,0.37,2026-01-03,0825,N20,VIIRS,n,2,299.58,3.06,D,0
19.65908,74.10021,330.61,0.42,0.38,2026-01-03,0825,N20,VIIRS,n,2,299.51,1.55,D,0
20.96515,86.0144,330.36,0.76,0.77,2026-01-03,0825,N20,VIIRS,n,2,287.74,9.18,D,2
20.96112,86.01273,327.79,0.77,0.77,2026-01-03,0825,N20,VIIRS,n,2,285.76,4.38,D,2
20.10034,76.07234,333.27,0.52,0.42,2026-01-03,0825,N20,VIIRS,n,2,297.9,2.45,D,0
19.98404,74.32912,333.31,0.43,0.38,2026-01-03,0825,N20,VIIRS,n,2,300.82,2.67,D,0
19.98752,74.32859,333.31,0.43,0.38,2026-01-03,0825,N20,VIIRS,n,2,301.2,2.67,D,0
22.01712,70.80959,333.54,0.39,0.36,2026-01-03,0826,N20,VIIRS,n,2,302.83,1.71,D,0
21.08694,82.3828,331.0,0.45,0.63,2026-01-03,0826,N20,VIIRS,n,2,295.59,2.38,D,0
20.96624,81.08107,339.23,0.37,0.58,2026-01-03,0826,N20,VIIRS,n,2,297.46,4.54,D,0
21.1324,82.05935,344.72,0.43,0.62,2026-01-03,0826,N20,VIIRS,n,2,295.95,4.5,D,0
21.13519,82.06017,338.46,0.43,0.62,2026-01-03,0826,N20,VIIRS,n,2,295.53,3.98,D,0
21.13229,81.71467,346.94,0.4,0.6,2026-01-03,0826,N20,VIIRS,n,2,295.29,7.5,D,0
21.13192,81.71074,353.52,0.4,0.6,2026-01-03,0826,N20,VIIRS,n,2,298.79,7.5,D,0
21.13291,81.6012,328.86,0.4,0.6,2026-01-03,0826,N20,VIIRS,n,2,295.27,5.69,D,0
21.4406,84.18897,329.58,0.59,0.7,2026-01-03,0826,N20,VIIRS,n,2,293.02,4.0,D,0
21.37774,83.70554,327.35,0.55,0.68,2026-01-03,0826,N20,VIIRS,n,2,293.91,3.25,D,0
21.44075,84.1862,333.9,0.59,0.7,2026-01-03,0826,N20,VIIRS,n,2,293.81,4.81,D,0
21.37129,82.80831,331.83,0.48,0.65,2026-01-03,0826,N20,VIIRS,n,2,293.95,3.36,D,0
20.5414,74.79766,332.78,0.46,0.39,2026-01-03,0826,N20,VIIRS,n,2,302.05,2.6,D,0
21.41877,80.55653,329.31,0.34,0.56,2026-01-03,0826,N20,VIIRS,n,2,296.63,2.46,D,0
21.4089,80.46128,331.43,0.34,0.56,2026-01-03,0826,N20,VIIRS,n,2,295.9,1.54,D,0
21.75494,84.02621,328.02,0.58,0.7,2026-01-03,0826,N20,VIIRS,n,2,297.17,6.55,D,2
21.40615,80.46088,330.09,0.34,0.56,2026-01-03,0826,N20,VIIRS,n,2,296.39,1.75,D,0
21.70695,83.10265,326.73,0.51,0.66,2026-01-03,0826,N20,VIIRS,n,2,295.35,3.45,D,0
21.74036,82.92303,328.18,0.49,0.65,2026-01-03,0826,N20,VIIRS,n,2,295.98,3.88,D,0
21.86897,84.21307,329.72,0.6,0.7,2026-01-03,0826,N20,VIIRS,n,2,293.68,7.93,D,0
21.03286,76.12691,332.56,0.54,0.42,2026-01-03,0826,N20,VIIRS,n,2,299.21,2.95,D,0
21.03063,76.12974,331.71,0.54,0.42,2026-01-03,0826,N20,VIIRS,n,2,299.29,2.16,D,0
21.50973,80.3265,332.27,0.33,0.55,2026-01-03,0826,N20,VIIRS,n,2,296.14,1.7,D,0
21.86891,84.21591,344.71,0.6,0.71,2026-01-03,0826,N20,VIIRS,n,2,293.62,5.97,D,0
21.81952,82.76318,333.89,0.48,0.65,2026-01-03,0826,N20,VIIRS,n,2,295.27,3.42,D,0
21.91952,83.35249,330.29,0.53,0.67,2026-01-03,0826,N20,VIIRS,n,2,299.25,6.77,D,2
21.26786,76.86574,329.99,0.4,0.44,2026-01-03,0826,N20,VIIRS,n,2,297.85,3.11,D,0
21.27189,76.86497,333.81,0.4,0.44,2026-01-03,0826,N20,VIIRS,n,2,296.02,3.11,D,0
21.27141,76.86096,331.52,0.4,0.44,2026-01-03,0826,N20,VIIRS,n,2,296.52,3.11,D,0
21.85299,82.41569,367.0,0.46,0.63,2026-01-03,0826,N20,VIIRS,h,2,296.96,12.02,D,0
21.93027,82.48564,332.51,0.46,0.64,2026-01-03,0826,N20,VIIRS,n,2,295.72,5.55,D,0
21.92985,82.48109,336.46,0.46,0.64,2026-01-03,0826,N20,VIIRS,n,2,295.89,4.82,D,0
21.93615,82.4851,344.07,0.46,0.64,2026-01-03,0826,N20,VIIRS,n,2,294.91,5.55,D,0
21.93574,82.48058,331.24,0.46,0.64,2026-01-03,0826,N20,VIIRS,n,2,295.41,4.82,D,0
21.93448,82.48127,367.0,0.46,0.64,2026-01-03,0826,N20,VIIRS,h,2,296.97,13.2,D,0
21.93486,82.4858,338.06,0.46,0.64,2026-01-03,0826,N20,VIIRS,n,2,294.61,9.59,D,0
21.15898,75.02132,333.38,0.47,0.4,2026-01-03,0826,N20,VIIRS,n,2,301.29,2.79,D,0
22.1457,83.47225,352.75,0.54,0.68,2026-01-03,0826,N20,VIIRS,n,2,293.74,8.2,D,0
22.21639,83.41284,335.67,0.54,0.68,2026-01-03,0826,N20,VIIRS,n,2,292.83,5.38,D,0
21.05502,73.16978,330.76,0.4,0.37,2026-01-03,0826,N20,VIIRS,n,2,303.79,1.89,D,0
22.2147,83.41479,333.41,0.54,0.68,2026-01-03,0826,N20,VIIRS,n,2,292.65,3.97,D,0
22.17728,82.16737,342.42,0.45,0.63,2026-01-03,0826,N20,VIIRS,n,2,294.42,4.85,D,0
20.91031,71.45933,331.52,0.38,0.36,2026-01-03,0826,N20,VIIRS,n,2,305.39,1.9,D,2
21.10409,72.64685,346.0,0.39,0.36,2026-01-03,0826,N20,VIIRS,n,2,305.46,7.5,D,2
21.10246,72.63554,344.54,0.39,0.36,2026-01-03,0826,N20,VIIRS,n,2,303.95,7.74,D,2
20.86347,70.99706,332.46,0.39,0.36,2026-01-03,0826,N20,VIIRS,n,2,304.76,4.69,D,0
21.45588,74.51323,331.38,0.45,0.39,2026-01-03,0826,N20,VIIRS,n,2,299.24,2.01,D,0
21.51101,74.1518,338.87,0.44,0.38,2026-01-03,0826,N20,VIIRS,n,2,300.92,4.26,D,0
21.02944,70.75558,339.32,0.39,0.36,2026-01-03,0826,N20,VIIRS,n,2,305.04,3.49,D,0
21.03426,70.76239,343.86,0.39,0.36,2026-01-03,0826,N20,VIIRS,n,2,303.06,5.2,D,0
21.0331,70.755,332.57,0.39,0.36,2026-01-03,0826,N20,VIIRS,n,2,301.59,9.39,D,0
21.03252,70.7513,332.74,0.39,0.36,2026-01-03,0826,N20,VIIRS,l,2,307.34,9.39,D,0
21.0364,70.75442,345.33,0.39,0.36,2026-01-03,0826,N20,VIIRS,n,2,301.43,9.39,D,0
21.3446,72.73917,331.35,0.4,0.37,2026-01-03,0826,N20,VIIRS,l,2,302.52,2.72,D,0
21.66938,74.43855,332.31,0.45,0.39,2026-01-03,0826,N20,VIIRS,n,2,300.15,3.25,D,0
21.45272,71.02798,332.54,0.38,0.36,2026-01-03,0826,N20,VIIRS,n,2,305.79,2.29,D,0
21.51163,71.34603,335.92,0.38,0.36,2026-01-03,0826,N20,VIIRS,n,2,308.29,2.64,D,0
21.53836,71.29987,335.29,0.38,0.36,2026-01-03,0826,N20,VIIRS,n,2,307.06,3.44,D,0
21.86377,73.04868,332.43,0.41,0.37,2026-01-03,0826,N20,VIIRS,n,2,301.78,3.94,D,0
21.75789,71.10951,338.55,0.38,0.36,2026-01-03,0826,N20,VIIRS,n,2,306.05,3.03,D,0
22.04462,72.86784,332.16,0.4,0.37,2026-01-03,0826,N20,VIIRS,n,2,302.64,2.45,D,0
21.59562,69.84225,337.88,0.4,0.37,2026-01-03,0826,N20,VIIRS,n,2,304.68,1.74,D,0
21.59896,69.84164,338.85,0.4,0.37,2026-01-03,0826,N20,VIIRS,n,2,304.79,1.74,D,0
23.16704,82.34461,331.2,0.47,0.64,2026-01-03,0826,N20,VIIRS,n,2,296.23,4.06,D,2
23.16665,82.34,332.33,0.47,0.64,2026-01-03,0826,N20,VIIRS,n,2,297.11,4.06,D,2
23.1649,82.34103,336.43,0.47,0.64,2026-01-03,0826,N20,VIIRS,n,2,297.83,8.3,D,2
23.16452,82.33629,335.1,0.47,0.64,2026-01-03,0826,N20,VIIRS,n,2,296.83,5.05,D,2
23.40105,84.1215,326.93,0.61,0.71,2026-01-03,0826,N20,VIIRS,n,2,289.88,2.87,D,0
22.07208,72.04948,334.33,0.39,0.36,2026-01-03,0826,N20,VIIRS,n,2,305.43,2.13,D,0
22.27092,73.25862,331.94,0.41,0.37,2026-01-03,0826,N20,VIIRS,n,2,301.0,2.71,D,0
23.39997,84.121,326.02,0.61,0.71,2026-01-03,0826,N20,VIIRS,n,2,289.46,2.81,D,0
21.9139,70.00301,336.82,0.39,0.37,2026-01-03,0826,N20,VIIRS,n,2,306.64,2.93,D,0
22.12597,70.76276,332.86,0.39,0.36,2026-01-03,0826,N20,VIIRS,n,2,301.93,2.84,D,0
22.09764,70.23615,331.75,0.39,0.36,2026-01-03,0826,N20,VIIRS,n,2,305.43,3.19,D,0
23.08377,77.14492,332.67,0.44,0.46,2026-01-03,0826,N20,VIIRS,n,2,294.19,2.59,D,0
23.08368,77.14552,327.98,0.44,0.46,2026-01-03,0826,N20,VIIRS,n,2,293.82,3.55,D,0
22.5456,72.17715,333.56,0.39,0.36,2026-01-03,0826,N20,VIIRS,n,2,303.71,1.43,D,0
22.30866,70.00005,331.92,0.39,0.36,2026-01-03,0826,N20,VIIRS,n,2,302.0,1.35,D,0
22.30296,69.9427,336.64,0.39,0.36,2026-01-03,0826,N20,VIIRS,n,2,302.62,1.88,D,0
22.5191,70.86718,333.68,0.38,0.36,2026-01-03,0826,N20,VIIRS,n,2,306.15,2.27,D,0
22.8265,72.64114,331.92,0.4,0.37,2026-01-03,0826,N20,VIIRS,n,2,303.69,1.76,D,0
22.94592,72.58537,331.58,0.4,0.37,2026-01-03,0826,N20,VIIRS,n,2,302.87,1.98,D,0
22.93884,72.51106,331.28,0.4,0.37,2026-01-03,0826,N20,VIIRS,n,2,301.25,1.5,D,0
22.94715,72.1871,338.91,0.39,0.36,2026-01-03,0826,N20,VIIRS,n,2,303.99,3.52,D,0
22.92779,70.10673,337.21,0.39,0.36,2026-01-03,0826,N20,VIIRS,n,2,311.53,5.63,D,0
22.9311,70.10612,336.08,0.39,0.36,2026-01-03,0826,N20,VIIRS,n,2,309.06,7.29,D,0
22.92116,69.19738,333.47,0.41,0.37,2026-01-03,0826,N20,VIIRS,n,2,306.12,3.94,D,0
23.02529,69.03946,335.72,0.41,0.37,2026-01-03,0826,N20,VIIRS,n,2,304.2,1.85,D,0
24.31712,78.55251,326.8,0.55,0.51,2026-01-03,0826,N20,VIIRS,n,2,296.44,3.16,D,0
23.02232,68.97881,331.19,0.41,0.37,2026-01-03,0826,N20,VIIRS,l,2,303.99,1.43,D,0
23.11354,69.42139,348.96,0.4,0.37,2026-01-03,0827,N20,VIIRS,n,2,304.74,6.58,D,0
23.1526,68.7446,337.13,0.42,0.37,2026-01-03,0827,N20,VIIRS,n,2,306.86,4.63,D,0
24.75441,80.50429,325.82,0.37,0.58,2026-01-03,0827,N20,VIIRS,n,2,295.61,1.94,D,0
23.43077,68.70373,339.29,0.42,0.37,2026-01-03,0827,N20,VIIRS,n,2,302.36,1.41,D,0
23.54686,68.68194,341.95,0.42,0.37,2026-01-03,0827,N20,VIIRS,n,2,301.51,2.14,D,0
23.54619,68.67792,330.85,0.42,0.37,2026-01-03,0827,N20,VIIRS,l,2,302.42,1.28,D,0
23.79785,69.77714,333.32,0.39,0.36,2026-01-03,0827,N20,VIIRS,n,2,304.78,1.49,D,0
24.29384,69.40782,339.47,0.39,0.36,2026-01-03,0827,N20,VIIRS,n,2,305.4,3.46,D,0
24.87131,68.45868,332.22,0.41,0.37,2026-01-03,0827,N20,VIIRS,n,2,301.01,4.25,D,0
24.84504,68.21667,329.84,0.42,0.38,2026-01-03,0827,N20,VIIRS,n,2,298.02,1.13,D,0
25.04238,68.60278,331.33,0.41,0.37,2026-01-03,0827,N20,VIIRS,n,2,299.39,3.13,D,0
25.04859,68.52741,334.75,0.41,0.37,2026-01-03,0827,N20,VIIRS,n,2,299.33,2.58,D,0
25.35903,69.15215,346.73,0.39,0.36,2026-01-03,0827,N20,VIIRS,n,2,300.87,9.96,D,0
25.3419,68.79342,331.69,0.4,0.37,2026-01-03,0827,N20,VIIRS,n,2,298.47,2.76,D,0
25.54561,68.55785,339.15,0.4,0.37,2026-01-03,0827,N20,VIIRS,n,2,300.89,13.47,D,0
25.62512,68.94037,330.67,0.4,0.37,2026-01-03,0827,N20,VIIRS,n,2,296.6,1.21,D,0
25.64075,68.97349,332.35,0.4,0.37,2026-01-03,0827,N20,VIIRS,n,2,300.14,2.97,D,0
25.64012,68.96959,329.58,0.4,0.37,2026-01-03,0827,N20,VIIRS,n,2,298.78,2.97,D,0
25.57195,68.47811,330.9,0.41,0.37,2026-01-03,0827,N20,VIIRS,n,2,296.33,3.89,D,0
25.60172,68.63641,331.07,0.4,0.37,2026-01-03,0827,N20,VIIRS,n,2,298.46,6.3,D,0
25.62198,68.73833,331.82,0.4,0.37,2026-01-03,0827,N20,VIIRS,n,2,295.79,2.82,D,0
25.8028,69.32825,331.25,0.39,0.36,2026-01-03,0827,N20,VIIRS,n,2,297.52,2.12,D,0
26.18003,71.25184,344.24,0.39,0.36,2026-01-03,0827,N20,VIIRS,n,2,301.43,3.24,D,0
25.86996,68.81551,332.76,0.4,0.37,2026-01-03,0827,N20,VIIRS,n,2,295.43,5.25,D,0
27.30685,80.73348,327.33,0.41,0.61,2026-01-03,0827,N20,VIIRS,n,2,287.82,2.2,D,0
27.51384,80.39038,332.7,0.39,0.59,2026-01-03,0827,N20,VIIRS,n,2,287.11,2.21,D,0
26.04446,68.33946,334.54,0.41,0.37,2026-01-03,0827,N20,VIIRS,n,2,295.06,4.33,D,0
26.16735,68.40148,330.33,0.4,0.37,2026-01-03,0827,N20,VIIRS,n,2,296.01,1.63,D,0
26.2287,68.32327,331.37,0.41,0.37,2026-01-03,0827,N20,VIIRS,n,2,294.9,3.5,D,0
26.22269,68.28716,331.27,0.41,0.37,2026-01-03,0827,N20,VIIRS,n,2,295.89,2.52,D,0
26.29207,68.24387,330.98,0.41,0.37,2026-01-03,0827,N20,VIIRS,n,2,295.24,2.57,D,0
26.32104,68.28452,331.47,0.41,0.37,2026-01-03,0827,N20,VIIRS,n,2,293.16,2.6,D,0
27.91696,80.99057,337.15,0.43,0.62,2026-01-03,0827,N20,VIIRS,n,2,287.84,3.59,D,0
27.9187,80.99101,333.09,0.43,0.62,2026-01-03,0827,N20,VIIRS,n,2,286.11,3.96,D,0
26.47983,68.16503,330.87,0.41,0.37,2026-01-03,0827,N20,VIIRS,n,2,294.87,3.38,D,0
28.04697,80.90625,326.59,0.43,0.62,2026-01-03,0827,N20,VIIRS,n,2,287.32,3.59,D,0
28.06123,80.94492,327.24,0.43,0.62,2026-01-03,0827,N20,VIIRS,n,2,288.09,2.75,D,0
23.16276,69.76716,333.91,0.39,0.36,2026-01-03,0827,N20,VIIRS,n,2,304.92,2.29,D,0
28.15376,80.76795,331.56,0.42,0.61,2026-01-03,0828,N20,VIIRS,n,2,285.52,2.25,D,0
26.82952,68.10334,328.5,0.41,0.37,2026-01-03,0828,N20,VIIRS,n,2,294.54,2.47,D,0
26.90294,68.00011,329.67,0.41,0.37,2026-01-03,0828,N20,VIIRS,n,2,295.02,2.94,D,0
27.17408,68.36517,329.27,0.4,0.37,2026-01-03,0828,N20,VIIRS,n,2,294.3,2.07,D,0
27.294,68.27096,329.02,0.4,0.37,2026-01-03,0828,N20,VIIRS,n,2,292.84,5.2,D,0
27.58358,69.39632,332.35,0.38,0.36,2026-01-03,0828,N20,VIIRS,n,2,298.11,2.26,D,0
27.55852,68.42731,344.57,0.4,0.37,2026-01-03,0828,N20,VIIRS,n,2,295.22,3.13,D,0
27.56184,68.42663,335.88,0.4,0.37,2026-01-03,0828,N20,VIIRS,n,2,293.28,3.13,D,0
29.08657,81.65874,328.82,0.49,0.65,2026-01-03,0828,N20,VIIRS,n,2,290.36,4.15,D,0
27.60266,68.48777,333.7,0.39,0.37,2026-01-03,0828,N20,VIIRS,n,2,295.0,3.94,D,0
28.02002,69.31508,326.78,0.38,0.36,2026-01-03,0828,N20,VIIRS,n,2,293.52,2.02,D,0
29.34829,80.15936,341.99,0.4,0.6,2026-01-03,0828,N20,VIIRS,n,2,291.19,6.45,D,0
29.34825,80.15933,345.14,0.4,0.6,2026-01-03,0828,N20,VIIRS,n,2,291.78,5.81,D,0
28.26593,69.85806,329.97,0.38,0.36,2026-01-03,0828,N20,VIIRS,n,2,293.98,3.32,D,0
28.34173,69.79597,328.77,0.38,0.36,2026-01-03,0828,N20,VIIRS,n,2,292.67,1.7,D,0
28.35817,69.79281,330.92,0.38,0.36,2026-01-03,0828,N20,VIIRS,n,2,294.34,1.37,D,0
29.7126,81.89519,354.97,0.51,0.66,2026-01-03,0828,N20,VIIRS,n,2,293.39,11.63,D,0
29.58318,79.80667,333.24,0.38,0.59,2026-01-03,0828,N20,VIIRS,n,2,288.72,4.48,D,0
29.58292,79.80318,338.46,0.38,0.59,2026-01-03,0828,N20,VIIRS,n,2,290.96,4.48,D,0
29.58265,79.7997,332.53,0.38,0.59,2026-01-03,0828,N20,VIIRS,n,2,292.54,4.6,D,0
29.58856,79.80561,347.61,0.38,0.59,2026-01-03,0828,N20,VIIRS,n,2,293.09,5.28,D,0
29.58829,79.80206,346.89,0.38,0.59,2026-01-03,0828,N20,VIIRS,n,2,292.25,5.28,D,0
28.4915,69.97958,332.32,0.39,0.36,2026-01-03,0828,N20,VIIRS,n,2,292.33,1.55,D,0
28.57184,70.15309,334.36,0.39,0.36,2026-01-03,0828,N20,VIIRS,n,2,293.04,2.49,D,0
29.71937,79.45158,367.0,0.36,0.58,2026-01-03,0828,N20,VIIRS,h,2,293.68,8.67,D,0
29.72102,79.47369,328.74,0.36,0.58,2026-01-03,0828,N20,VIIRS,n,2,290.1,2.39,D,0
28.76281,70.5553,334.52,0.39,0.36,2026-01-03,0828,N20,VIIRS,n,2,293.12,3.59,D,0
28.76682,70.3023,329.88,0.39,0.36,2026-01-03,0828,N20,VIIRS,n,2,292.92,1.47,D,0
28.90778,70.83336,330.0,0.4,0.37,2026-01-03,0828,N20,VIIRS,n,2,296.6,2.97,D,0
28.87573,70.60868,332.02,0.39,0.36,2026-01-03,0828,N20,VIIRS,n,2,296.2,9.8,D,0
29.97413,80.27956,341.81,0.41,0.61,2026-01-03,0828,N20,VIIRS,n,2,292.33,9.26,D,0
29.97393,80.27676,328.25,0.41,0.61,2026-01-03,0828,N20,VIIRS,n,2,288.87,7.86,D,0
28.88703,70.35748,329.68,0.39,0.36,2026-01-03,0828,N20,VIIRS,n,2,292.08,1.54,D,0
29.96678,80.27636,325.01,0.41,0.61,2026-01-03,0828,N20,VIIRS,n,2,288.71,4.78,D,0
29.97272,80.28109,344.99,0.41,0.61,2026-01-03,0828,N20,VIIRS,n,2,291.01,9.12,D,0
29.97249,80.27762,330.52,0.41,0.61,2026-01-03,0828,N20,VIIRS,n,2,287.39,4.78,D,0
29.06575,71.06342,330.53,0.4,0.37,2026-01-03,0828,N20,VIIRS,n,2,295.32,4.7,D,0
29.2035,71.37453,330.6,0.41,0.37,2026-01-03,0828,N20,VIIRS,n,2,292.17,2.26,D,0
30.03534,78.75812,325.81,0.33,0.55,2026-01-03,0828,N20,VIIRS,n,2,291.0,2.21,D,0
29.87211,72.78324,330.3,0.46,0.39,2026-01-03,0828,N20,VIIRS,n,2,291.27,5.05,D,0
30.04654,70.92453,329.47,0.4,0.37,2026-01-03,0828,N20,VIIRS,n,2,290.62,2.52,D,0
30.12336,70.9967,341.41,0.41,0.37,2026-01-03,0828,N20,VIIRS,n,2,293.38,8.7,D,0
30.23078,70.93885,329.95,0.4,0.37,2026-01-03,0828,N20,VIIRS,n,2,291.16,1.97,D,0
30.37968,71.00703,333.35,0.41,0.37,2026-01-03,0828,N20,VIIRS,n,2,292.15,3.16,D,0
31.44262,70.98386,341.35,0.41,0.37,2026-01-03,0829,N20,VIIRS,n,2,294.98,11.4,D,0
31.72999,72.85023,328.23,0.49,0.4,2026-01-03,0829,N20,VIIRS,n,2,289.63,2.0,D,0
31.7285,72.84829,330.73,0.49,0.4,2026-01-03,0829,N20,VIIRS,n,2,289.75,3.63,D,0
31.58458,70.99932,334.52,0.41,0.37,2026-01-03,0829,N20,VIIRS,n,2,294.22,6.19,D,0
31.62744,71.14033,340.71,0.42,0.38,2026-01-03,0829,N20,VIIRS,n,2,293.7,9.81,D,0
31.7038,70.8732,327.12,0.41,0.37,2026-01-03,0829,N20,VIIRS,n,2,293.38,3.67,D,0
31.93546,70.90786,335.94,0.41,0.37,2026-01-03,0829,N20,VIIRS,n,2,293.63,4.68,D,0
32.05492,71.30369,329.42,0.43,0.38,2026-01-03,0829,N20,VIIRS,n,2,292.36,4.22,D,0
32.07298,71.02319,327.55,0.42,0.38,2026-01-03,0829,N20,VIIRS,n,2,292.76,3.15,D,0
32.03151,70.30988,333.48,0.4,0.37,2026-01-03,0829,N20,VIIRS,n,2,295.68,3.06,D,0
32.2902,70.40262,328.97,0.4,0.37,2026-01-03,0829,N20,VIIRS,n,2,292.49,1.72,D,0
32.95095,72.56023,336.54,0.49,0.4,2026-01-03,0829,N20,VIIRS,n,2,292.86,7.44,D,0
32.99999,72.47614,334.8,0.48,0.4,2026-01-03,0829,N20,VIIRS,n,2,293.9,3.15,D,0
33.07466,72.8231,337.62,0.5,0.41,2026-01-03,0829,N20,VIIRS,n,2,293.15,8.05,D,0
33.25297,71.82903,338.08,0.46,0.39,2026-01-03,0829,N20,VIIRS,n,2,298.0,23.09,D,0
33.30529,70.31361,325.35,0.41,0.37,2026-01-03,0829,N20,VIIRS,n,2,295.03,3.31,D,0
33.76247,71.23799,325.82,0.44,0.38,2026-01-03,0829,N20,VIIRS,n,2,287.98,1.64,D,0
33.69855,70.11996,331.84,0.41,0.37,2026-01-03,0829,N20,VIIRS,n,2,286.69,2.37,D,0
26.77262,94.50391,296.37,0.45,0.39,2026-01-03,1912,N20,VIIRS,n,2,283.12,0.34,N,2
27.60653,95.40321,303.7,0.43,0.38,2026-01-03,1912,N20,VIIRS,n,2,284.16,0.92,N,2
27.46096,95.47679,299.18,0.42,0.38,2026-01-03,1912,N20,VIIRS,n,2,283.37,0.62,N,2
27.37803,95.3355,304.88,0.43,0.38,2026-01-03,1912,N20,VIIRS,n,2,282.54,0.67,N,0
27.38,95.33334,308.04,0.43,0.38,2026-01-03,1912,N20,VIIRS,n,2,283.29,1.03,N,0
27.31849,95.26544,302.61,0.43,0.38,2026-01-03,1912,N20,VIIRS,n,2,283.63,0.59,N,2
26.94094,94.04539,301.61,0.47,0.4,2026-01-03,1912,N20,VIIRS,n,2,281.62,1.09,N,0
26.93791,94.04004,304.84,0.47,0.4,2026-01-03,1912,N20,VIIRS,n,2,282.08,1.09,N,0
26.52504,90.53217,300.94,0.48,0.48,2026-01-03,1912,N20,VIIRS,n,2,284.66,0.81,N,2
26.0855,93.95104,296.02,0.47,0.4,2026-01-03,1912,N20,VIIRS,n,2,284.74,0.57,N,2
26.06618,93.92877,298.58,0.47,0.4,2026-01-03,1912,N20,VIIRS,n,2,283.97,0.59,N,0
26.05953,93.89418,295.63,0.47,0.4,2026-01-03,1912,N20,VIIRS,n,2,283.89,0.55,N,2
26.0595,93.89213,299.86,0.47,0.4,2026-01-03,1912,N20,VIIRS,n,2,283.05,0.7,N,2
21.64258,96.85297,311.44,0.39,0.36,2026-01-03,1913,N20,VIIRS,n,2,283.52,0.45,N,0
22.87584,86.05848,305.63,0.42,0.61,2026-01-03,1913,N20,VIIRS,n,2,284.82,1.27,N,2
22.85923,86.0524,295.91,0.42,0.61,2026-01-03,1913,N20,VIIRS,n,2,284.06,1.02,N,2
22.00586,93.52151,311.59,0.45,0.39,2026-01-03,1913,N20,VIIRS,n,2,279.31,1.32,N,0
21.59175,96.22746,299.93,0.38,0.36,2026-01-03,1913,N20,VIIRS,n,2,289.52,1.22,N,2
22.85623,86.05422,299.14,0.42,0.61,2026-01-03,1913,N20,VIIRS,n,2,284.21,0.57,N,2
21.57743,96.23248,317.14,0.38,0.36,2026-01-03,1913,N20,VIIRS,n,2,291.69,1.86,N,2
22.79761,86.19617,303.44,0.41,0.61,2026-01-03,1913,N20,VIIRS,n,2,288.04,2.27,N,2
22.80199,86.08564,300.79,0.42,0.61,2026-01-03,1913,N20,VIIRS,n,2,284.74,1.8,N,2
22.80162,86.08969,310.52,0.42,0.61,2026-01-03,1913,N20,VIIRS,n,2,287.84,2.09,N,2
22.78603,86.19904,300.11,0.41,0.61,2026-01-03,1913,N20,VIIRS,n,2,287.83,1.6,N,2
22.78565,86.20314,304.66,0.41,0.61,2026-01-03,1913,N20,VIIRS,n,2,287.62,1.33,N,2
22.23284,91.1358,303.17,0.39,0.44,2026-01-03,1913,N20,VIIRS,n,2,286.02,0.42,N,0
21.36959,96.93997,300.63,0.39,0.36,2026-01-03,1913,N20,VIIRS,n,2,283.62,0.54,N,0
23.55923,87.23684,301.23,0.36,0.57,2026-01-03,1913,N20,VIIRS,n,2,278.5,1.57,N,2
23.65597,85.50317,296.28,0.47,0.64,2026-01-03,1913,N20,VIIRS,n,2,282.55,0.59,N,2
23.67431,86.11288,296.85,0.43,0.62,2026-01-03,1913,N20,VIIRS,n,2,283.46,0.42,N,2
23.64973,85.43226,295.56,0.47,0.64,2026-01-03,1913,N20,VIIRS,n,2,283.38,1.32,N,2
23.64936,85.43687,315.68,0.47,0.64,2026-01-03,1913,N20,VIIRS,n,2,285.5,1.32,N,2
23.65717,85.50724,295.19,0.47,0.64,2026-01-03,1913,N20,VIIRS,n,2,283.87,1.43,N,2
23.6514,85.43655,313.62,0.47,0.64,2026-01-03,1913,N20,VIIRS,n,2,284.35,2.47,N,0
24.89648,95.09076,300.83,0.41,0.37,2026-01-03,1913,N20,VIIRS,n,2,285.72,0.55,N,0
24.85486,91.89108,299.16,0.38,0.44,2026-01-03,1913,N20,VIIRS,n,2,283.93,0.52,N,0
24.32086,95.05629,297.6,0.41,0.37,2026-01-03,1913,N20,VIIRS,n,2,285.51,0.42,N,0
23.81997,95.44531,319.42,0.4,0.37,2026-01-03,1913,N20,VIIRS,n,2,286.44,1.24,N,0
23.12416,94.74223,301.2,0.41,0.37,2026-01-03,1913,N20,VIIRS,n,2,286.35,0.42,N,0
23.80439,86.32549,303.09,0.41,0.61,2026-01-03,1913,N20,VIIRS,n,2,287.12,1.21,N,2
23.80403,86.32967,302.69,0.41,0.61,2026-01-03,1913,N20,VIIRS,n,2,286.64,1.21,N,2
23.80263,86.34594,308.35,0.41,0.61,2026-01-03,1913,N20,VIIRS,n,2,289.92,2.58,N,2
23.80228,86.35003,319.14,0.41,0.61,2026-01-03,1913,N20,VIIRS,n,2,287.03,2.15,N,2
23.79668,86.3493,302.0,0.41,0.61,2026-01-03,1913,N20,VIIRS,n,2,287.13,1.7,N,2
23.78197,86.38906,326.86,0.41,0.61,2026-01-03,1913,N20,VIIRS,n,2,289.74,4.74,N,2
23.78231,86.38499,302.07,0.41,0.61,2026-01-03,1913,N20,VIIRS,n,2,284.01,1.52,N,2
23.77846,86.36371,302.46,0.41,0.61,2026-01-03,1913,N20,VIIRS,n,2,285.94,1.33,N,2
23.77672,86.38428,303.35,0.41,0.61,2026-01-03,1913,N20,VIIRS,n,2,286.44,1.52,N,2
23.77286,86.36307,298.24,0.41,0.61,2026-01-03,1913,N20,VIIRS,n,2,284.0,0.69,N,2
23.77216,86.37133,296.29,0.41,0.61,2026-01-03,1913,N20,VIIRS,n,2,285.36,0.54,N,2
23.76942,86.4038,314.2,0.41,0.61,2026-01-03,1913,N20,VIIRS,n,2,286.19,1.38,N,2
23.78032,86.20595,297.99,0.42,0.61,2026-01-03,1913,N20,VIIRS,n,2,285.43,1.03,N,2
23.76622,86.3747,297.03,0.41,0.61,2026-01-03,1913,N20,VIIRS,n,2,285.5,0.54,N,2
23.76417,86.39904,308.63,0.41,0.61,2026-01-03,1913,N20,VIIRS,n,2,285.5,2.15,N,2
23.76382,86.40318,301.03,0.41,0.61,2026-01-03,1913,N20,VIIRS,n,2,285.1,1.38,N,2
23.79275,86.34945,297.68,0.41,0.61,2026-01-03,1913,N20,VIIRS,n,2,285.48,0.92,N,2
23.78336,86.38979,320.04,0.41,0.61,2026-01-03,1913,N20,VIIRS,n,2,287.86,2.65,N,2
23.78374,86.38573,298.77,0.41,0.61,2026-01-03,1913,N20,VIIRS,n,2,284.48,0.91,N,2
23.77815,86.38505,309.51,0.41,0.61,2026-01-03,1913,N20,VIIRS,n,2,286.83,1.84,N,2
23.77777,86.3891,303.54,0.41,0.61,2026-01-03,1913,N20,VIIRS,n,2,286.75,1.72,N,2
23.77443,86.36389,303.62,0.41,0.61,2026-01-03,1913,N20,VIIRS,n,2,284.97,1.53,N,2
23.77071,86.40453,299.48,0.41,0.61,2026-01-03,1913,N20,VIIRS,n,2,284.51,0.81,N,2
23.78297,86.20713,301.02,0.42,0.61,2026-01-03,1913,N20,VIIRS,n,2,286.02,1.0,N,2
23.76771,86.37553,298.16,0.41,0.61,2026-01-03,1913,N20,VIIRS,n,2,286.39,1.11,N,2
23.7655,86.3998,303.43,0.41,0.61,2026-01-03,1913,N20,VIIRS,n,2,284.79,1.17,N,2
23.76512,86.40392,313.78,0.41,0.61,2026-01-03,1913,N20,VIIRS,n,2,286.44,1.4,N,2
23.76028,86.39503,298.61,0.41,0.61,2026-01-03,1913,N20,VIIRS,n,2,285.91,1.17,N,2
23.67693,86.08343,301.75,0.43,0.62,2026-01-03,1913,N20,VIIRS,n,2,285.46,0.87,N,2
23.67843,86.06657,295.13,0.43,0.62,2026-01-03,1913,N20,VIIRS,n,2,283.03,0.57,N,0
23.61807,86.78863,306.6,0.38,0.59,2026-01-03,1913,N20,VIIRS,n,2,283.81,1.18,N,2
23.68225,86.08823,308.64,0.43,0.62,2026-01-03,1913,N20,VIIRS,n,2,284.35,5.39,N,2
23.68188,86.09242,367.0,0.43,0.62,2026-01-03,1913,N20,VIIRS,h,2,285.79,5.39,N,2
23.74522,85.5041,295.92,0.47,0.64,2026-01-03,1913,N20,VIIRS,n,2,283.37,0.7,N,2
23.68381,86.09455,304.81,0.43,0.62,2026-01-03,1913,N20,VIIRS,n,2,284.13,5.26,N,2
23.68416,86.09034,367.0,0.43,0.62,2026-01-03,1913,N20,VIIRS,h,2,285.43,8.69,N,2
23.78005,85.56472,301.95,0.46,0.64,2026-01-03,1913,N20,VIIRS,n,2,284.62,1.29,N,0
23.78042,85.56018,295.69,0.46,0.64,2026-01-03,1913,N20,VIIRS,n,2,282.13,0.92,N,0
23.76061,85.86827,295.95,0.44,0.63,2026-01-03,1913,N20,VIIRS,n,2,284.84,0.85,N,0
23.75284,86.41483,308.79,0.41,0.6,2026-01-03,1913,N20,VIIRS,n,2,286.38,1.72,N,2
23.75953,86.40327,298.22,0.41,0.61,2026-01-03,1913,N20,VIIRS,n,2,284.85,1.4,N,2
23.75991,86.39914,303.99,0.41,0.61,2026-01-03,1913,N20,VIIRS,n,2,286.22,1.17,N,2
18.42757,95.02647,303.24,0.39,0.36,2026-01-03,1914,N20,VIIRS,n,2,289.2,0.61,N,0
21.75619,84.02122,308.53,0.55,0.68,2026-01-03,1914,N20,VIIRS,n,2,287.75,4.14,N,2
22.5955,85.90215,304.43,0.43,0.62,2026-01-03,1914,N20,VIIRS,n,2,285.81,0.92,N,2
22.57346,85.89133,301.17,0.43,0.62,2026-01-03,1914,N20,VIIRS,n,2,286.67,1.66,N,0
22.57309,85.8956,312.77,0.43,0.62,2026-01-03,1914,N20,VIIRS,n,2,288.44,1.66,N,0
22.38118,87.27618,314.17,0.35,0.56,2026-01-03,1914,N20,VIIRS,n,2,288.21,1.33,N,2
22.38084,87.27956,313.42,0.35,0.56,2026-01-03,1914,N20,VIIRS,n,2,288.96,1.33,N,2
22.36842,87.29855,323.94,0.34,0.56,2026-01-03,1914,N20,VIIRS,n,2,290.37,2.26,N,2
22.36322,87.29792,298.2,0.34,0.56,2026-01-03,1914,N20,VIIRS,n,2,287.38,0.62,N,0
22.35902,87.28718,307.69,0.35,0.56,2026-01-03,1914,N20,VIIRS,n,2,288.27,1.14,N,2
22.36973,87.01369,304.68,0.36,0.57,2026-01-03,1914,N20,VIIRS,n,2,285.61,2.49,N,2
22.36939,87.01723,302.51,0.36,0.57,2026-01-03,1914,N20,VIIRS,n,2,287.98,1.46,N,2
22.3641,87.01654,315.42,0.36,0.57,2026-01-03,1914,N20,VIIRS,n,2,289.54,1.46,N,2
22.05582,88.12392,308.22,0.6,0.53,2026-01-03,1914,N20,VIIRS,n,2,292.21,2.29,N,2
21.10757,95.49181,300.72,0.39,0.36,2026-01-03,1914,N20,VIIRS,n,2,289.57,0.61,N,0
20.88882,96.77785,295.75,0.39,0.36,2026-01-03,1914,N20,VIIRS,n,2,283.03,0.21,N,0
20.86902,96.39053,308.03,0.38,0.36,2026-01-03,1914,N20,VIIRS,n,2,290.25,0.88,N,2
22.22403,84.7492,298.09,0.5,0.66,2026-01-03,1914,N20,VIIRS,n,2,286.58,1.43,N,2
22.21689,84.83727,306.95,0.5,0.65,2026-01-03,1914,N20,VIIRS,n,2,285.47,1.24,N,0
22.21411,84.87142,299.19,0.49,0.65,2026-01-03,1914,N20,VIIRS,n,2,287.86,1.67,N,2
22.22276,84.75146,299.72,0.5,0.66,2026-01-03,1914,N20,VIIRS,n,2,286.53,1.48,N,2
22.21505,84.83933,319.14,0.5,0.65,2026-01-03,1914,N20,VIIRS,n,2,286.53,2.11,N,2
22.21333,84.85886,300.71,0.49,0.65,2026-01-03,1914,N20,VIIRS,n,2,287.79,1.59,N,2
22.21247,84.86858,299.44,0.49,0.65,2026-01-03,1914,N20,VIIRS,n,2,287.43,2.32,N,2
22.13691,85.38116,298.97,0.46,0.63,2026-01-03,1914,N20,VIIRS,n,2,285.4,0.97,N,2
22.32585,82.51581,299.2,0.7,0.75,2026-01-03,1914,N20,VIIRS,n,2,286.21,1.23,N,0
22.31153,82.52125,300.11,0.7,0.75,2026-01-03,1914,N20,VIIRS,n,2,286.29,2.28,N,0
22.32642,82.5133,297.61,0.7,0.75,2026-01-03,1914,N20,VIIRS,n,2,285.93,1.73,N,0
22.05346,85.46191,295.04,0.45,0.63,2026-01-03,1914,N20,VIIRS,n,2,284.74,0.43,N,2
21.97254,85.31107,299.05,0.46,0.64,2026-01-03,1914,N20,VIIRS,n,2,284.19,0.85,N,2
22.06862,83.70261,298.89,0.58,0.7,2026-01-03,1914,N20,VIIRS,n,2,285.41,0.69,N,0
21.92815,85.22102,311.63,0.47,0.64,2026-01-03,1914,N20,VIIRS,n,2,287.12,2.91,N,2
22.04699,83.72916,324.44,0.58,0.7,2026-01-03,1914,N20,VIIRS,n,2,288.75,3.46,N,2
22.04743,83.72353,305.04,0.58,0.7,2026-01-03,1914,N20,VIIRS,n,2,285.97,3.46,N,2
22.04654,83.73482,299.03,0.58,0.7,2026-01-03,1914,N20,VIIRS,n,2,287.85,3.37,N,2
22.04053,83.72861,317.72,0.58,0.7,2026-01-03,1914,N20,VIIRS,n,2,287.61,3.46,N,2
22.04008,83.73432,309.69,0.58,0.7,2026-01-03,1914,N20,VIIRS,n,2,287.94,3.37,N,2
22.04325,83.34995,295.94,0.62,0.71,2026-01-03,1914,N20,VIIRS,n,2,285.58,0.96,N,0
22.03667,83.34919,298.87,0.62,0.71,2026-01-03,1914,N20,VIIRS,n,2,285.87,1.35,N,2
22.03622,83.35519,297.22,0.61,0.71,2026-01-03,1914,N20,VIIRS,n,2,286.42,1.34,N,2
22.03578,83.36107,297.95,0.61,0.71,2026-01-03,1914,N20,VIIRS,n,2,285.92,1.34,N,2
22.01778,83.33495,296.59,0.62,0.71,2026-01-03,1914,N20,VIIRS,n,2,286.05,1.45,N,0
22.03834,83.34943,307.43,0.61,0.71,2026-01-03,1914,N20,VIIRS,n,2,287.01,1.64,N,2
22.03785,83.35542,296.23,0.61,0.71,2026-01-03,1914,N20,VIIRS,n,2,285.64,1.64,N,2
22.03079,83.3606,296.24,0.61,0.71,2026-01-03,1914,N20,VIIRS,n,2,285.94,1.93,N,2
22.01954,83.33524,302.33,0.62,0.71,2026-01-03,1914,N20,VIIRS,n,2,286.23,1.13,N,0
21.98801,83.22674,297.32,0.63,0.72,2026-01-03,1914,N20,VIIRS,n,2,286.81,1.04,N,2
22.00924,82.66697,303.33,0.68,0.74,2026-01-03,1914,N20,VIIRS,n,2,286.43,1.79,N,2
21.92635,83.33741,301.7,0.61,0.71,2026-01-03,1914,N20,VIIRS,n,2,288.26,1.87,N,2
21.9259,83.34352,302.5,0.61,0.71,2026-01-03,1914,N20,VIIRS,n,2,287.6,1.87,N,2
21.92545,83.34957,298.52,0.61,0.71,2026-01-03,1914,N20,VIIRS,n,2,288.26,1.67,N,2
21.91886,83.34887,299.02,0.61,0.71,2026-01-03,1914,N20,VIIRS,n,2,287.79,1.14,N,2
21.92789,83.33573,308.0,0.61,0.71,2026-01-03,1914,N20,VIIRS,n,2,288.46,2.6,N,2
21.92033,83.3472,310.19,0.61,0.71,2026-01-03,1914,N20,VIIRS,n,2,288.98,2.83,N,2
21.87793,83.54626,299.87,0.6,0.7,2026-01-03,1914,N20,VIIRS,n,2,285.95,1.65,N,2
21.84249,83.98064,297.0,0.56,0.69,2026-01-03,1914,N20,VIIRS,n,2,286.11,0.74,N,0
21.76927,84.0171,301.07,0.55,0.68,2026-01-03,1914,N20,VIIRS,n,2,287.27,1.4,N,2
21.77281,84.01674,299.7,0.55,0.68,2026-01-03,1914,N20,VIIRS,n,2,287.05,1.51,N,2
21.76648,84.01614,306.42,0.55,0.68,2026-01-03,1914,N20,VIIRS,n,2,288.05,1.51,N,2
21.75969,84.02097,311.87,0.55,0.68,2026-01-03,1914,N20,VIIRS,n,2,287.83,3.19,N,2
21.74303,83.83678,298.52,0.57,0.69,2026-01-03,1914,N20,VIIRS,n,2,286.65,0.88,N,0
21.68209,84.03445,312.09,0.55,0.68,2026-01-03,1914,N20,VIIRS,n,2,287.62,3.35,N,2
21.80246,82.03583,298.43,0.74,0.76,2026-01-03,1914,N20,VIIRS,n,2,287.45,1.56,N,0
21.67875,84.0345,310.77,0.55,0.68,2026-01-03,1914,N20,VIIRS,n,2,287.29,2.21,N,2
21.48665,81.76424,300.39,0.77,0.77,2026-01-03,1914,N20,VIIRS,n,2,286.46,1.37,N,2
21.49076,81.76667,297.24,0.77,0.77,2026-01-03,1914,N20,VIIRS,n,2,286.42,0.96,N,2
21.08241,85.03407,339.62,0.47,0.64,2026-01-03,1914,N20,VIIRS,n,2,290.19,3.39,N,2
21.08282,85.02959,298.1,0.47,0.64,2026-01-03,1914,N20,VIIRS,n,2,287.22,2.72,N,2
21.08201,85.0386,313.31,0.47,0.64,2026-01-03,1914,N20,VIIRS,n,2,288.95,3.39,N,2
21.0761,85.03797,300.76,0.47,0.64,2026-01-03,1914,N20,VIIRS,n,2,288.4,3.39,N,2
20.82856,86.96047,310.36,0.35,0.57,2026-01-03,1914,N20,VIIRS,n,2,287.84,1.36,N,0
20.97075,85.1676,307.05,0.46,0.63,2026-01-03,1914,N20,VIIRS,n,2,288.64,2.7,N,2
20.97033,85.17211,305.04,0.46,0.63,2026-01-03,1914,N20,VIIRS,n,2,288.33,1.91,N,2
20.96992,85.17657,310.03,0.46,0.63,2026-01-03,1914,N20,VIIRS,n,2,288.73,1.91,N,2
20.96447,85.17155,306.05,0.46,0.63,2026-01-03,1914,N20,VIIRS,n,2,288.8,2.16,N,2
20.9675,85.07281,304.19,0.46,0.64,2026-01-03,1914,N20,VIIRS,n,2,288.19,1.22,N,0
20.81016,85.25256,303.67,0.45,0.63,2026-01-03,1914,N20,VIIRS,n,2,286.3,1.61,N,2
20.81001,85.25513,305.99,0.45,0.63,2026-01-03,1914,N20,VIIRS,n,2,287.82,1.68,N,2
20.80419,85.25462,296.29,0.45,0.63,2026-01-03,1914,N20,VIIRS,n,2,285.37,2.16,N,2
20.78635,85.25699,297.3,0.45,0.63,2026-01-03,1914,N20,VIIRS,n,2,286.32,2.39,N,2
20.76525,85.29412,304.05,0.45,0.63,2026-01-03,1914,N20,VIIRS,n,2,287.02,1.75,N,2
20.75944,85.29361,307.85,0.45,0.63,2026-01-03,1914,N20,VIIRS,n,2,285.42,1.75,N,2
17.60676,83.19815,327.59,0.56,0.69,2026-01-03,1915,N20,VIIRS,n,2,291.22,2.71,N,2
17.61312,83.19884,308.28,0.56,0.69,2026-01-03,1915,N20,VIIRS,n,2,290.08,2.71,N,2
16.06837,95.39264,311.75,0.38,0.36,2026-01-03,1915,N20,VIIRS,n,2,291.6,1.4,N,0
17.60892,83.19907,322.5,0.56,0.69,2026-01-03,1915,N20,VIIRS,n,2,291.32,2.32,N,2
17.61528,83.19977,312.77,0.56,0.69,2026-01-03,1915,N20,VIIRS,n,2,289.85,2.32,N,0
16.38952,94.84604,303.41,0.38,0.36,2026-01-03,1915,N20,VIIRS,n,2,291.86,0.42,N,0
16.62548,94.77101,307.61,0.39,0.36,2026-01-03,1915,N20,VIIRS,n,2,292.08,0.55,N,0
17.13641,95.94634,306.54,0.39,0.36,2026-01-03,1915,N20,VIIRS,n,2,292.77,0.84,N,0
19.10897,82.16056,304.06,0.69,0.74,2026-01-03,1915,N20,VIIRS,n,2,281.55,1.97,N,0
19.35143,82.17651,295.78,0.69,0.74,2026-01-03,1915,N20,VIIRS,n,2,282.12,0.78,N,0
13.04934,96.86903,324.64,0.43,0.38,2026-01-03,1916,N20,VIIRS,n,2,295.88,1.53,N,3
12.28833,93.86207,331.59,0.38,0.36,2026-01-03,1916,N20,VIIRS,n,2,296.13,5.7,N,0
12.28777,93.86558,325.6,0.38,0.36,2026-01-03,1916,N20,VIIRS,n,2,297.84,5.08,N,0
8.28453,93.09084,330.98,0.38,0.36,2026-01-03,1917,N20,VIIRS,n,2,292.48,2.47,N,0
8.28784,93.09137,325.2,0.38,0.36,2026-01-03,1917,N20,VIIRS,n,2,292.65,4.04,N,0
8.28838,93.08791,354.5,0.38,0.36,2026-01-03,1917,N20,VIIRS,n,2,294.06,4.04,N,0
8.28893,93.08444,328.26,0.38,0.36,2026-01-03,1917,N20,VIIRS,n,2,293.27,3.47,N,0
8.29059,93.09535,305.91,0.38,0.36,2026-01-03,1917,N20,VIIRS,n,2,292.37,1.14,N,0
8.29114,93.0919,315.81,0.38,0.36,2026-01-03,1917,N20,VIIRS,n,2,292.38,4.04,N,0
8.2796,93.10071,320.68,0.38,0.36,2026-01-03,1917,N20,VIIRS,n,2,292.38,2.59,N,0
8.28014,93.09724,354.06,0.38,0.36,2026-01-03,1917,N20,VIIRS,n,2,293.81,4.21,N,0
8.28069,93.09379,334.39,0.38,0.36,2026-01-03,1917,N20,VIIRS,n,2,292.51,4.21,N,0
8.28123,93.09032,323.16,0.38,0.36,2026-01-03,1917,N20,VIIRS,n,2,292.77,2.47,N,0
8.2829,93.10123,308.86,0.38,0.36,2026-01-03,1917,N20,VIIRS,n,2,291.81,2.59,N,0
8.28236,93.1047,344.4,0.38,0.36,2026-01-03,1917,N20,VIIRS,n,2,293.12,2.59,N,0
8.28399,93.09431,320.01,0.38,0.36,2026-01-03,1917,N20,VIIRS,n,2,292.41,4.21,N,0
33.98992,74.68067,325.47,0.38,0.36,2026-01-03,2051,N20,VIIRS,n,2,270.11,2.56,N,0
29.81181,79.65693,297.02,0.43,0.46,2026-01-03,2052,N20,VIIRS,n,2,276.81,0.98,N,0
33.22527,75.45072,299.93,0.39,0.36,2026-01-03,2052,N20,VIIRS,n,2,271.8,0.75,N,0
33.54766,71.5495,301.47,0.42,0.38,2026-01-03,2052,N20,VIIRS,n,2,281.77,1.24,N,2
33.27377,71.59095,319.01,0.42,0.38,2026-01-03,2052,N20,VIIRS,n,2,281.0,1.51,N,0
31.67929,77.298,315.49,0.46,0.39,2026-01-03,2052,N20,VIIRS,n,2,277.0,2.06,N,0
31.42704,77.37372,303.8,0.46,0.39,2026-01-03,2052,N20,VIIRS,n,2,277.72,1.06,N,0
32.29308,70.73077,300.11,0.44,0.38,2026-01-03,2052,N20,VIIRS,n,2,283.47,1.1,N,2
32.29183,70.74024,305.72,0.44,0.38,2026-01-03,2052,N20,VIIRS,n,2,283.37,1.05,N,2
30.71515,78.38145,297.37,0.53,0.42,2026-01-03,2052,N20,VIIRS,n,2,277.91,1.69,N,0
30.34089,78.62902,306.95,0.55,0.43,2026-01-03,2052,N20,VIIRS,n,2,277.66,1.79,N,0
30.36479,77.82169,295.43,0.5,0.41,2026-01-03,2052,N20,VIIRS,n,2,280.09,1.04,N,0
29.63044,77.24775,311.73,0.49,0.4,2026-01-03,2052,N20,VIIRS,n,2,280.03,1.59,N,0
26.60636,73.68246,302.04,0.4,0.37,2026-01-03,2053,N20,VIIRS,n,2,282.21,0.93,N,2
26.87274,73.51722,297.7,0.39,0.36,2026-01-03,2053,N20,VIIRS,n,2,280.57,1.07,N,2
26.8767,73.51399,298.92,0.39,0.36,2026-01-03,2053,N20,VIIRS,n,2,281.25,0.85,N,2
26.88001,73.51468,305.28,0.39,0.36,2026-01-03,2053,N20,VIIRS,n,2,281.17,0.85,N,2
26.92842,73.46728,296.58,0.39,0.36,2026-01-03,2053,N20,VIIRS,n,2,280.22,0.67,N,2
27.85209,68.35641,301.75,0.5,0.41,2026-01-03,2053,N20,VIIRS,n,2,283.5,0.89,N,0
27.85274,68.35133,310.04,0.5,0.41,2026-01-03,2053,N20,VIIRS,n,2,283.69,1.56,N,0
27.85648,68.35194,305.38,0.5,0.41,2026-01-03,2053,N20,VIIRS,n,2,283.2,1.12,N,0
28.42486,69.70056,302.13,0.44,0.39,2026-01-03,2053,N20,VIIRS,n,2,282.74,0.72,N,2
28.34534,77.2552,295.41,0.51,0.41,2026-01-03,2053,N20,VIIRS,n,2,279.06,0.69,N,0
28.34905,77.25612,297.48,0.51,0.41,2026-01-03,2053,N20,VIIRS,n,2,279.24,0.69,N,0
28.74515,76.92616,297.9,0.48,0.4,2026-01-03,2053,N20,VIIRS,n,2,280.01,0.73,N,2
30.1685,70.11494,298.57,0.44,0.39,2026-01-03,2053,N20,VIIRS,n,2,277.71,1.55,N,0
30.16907,70.11071,301.02,0.44,0.39,2026-01-03,2053,N20,VIIRS,n,2,275.98,0.45,N,0
30.16797,70.11892,323.59,0.44,0.39,2026-01-03,2053,N20,VIIRS,n,2,280.45,1.55,N,0
23.78051,86.20215,303.5,0.71,0.75,2026-01-03,2053,N20,VIIRS,n,2,280.11,3.13,N,2
21.75243,83.97281,299.91,0.58,0.7,2026-01-03,2054,N20,VIIRS,n,2,286.65,1.05,N,0
23.78563,86.20731,312.22,0.72,0.75,2026-01-03,2054,N20,VIIRS,n,2,282.25,3.37,N,2
26.25778,74.09384,304.61,0.41,0.37,2026-01-03,2054,N20,VIIRS,n,2,283.98,0.76,N,2
22.87628,86.06097,304.12,0.74,0.76,2026-01-03,2054,N20,VIIRS,n,2,284.72,1.83,N,2
22.78864,86.20029,324.26,0.75,0.77,2026-01-03,2054,N20,VIIRS,n,2,286.64,6.66,N,2
22.78682,86.20724,296.86,0.75,0.77,2026-01-03,2054,N20,VIIRS,n,2,285.48,3.89,N,2
22.78993,86.19939,308.53,0.75,0.77,2026-01-03,2054,N20,VIIRS,n,2,286.34,3.76,N,2
22.78815,86.20637,317.4,0.76,0.77,2026-01-03,2054,N20,VIIRS,n,2,286.06,3.76,N,2
22.80327,86.0899,300.76,0.74,0.76,2026-01-03,2054,N20,VIIRS,n,2,285.69,1.72,N,2
26.09406,68.87825,304.75,0.45,0.39,2026-01-03,2054,N20,VIIRS,n,2,285.91,0.98,N,2
22.57611,85.89668,306.5,0.73,0.76,2026-01-03,2054,N20,VIIRS,n,2,285.6,2.55,N,0
24.76478,74.60926,305.42,0.43,0.38,2026-01-03,2054,N20,VIIRS,n,2,287.62,1.25,N,2
24.76402,74.60635,302.76,0.43,0.38,2026-01-03,2054,N20,VIIRS,n,2,285.49,0.84,N,2
24.6935,74.67958,299.39,0.44,0.38,2026-01-03,2054,N20,VIIRS,n,2,286.53,1.07,N,2
24.66206,74.63319,305.09,0.44,0.38,2026-01-03,2054,N20,VIIRS,n,2,289.49,2.02,N,2
24.58007,74.8044,298.62,0.44,0.39,2026-01-03,2054,N20,VIIRS,n,2,285.99,0.56,N,2
24.85554,73.01662,307.51,0.39,0.36,2026-01-03,2054,N20,VIIRS,n,2,280.95,1.34,N,0
24.82217,73.09348,313.77,0.39,0.36,2026-01-03,2054,N20,VIIRS,n,2,287.95,1.68,N,2
25.38766,68.58326,303.72,0.46,0.39,2026-01-03,2054,N20,VIIRS,n,2,283.81,1.19,N,2
25.32975,68.9898,295.92,0.44,0.39,2026-01-03,2054,N20,VIIRS,n,2,282.72,0.21,N,0
24.69135,73.00119,313.7,0.39,0.36,2026-01-03,2054,N20,VIIRS,n,2,287.66,1.36,N,2
22.21548,84.86976,299.5,0.64,0.72,2026-01-03,2054,N20,VIIRS,n,2,286.03,1.49,N,2
22.22427,84.75062,298.84,0.63,0.72,2026-01-03,2054,N20,VIIRS,n,2,285.63,1.18,N,2
22.22282,84.75648,295.27,0.63,0.72,2026-01-03,2054,N20,VIIRS,n,2,285.22,1.18,N,2
21.93458,85.21921,295.49,0.69,0.74,2026-01-03,2054,N20,VIIRS,n,2,283.57,0.76,N,2
21.93149,85.21982,296.85,0.69,0.74,2026-01-03,2054,N20,VIIRS,n,2,283.95,1.1,N,2
21.92484,85.21807,295.24,0.69,0.74,2026-01-03,2054,N20,VIIRS,n,2,283.52,1.1,N,2
22.32508,82.58305,301.09,0.46,0.64,2026-01-03,2054,N20,VIIRS,n,2,286.63,1.25,N,2
22.04755,83.73636,297.92,0.55,0.68,2026-01-03,2054,N20,VIIRS,n,2,287.73,4.05,N,2
22.04396,83.72417,325.27,0.55,0.68,2026-01-03,2054,N20,VIIRS,n,2,286.26,8.57,N,2
22.04271,83.72939,351.24,0.55,0.68,2026-01-03,2054,N20,VIIRS,n,2,294.4,8.57,N,2
22.04147,83.73455,313.12,0.55,0.68,2026-01-03,2054,N20,VIIRS,n,2,289.08,4.05,N,2
22.32209,82.51774,312.44,0.46,0.63,2026-01-03,2054,N20,VIIRS,n,2,286.85,2.85,N,0
22.3134,82.52922,300.39,0.46,0.63,2026-01-03,2054,N20,VIIRS,n,2,286.98,2.21,N,2
22.3607,82.29922,305.04,0.44,0.62,2026-01-03,2054,N20,VIIRS,n,2,287.18,1.83,N,2
22.35975,82.30335,303.04,0.44,0.62,2026-01-03,2054,N20,VIIRS,n,2,289.13,1.81,N,2
22.01951,83.74461,299.85,0.55,0.68,2026-01-03,2054,N20,VIIRS,n,2,286.04,0.76,N,0
22.10863,83.12458,299.62,0.5,0.66,2026-01-03,2054,N20,VIIRS,n,2,286.0,0.77,N,2
22.04269,83.3518,301.29,0.52,0.67,2026-01-03,2054,N20,VIIRS,n,2,286.24,1.66,N,2
22.09206,83.11501,308.31,0.5,0.66,2026-01-03,2054,N20,VIIRS,n,2,285.56,1.21,N,0
22.03669,83.35024,302.0,0.52,0.67,2026-01-03,2054,N20,VIIRS,n,2,286.2,1.66,N,2
22.03433,83.36022,298.93,0.52,0.67,2026-01-03,2054,N20,VIIRS,n,2,286.82,0.99,N,2
22.03315,83.36523,300.87,0.52,0.67,2026-01-03,2054,N20,VIIRS,n,2,287.05,0.99,N,2
22.08615,83.11348,310.64,0.5,0.66,2026-01-03,2054,N20,VIIRS,n,2,286.55,1.38,N,0
21.82315,83.99564,298.76,0.58,0.7,2026-01-03,2054,N20,VIIRS,n,2,286.94,1.14,N,2
21.98699,83.23093,300.68,0.51,0.66,2026-01-03,2054,N20,VIIRS,n,2,287.18,1.15,N,2
21.92974,83.33965,312.23,0.52,0.67,2026-01-03,2054,N20,VIIRS,n,2,289.54,2.94,N,2
21.87887,83.55458,298.07,0.54,0.68,2026-01-03,2054,N20,VIIRS,n,2,286.43,1.06,N,2
21.76809,84.01804,307.21,0.58,0.7,2026-01-03,2054,N20,VIIRS,n,2,288.22,1.38,N,2
21.76678,84.02347,297.27,0.58,0.7,2026-01-03,2054,N20,VIIRS,n,2,286.67,1.38,N,2
21.92143,83.34785,311.21,0.52,0.67,2026-01-03,2054,N20,VIIRS,n,2,288.61,2.46,N,2
21.76055,84.02172,306.95,0.58,0.7,2026-01-03,2054,N20,VIIRS,n,2,288.27,1.75,N,2
21.7543,84.02007,299.47,0.58,0.7,2026-01-03,2054,N20,VIIRS,n,2,286.98,1.75,N,2
21.78117,83.82653,303.61,0.57,0.69,2026-01-03,2054,N20,VIIRS,n,2,286.94,1.38,N,0
21.77986,83.83195,305.29,0.57,0.69,2026-01-03,2054,N20,VIIRS,n,2,287.06,1.38,N,2
21.775,83.82481,298.5,0.57,0.69,2026-01-03,2054,N20,VIIRS,n,2,287.06,1.38,N,2
21.74515,83.83927,296.54,0.57,0.69,2026-01-03,2054,N20,VIIRS,n,2,286.3,0.57,N,0
22.15367,82.09413,299.57,0.43,0.62,2026-01-03,2054,N20,VIIRS,n,2,287.18,0.71,N,0
22.00687,82.66962,310.64,0.47,0.64,2026-01-03,2054,N20,VIIRS,n,2,288.27,1.95,N,2
22.15634,82.09397,303.15,0.43,0.62,2026-01-03,2054,N20,VIIRS,n,2,286.92,0.89,N,0
22.00779,82.66951,308.84,0.47,0.64,2026-01-03,2054,N20,VIIRS,n,2,287.55,2.11,N,2
22.01848,82.17986,297.58,0.44,0.62,2026-01-03,2054,N20,VIIRS,n,2,287.08,0.9,N,0
21.8054,82.03864,300.04,0.44,0.62,2026-01-03,2054,N20,VIIRS,n,2,287.01,0.64,N,2
21.73,82.21308,305.46,0.45,0.63,2026-01-03,2054,N20,VIIRS,n,2,288.48,1.37,N,2
21.67497,82.08037,304.6,0.44,0.62,2026-01-03,2054,N20,VIIRS,n,2,289.52,1.29,N,2
20.79838,85.25093,295.89,0.73,0.76,2026-01-03,2054,N20,VIIRS,n,2,283.08,1.92,N,2
20.78816,85.26283,302.06,0.73,0.76,2026-01-03,2054,N20,VIIRS,n,2,287.05,3.55,N,2
20.75933,85.29089,300.77,0.74,0.76,2026-01-03,2054,N20,VIIRS,n,2,286.39,3.09,N,2
20.75981,85.29107,300.87,0.74,0.76,2026-01-03,2054,N20,VIIRS,n,2,286.55,4.12,N,2
21.48612,81.76746,311.78,0.42,0.61,2026-01-03,2054,N20,VIIRS,n,2,287.65,1.46,N,2
21.79088,80.0147,296.45,0.32,0.55,2026-01-03,2054,N20,VIIRS,n,2,285.73,0.21,N,0
21.39227,81.64701,304.25,0.42,0.61,2026-01-03,2054,N20,VIIRS,n,2,287.57,1.56,N,2
21.37872,81.68097,300.85,0.42,0.61,2026-01-03,2054,N20,VIIRS,n,2,287.21,1.14,N,2
21.37668,81.63887,296.46,0.42,0.61,2026-01-03,2054,N20,VIIRS,n,2,285.89,1.41,N,2
21.36773,81.67805,297.98,0.42,0.61,2026-01-03,2054,N20,VIIRS,n,2,286.73,1.62,N,2
21.38084,81.67855,296.19,0.42,0.61,2026-01-03,2054,N20,VIIRS,n,2,285.79,0.83,N,2
21.37969,81.65739,296.68,0.42,0.61,2026-01-03,2054,N20,VIIRS,n,2,286.22,0.8,N,0
21.37767,81.64024,301.3,0.42,0.61,2026-01-03,2054,N20,VIIRS,n,2,286.58,1.66,N,2
23.69182,68.82987,296.97,0.43,0.38,2026-01-03,2054,N20,VIIRS,n,2,285.38,0.44,N,2
23.31681,70.4872,303.8,0.39,0.36,2026-01-03,2054,N20,VIIRS,n,2,288.66,1.32,N,2
22.97779,72.5636,298.18,0.39,0.36,2026-01-03,2054,N20,VIIRS,n,2,287.6,0.38,N,2
23.30468,70.47725,299.91,0.39,0.36,2026-01-03,2054,N20,VIIRS,n,2,287.71,1.1,N,2
23.4961,68.57829,297.53,0.44,0.39,2026-01-03,2055,N20,VIIRS,n,2,287.07,0.78,N,2
19.57175,71.36153,311.74,0.39,0.36,2026-01-03,2055,N20,VIIRS,n,2,295.1,0.45,N,3
19.57506,71.36212,307.24,0.39,0.36,2026-01-03,2055,N20,VIIRS,n,2,295.66,0.45,N,3
19.62998,73.05154,313.98,0.43,0.38,2026-01-03,2055,N20,VIIRS,n,2,290.23,1.11,N,0
17.60725,83.20306,310.58,0.63,0.72,2026-01-03,2055,N20,VIIRS,n,2,290.21,2.43,N,2
17.60856,83.1973,310.69,0.63,0.72,2026-01-03,2055,N20,VIIRS,n,2,289.74,5.06,N,2
17.6137,83.20475,313.34,0.63,0.72,2026-01-03,2055,N20,VIIRS,n,2,290.06,2.43,N,2
19.65074,73.05532,306.19,0.43,0.38,2026-01-03,2055,N20,VIIRS,n,2,290.35,1.0,N,0
23.2668,70.28048,302.13,0.39,0.36,2026-01-03,2055,N20,VIIRS,n,2,286.88,0.66,N,0
23.26691,70.25698,299.93,0.39,0.36,2026-01-03,2055,N20,VIIRS,n,2,286.45,0.6,N,2
23.25633,70.25902,298.16,0.39,0.36,2026-01-03,2055,N20,VIIRS,n,2,285.34,0.27,N,2
17.69255,83.24521,301.63,0.63,0.72,2026-01-03,2055,N20,VIIRS,n,2,289.65,2.12,N,2
19.48327,75.54455,299.01,0.57,0.43,2026-01-03,2055,N20,VIIRS,n,2,286.51,0.8,N,0
19.34783,76.30217,297.99,0.42,0.45,2026-01-03,2055,N20,VIIRS,n,2,285.67,0.7,N,0
18.70061,79.54418,306.51,0.35,0.57,2026-01-03,2055,N20,VIIRS,n,2,290.16,0.7,N,0
18.71798,79.53795,304.37,0.35,0.57,2026-01-03,2055,N20,VIIRS,n,2,290.84,1.03,N,2
18.72377,79.53586,310.27,0.35,0.57,2026-01-03,2055,N20,VIIRS,n,2,291.65,1.11,N,2
20.83544,70.69231,304.55,0.38,0.36,2026-01-03,2055,N20,VIIRS,n,2,290.97,0.89,N,2
20.86865,70.56637,301.5,0.38,0.36,2026-01-03,2055,N20,VIIRS,n,2,290.12,0.48,N,0
20.91044,71.46003,314.21,0.39,0.36,2026-01-03,2055,N20,VIIRS,n,2,293.48,1.86,N,2
19.10263,82.16504,305.12,0.51,0.66,2026-01-03,2055,N20,VIIRS,n,2,286.4,1.53,N,2
21.09172,72.65253,309.17,0.4,0.37,2026-01-03,2055,N20,VIIRS,n,2,290.81,0.77,N,0
21.10171,72.63453,320.03,0.4,0.37,2026-01-03,2055,N20,VIIRS,n,2,291.94,2.21,N,2
21.10378,72.64288,302.37,0.4,0.37,2026-01-03,2055,N20,VIIRS,n,2,290.64,2.84,N,2
21.10508,72.63516,329.61,0.4,0.37,2026-01-03,2055,N20,VIIRS,n,2,292.44,2.74,N,2
21.10649,72.64738,335.1,0.4,0.37,2026-01-03,2055,N20,VIIRS,n,2,297.54,2.84,N,2
21.10714,72.64352,328.51,0.4,0.37,2026-01-03,2055,N20,VIIRS,n,2,292.67,2.84,N,2
21.10844,72.6358,324.13,0.4,0.37,2026-01-03,2055,N20,VIIRS,n,2,294.36,2.74,N,2
21.11246,72.6326,308.6,0.4,0.37,2026-01-03,2055,N20,VIIRS,n,2,292.02,0.76,N,2
20.1328,79.01218,311.9,0.6,0.53,2026-01-03,2055,N20,VIIRS,n,2,289.41,2.0,N,0
21.43403,72.97628,299.19,0.41,0.37,2026-01-03,2055,N20,VIIRS,n,2,288.95,0.31,N,2
21.48631,72.79665,306.32,0.41,0.37,2026-01-03,2055,N20,VIIRS,n,2,289.02,0.52,N,0
21.7876,72.1384,314.59,0.39,0.36,2026-01-03,2055,N20,VIIRS,n,2,290.41,1.45,N,0
22.40219,69.01972,301.53,0.42,0.38,2026-01-03,2055,N20,VIIRS,n,2,289.72,0.86,N,2
22.41705,69.03875,322.42,0.42,0.37,2026-01-03,2055,N20,VIIRS,n,2,291.29,1.84,N,0
22.42048,69.03932,300.34,0.42,0.37,2026-01-03,2055,N20,VIIRS,n,2,289.51,0.37,N,0
22.33772,69.86539,305.03,0.4,0.37,2026-01-03,2055,N20,VIIRS,n,2,292.33,2.56,N,2
22.33944,69.85391,311.54,0.4,0.37,2026-01-03,2055,N20,VIIRS,n,2,296.03,2.6,N,2
22.43051,69.83375,304.02,0.4,0.37,2026-01-03,2055,N20,VIIRS,n,2,289.88,0.51,N,0
22.13061,72.76514,299.84,0.4,0.37,2026-01-03,2055,N20,VIIRS,n,2,288.27,0.47,N,2
20.12757,83.05971,295.24,0.55,0.68,2026-01-03,2055,N20,VIIRS,n,2,284.88,0.3,N,0
22.65688,70.98055,296.82,0.38,0.36,2026-01-03,2055,N20,VIIRS,n,2,284.35,0.29,N,0
22.29198,73.25329,307.39,0.41,0.37,2026-01-03,2055,N20,VIIRS,n,2,289.8,1.01,N,0
21.24144,79.2273,299.82,0.59,0.53,2026-01-03,2055,N20,VIIRS,n,2,288.01,1.5,N,2
22.93256,69.70235,308.41,0.4,0.37,2026-01-03,2055,N20,VIIRS,n,2,286.21,0.9,N,0
22.9264,69.82405,300.13,0.4,0.37,2026-01-03,2055,N20,VIIRS,n,2,288.17,0.9,N,2
21.24055,79.22846,301.07,0.59,0.53,2026-01-03,2055,N20,VIIRS,n,2,288.26,0.95,N,2
22.9656,69.83881,300.57,0.4,0.37,2026-01-03,2055,N20,VIIRS,n,2,283.48,0.33,N,0
22.92949,70.10513,328.54,0.39,0.37,2026-01-03,2055,N20,VIIRS,n,2,285.43,2.51,N,0
22.93283,70.10571,326.89,0.39,0.37,2026-01-03,2055,N20,VIIRS,n,2,289.25,2.51,N,0
21.30346,79.44746,297.47,0.61,0.53,2026-01-03,2055,N20,VIIRS,n,2,286.74,0.45,N,0
23.0549,69.99269,300.66,0.4,0.37,2026-01-03,2055,N20,VIIRS,n,2,285.72,0.73,N,0
22.26679,75.13087,300.05,0.49,0.4,2026-01-03,2055,N20,VIIRS,n,2,288.86,1.0,N,2
23.12259,70.08255,303.55,0.4,0.37,2026-01-03,2055,N20,VIIRS,n,2,284.2,0.53,N,0
23.24875,69.86998,297.24,0.4,0.37,2026-01-03,2055,N20,VIIRS,n,2,287.0,1.09,N,0
23.43079,68.71214,304.11,0.44,0.38,2026-01-03,2055,N20,VIIRS,n,2,288.65,1.18,N,2
19.02047,72.89295,308.37,0.43,0.38,2026-01-03,2056,N20,VIIRS,n,2,294.12,1.27,N,2
15.06943,76.86549,304.79,0.54,0.51,2026-01-03,2056,N20,VIIRS,n,2,290.15,1.36,N,2
15.07343,76.86381,302.02,0.54,0.51,2026-01-03,2056,N20,VIIRS,n,2,290.16,1.51,N,2
15.17199,76.37772,307.36,0.5,0.49,2026-01-03,2056,N20,VIIRS,n,2,291.55,2.04,N,2
14.87864,78.03606,304.95,0.33,0.55,2026-01-03,2056,N20,VIIRS,n,2,290.05,0.88,N,0
15.65938,73.98866,316.16,0.53,0.42,2026-01-03,2056,N20,VIIRS,n,2,291.69,2.04,N,2
15.17314,76.69096,300.92,0.53,0.5,2026-01-03,2056,N20,VIIRS,n,2,290.22,1.73,N,2
15.17948,76.65736,308.52,0.52,0.5,2026-01-03,2056,N20,VIIRS,n,2,292.25,2.96,N,2
15.18038,76.67759,303.11,0.53,0.5,2026-01-03,2056,N20,VIIRS,n,2,292.48,2.86,N,2
15.18129,76.67278,307.42,0.53,0.5,2026-01-03,2056,N20,VIIRS,n,2,291.61,1.85,N,2
15.1822,76.66796,304.8,0.53,0.5,2026-01-03,2056,N20,VIIRS,n,2,291.79,1.85,N,2
15.22554,76.76323,306.76,0.53,0.5,2026-01-03,2056,N20,VIIRS,n,2,290.48,1.35,N,0
14.93233,78.33984,307.01,0.34,0.56,2026-01-03,2056,N20,VIIRS,n,2,291.91,0.89,N,2
15.17486,77.10107,303.85,0.56,0.52,2026-01-03,2056,N20,VIIRS,n,2,289.24,1.51,N,0
15.60426,74.81154,313.79,0.39,0.44,2026-01-03,2056,N20,VIIRS,n,2,287.17,0.97,N,0
15.17953,77.10207,301.55,0.56,0.52,2026-01-03,2056,N20,VIIRS,n,2,289.06,1.62,N,2
15.33545,76.28427,309.47,0.49,0.49,2026-01-03,2056,N20,VIIRS,n,2,291.41,2.31,N,2
15.33716,76.27523,313.73,0.49,0.49,2026-01-03,2056,N20,VIIRS,n,2,290.81,1.67,N,2
15.02256,78.01479,305.63,0.32,0.55,2026-01-03,2056,N20,VIIRS,n,2,292.11,1.0,N,2
15.02312,78.01192,302.62,0.32,0.55,2026-01-03,2056,N20,VIIRS,n,2,290.69,0.65,N,2
15.78585,75.14927,308.43,0.41,0.45,2026-01-03,2056,N20,VIIRS,n,2,288.1,0.75,N,0
15.82814,75.1461,316.77,0.41,0.45,2026-01-03,2056,N20,VIIRS,n,2,289.1,1.44,N,0
16.08505,74.86088,303.69,0.39,0.44,2026-01-03,2056,N20,VIIRS,n,2,285.18,0.87,N,0
16.08714,74.8606,304.58,0.39,0.44,2026-01-03,2056,N20,VIIRS,n,2,287.78,0.43,N,0
15.94295,75.81164,300.37,0.45,0.47,2026-01-03,2056,N20,VIIRS,n,2,290.19,0.7,N,0
16.14105,75.5203,297.67,0.43,0.46,2026-01-03,2056,N20,VIIRS,n,2,286.55,0.6,N,0
16.28774,75.15728,301.35,0.4,0.44,2026-01-03,2056,N20,VIIRS,n,2,286.75,0.68,N,0
15.68642,78.45694,305.38,0.34,0.56,2026-01-03,2056,N20,VIIRS,n,2,291.07,0.8,N,0
16.24494,75.54877,301.11,0.43,0.46,2026-01-03,2056,N20,VIIRS,n,2,289.53,0.5,N,0
16.65239,74.31413,301.14,0.53,0.42,2026-01-03,2056,N20,VIIRS,n,2,287.96,0.89,N,0
16.45474,75.98895,298.18,0.45,0.47,2026-01-03,2056,N20,VIIRS,n,2,288.03,0.5,N,0
17.10749,75.9997,298.38,0.44,0.46,2026-01-03,2056,N20,VIIRS,n,2,288.03,0.4,N,0
17.11168,76.00055,301.89,0.44,0.46,2026-01-03,2056,N20,VIIRS,n,2,287.77,0.4,N,0
18.04657,73.12308,318.77,0.45,0.39,2026-01-03,2056,N20,VIIRS,n,2,291.71,1.66,N,0
18.10175,73.07759,312.64,0.44,0.39,2026-01-03,2056,N20,VIIRS,n,2,291.23,1.95,N,0
18.68301,73.03755,302.01,0.44,0.38,2026-01-03,2056,N20,VIIRS,n,2,290.99,1.62,N,2
18.68231,73.04165,326.55,0.44,0.38,2026-01-03,2056,N20,VIIRS,n,2,290.01,1.62,N,2
18.6858,73.04231,309.44,0.44,0.38,2026-01-03,2056,N20,VIIRS,n,2,292.29,1.12,N,2
18.6865,73.03821,299.75,0.44,0.38,2026-01-03,2056,N20,VIIRS,n,2,288.95,1.12,N,2
19.10572,73.05369,301.79,0.43,0.38,2026-01-03,2056,N20,VIIRS,n,2,290.25,0.33,N,2
19.10226,73.053,308.23,0.43,0.38,2026-01-03,2056,N20,VIIRS,n,2,290.8,0.55,N,2
19.3745,71.36047,324.09,0.39,0.36,2026-01-03,2056,N20,VIIRS,n,2,295.71,1.61,N,3
18.69348,73.03953,331.24,0.44,0.38,2026-01-03,2056,N20,VIIRS,n,2,293.77,4.7,N,2
12.74502,77.61613,297.94,0.34,0.56,2026-01-03,2057,N20,VIIRS,n,2,287.08,0.78,N,0
13.16077,80.28398,304.59,0.5,0.66,2026-01-03,2057,N20,VIIRS,n,2,291.7,1.81,N,2
13.38168,80.11057,301.68,0.48,0.65,2026-01-03,2057,N20,VIIRS,n,2,291.44,0.37,N,0
11.18632,79.09908,308.84,0.45,0.63,2026-01-03,2057,N20,VIIRS,n,2,290.7,0.77,N,2
11.81167,77.92052,306.15,0.37,0.58,2026-01-03,2057,N20,VIIRS,n,2,291.29,1.29,N,2
11.8111,77.92155,309.72,0.37,0.58,2026-01-03,2057,N20,VIIRS,n,2,291.58,1.28,N,2
12.7462,77.61797,306.87,0.34,0.56,2026-01-03,2057,N20,VIIRS,n,2,287.63,0.73,N,0
16.41726,96.27695,346.17,0.47,0.48,2026-01-04,0624,N20,VIIRS,n,2,302.87,10.43,D,0
16.41929,96.27821,342.33,0.47,0.48,2026-01-04,0624,N20,VIIRS,n,2,301.75,6.61,D,0
16.52509,96.36794,338.87,0.46,0.47,2026-01-04,0624,N20,VIIRS,n,2,296.93,3.57,D,0
16.83941,96.05044,333.08,0.48,0.48,2026-01-04,0624,N20,VIIRS,n,2,300.34,3.7,D,0
19.56941,95.27379,335.29,0.48,0.48,2026-01-04,0625,N20,VIIRS,n,2,301.84,3.62,D,0
19.62226,95.1468,330.49,0.48,0.48,2026-01-04,0625,N20,VIIRS,l,2,304.49,4.37,D,0
19.68156,95.42991,329.56,0.46,0.47,2026-01-04,0625,N20,VIIRS,l,2,304.3,2.82,D,0
19.71148,95.28165,331.77,0.47,0.48,2026-01-04,0625,N20,VIIRS,n,2,304.04,1.87,D,0
20.14469,96.16358,340.59,0.41,0.45,2026-01-04,0625,N20,VIIRS,n,2,303.79,3.15,D,0
20.05385,95.33652,334.68,0.46,0.47,2026-01-04,0625,N20,VIIRS,n,2,308.22,3.3,D,0
20.05732,95.33128,332.31,0.46,0.47,2026-01-04,0625,N20,VIIRS,l,2,306.11,2.25,D,0
20.18239,95.9325,339.22,0.42,0.45,2026-01-04,0625,N20,VIIRS,n,2,300.66,6.56,D,0
20.18098,95.93626,338.78,0.42,0.45,2026-01-04,0625,N20,VIIRS,n,2,299.2,6.32,D,0
18.30712,95.24156,333.48,0.5,0.49,2026-01-04,0625,N20,VIIRS,n,2,303.78,4.82,D,0
18.3863,96.59902,332.19,0.41,0.45,2026-01-04,0625,N20,VIIRS,n,2,301.06,3.34,D,0
18.07349,95.17119,329.31,0.51,0.5,2026-01-04,0625,N20,VIIRS,l,2,300.71,4.0,D,0
18.08947,95.28095,343.35,0.51,0.49,2026-01-04,0625,N20,VIIRS,n,2,299.87,6.61,D,0
18.05103,95.1759,327.43,0.51,0.5,2026-01-04,0625,N20,VIIRS,l,2,301.41,1.91,D,0
18.04574,95.22169,340.62,0.51,0.49,2026-01-04,0625,N20,VIIRS,n,2,301.02,6.81,D,0
17.83979,94.48908,332.36,0.58,0.52,2026-01-04,0625,N20,VIIRS,n,2,298.69,5.8,D,0
17.70681,95.01155,328.13,0.54,0.5,2026-01-04,0625,N20,VIIRS,n,2,296.64,3.68,D,0
17.70733,95.01352,328.56,0.54,0.5,2026-01-04,0625,N20,VIIRS,n,2,297.44,3.56,D,0
17.43944,96.64902,345.4,0.43,0.46,2026-01-04,0625,N20,VIIRS,n,2,305.56,6.07,D,0
17.15886,96.35518,334.75,0.45,0.47,2026-01-04,0625,N20,VIIRS,n,2,300.77,3.53,D,0
17.15963,96.35934,336.19,0.45,0.47,2026-01-04,0625,N20,VIIRS,n,2,300.15,3.53,D,0
16.78214,94.65042,330.19,0.59,0.53,2026-01-04,0625,N20,VIIRS,n,2,295.46,3.22,D,0
16.82956,94.9271,341.9,0.56,0.52,2026-01-04,0625,N20,VIIRS,n,2,301.59,8.05,D,0
16.81895,94.99904,333.36,0.56,0.51,2026-01-04,0625,N20,VIIRS,n,2,298.44,3.63,D,0
16.97943,95.92733,339.85,0.48,0.48,2026-01-04,0625,N20,VIIRS,n,2,299.74,6.61,D,0
20.31781,95.57935,347.79,0.44,0.46,2026-01-04,0625,N20,VIIRS,n,2,303.34,6.27,D,0
16.80913,95.04888,336.09,0.55,0.51,2026-01-04,0625,N20,VIIRS,n,2,299.38,4.57,D,0
20.38393,95.91132,330.39,0.42,0.45,2026-01-04,0625,N20,VIIRS,l,2,303.59,1.91,D,0
20.32355,95.51646,348.07,0.45,0.47,2026-01-04,0625,N20,VIIRS,n,2,308.42,11.33,D,0
20.57148,96.82676,331.06,0.55,0.43,2026-01-04,0625,N20,VIIRS,n,2,299.08,5.39,D,0
20.34921,95.65141,336.9,0.44,0.46,2026-01-04,0625,N20,VIIRS,n,2,302.15,2.91,D,0
20.32328,95.51744,340.99,0.45,0.47,2026-01-04,0625,N20,VIIRS,n,2,307.89,5.16,D,0
20.32246,95.51321,332.19,0.45,0.47,2026-01-04,0625,N20,VIIRS,l,2,304.76,5.16,D,0
20.5754,96.82622,331.2,0.55,0.43,2026-01-04,0625,N20,VIIRS,n,2,296.0,5.39,D,0
20.35339,95.65051,332.01,0.44,0.46,2026-01-04,0625,N20,VIIRS,n,2,301.73,2.91,D,0
20.21185,94.66802,334.93,0.51,0.49,2026-01-04,0625,N20,VIIRS,n,2,299.99,4.32,D,0
20.26064,94.60807,349.7,0.51,0.49,2026-01-04,0625,N20,VIIRS,n,2,303.41,11.69,D,0
20.25794,94.60648,342.79,0.51,0.49,2026-01-04,0625,N20,VIIRS,n,2,300.98,11.25,D,0
20.26334,94.61021,334.93,0.51,0.49,2026-01-04,0625,N20,VIIRS,n,2,301.68,4.51,D,0
18.55026,95.15465,329.57,0.51,0.49,2026-01-04,0625,N20,VIIRS,l,2,303.43,3.07,D,0
18.56914,95.20461,330.26,0.5,0.49,2026-01-04,0625,N20,VIIRS,n,2,299.15,3.49,D,0
18.57357,95.20365,330.82,0.5,0.49,2026-01-04,0625,N20,VIIRS,n,2,298.54,3.49,D,0
18.68777,95.44328,328.79,0.48,0.48,2026-01-04,0625,N20,VIIRS,l,2,300.35,2.38,D,0
18.72608,95.47759,334.43,0.48,0.48,2026-01-04,0625,N20,VIIRS,n,2,296.48,1.77,D,0
18.68335,95.15828,345.59,0.5,0.49,2026-01-04,0625,N20,VIIRS,n,2,305.23,8.14,D,0
18.77805,95.39314,332.91,0.48,0.48,2026-01-04,0625,N20,VIIRS,l,2,303.22,3.56,D,0
18.79813,95.40298,331.18,0.48,0.48,2026-01-04,0625,N20,VIIRS,l,2,303.74,1.53,D,0
18.95293,95.45149,341.0,0.48,0.48,2026-01-04,0625,N20,VIIRS,n,2,303.3,4.83,D,0
18.95208,95.44704,340.16,0.48,0.48,2026-01-04,0625,N20,VIIRS,n,2,304.99,4.83,D,0
19.18469,96.35524,347.35,0.41,0.45,2026-01-04,0625,N20,VIIRS,n,2,300.1,9.8,D,0
19.18877,96.35441,344.76,0.41,0.45,2026-01-04,0625,N20,VIIRS,n,2,299.87,6.18,D,0
19.00353,95.3121,332.56,0.48,0.48,2026-01-04,0625,N20,VIIRS,l,2,303.66,4.21,D,0
19.01056,95.30133,332.59,0.49,0.48,2026-01-04,0625,N20,VIIRS,n,2,301.55,2.61,D,0
19.02096,95.33176,335.91,0.48,0.48,2026-01-04,0625,N20,VIIRS,n,2,304.38,3.6,D,0
19.22938,96.32194,329.49,0.42,0.45,2026-01-04,0625,N20,VIIRS,n,2,300.17,3.35,D,0
19.44271,96.08678,335.79,0.43,0.46,2026-01-04,0625,N20,VIIRS,n,2,296.03,3.25,D,0
19.5051,95.27262,334.11,0.48,0.48,2026-01-04,0625,N20,VIIRS,n,2,302.73,3.65,D,0
19.50608,95.27338,333.43,0.48,0.48,2026-01-04,0625,N20,VIIRS,n,2,302.52,3.52,D,0
19.52433,95.25101,334.8,0.48,0.48,2026-01-04,0625,N20,VIIRS,n,2,302.63,2.87,D,0
19.69989,96.14479,340.54,0.42,0.45,2026-01-04,0625,N20,VIIRS,n,2,299.23,3.3,D,0
21.05536,95.46076,343.33,0.44,0.46,2026-01-04,0626,N20,VIIRS,n,2,305.34,5.37,D,0
20.42581,94.76234,340.73,0.49,0.49,2026-01-04,0626,N20,VIIRS,n,2,301.31,4.12,D,0
20.12558,93.19901,328.34,0.63,0.54,2026-01-04,0626,N20,VIIRS,n,2,297.24,4.82,D,0
20.43568,94.64802,340.41,0.5,0.49,2026-01-04,0626,N20,VIIRS,n,2,302.65,4.54,D,0
20.60966,95.52917,340.6,0.44,0.46,2026-01-04,0626,N20,VIIRS,n,2,305.08,75.29,D,0
20.60803,95.52057,340.38,0.44,0.46,2026-01-04,0626,N20,VIIRS,n,2,306.8,5.68,D,0
20.4572,94.68732,329.07,0.5,0.49,2026-01-04,0626,N20,VIIRS,n,2,301.4,2.76,D,0
20.88539,96.93405,333.29,0.54,0.42,2026-01-04,0626,N20,VIIRS,n,2,295.4,4.9,D,0
20.90144,96.95723,327.54,0.54,0.42,2026-01-04,0626,N20,VIIRS,l,2,298.81,1.96,D,0
20.68295,95.75856,349.6,0.42,0.46,2026-01-04,0626,N20,VIIRS,n,2,307.72,7.77,D,0
20.87916,96.76594,329.44,0.55,0.43,2026-01-04,0626,N20,VIIRS,n,2,300.58,3.1,D,0
20.64603,95.49083,340.35,0.44,0.46,2026-01-04,0626,N20,VIIRS,n,2,303.7,3.79,D,0
20.64635,95.49102,338.83,0.44,0.46,2026-01-04,0626,N20,VIIRS,n,2,303.27,3.38,D,0
20.49437,94.60224,352.48,0.5,0.49,2026-01-04,0626,N20,VIIRS,n,2,306.82,26.47,D,0
20.72403,95.73753,335.83,0.43,0.46,2026-01-04,0626,N20,VIIRS,n,2,305.4,2.79,D,0
20.52326,94.6547,330.05,0.5,0.49,2026-01-04,0626,N20,VIIRS,l,2,302.48,7.73,D,0
20.66502,95.33776,340.19,0.45,0.47,2026-01-04,0626,N20,VIIRS,n,2,301.5,3.96,D,0
20.71344,95.54564,347.68,0.44,0.46,2026-01-04,0626,N20,VIIRS,n,2,303.75,5.29,D,0
20.69057,95.30993,332.36,0.45,0.47,2026-01-04,0626,N20,VIIRS,l,2,305.21,5.39,D,0
20.74078,94.97799,340.8,0.47,0.48,2026-01-04,0626,N20,VIIRS,n,2,305.62,3.43,D,0
20.36313,93.06712,327.68,0.32,0.54,2026-01-04,0626,N20,VIIRS,l,2,300.06,1.32,D,0
20.36925,93.07195,344.18,0.32,0.54,2026-01-04,0626,N20,VIIRS,n,2,300.51,10.53,D,0
20.37906,93.06968,330.14,0.32,0.54,2026-01-04,0626,N20,VIIRS,l,2,301.82,5.57,D,0
20.3652,93.07043,335.84,0.64,0.54,2026-01-04,0626,N20,VIIRS,n,2,300.25,4.85,D,0
20.37136,93.07526,332.0,0.64,0.54,2026-01-04,0626,N20,VIIRS,n,2,299.33,4.85,D,0
20.96975,95.94722,337.12,0.41,0.45,2026-01-04,0626,N20,VIIRS,n,2,304.16,3.4,D,0
20.81334,95.06609,331.81,0.47,0.47,2026-01-04,0626,N20,VIIRS,l,2,306.62,4.35,D,0
20.41579,93.04163,340.73,0.32,0.54,2026-01-04,0626,N20,VIIRS,n,2,299.51,2.88,D,0
20.4207,93.04048,367.0,0.32,0.54,2026-01-04,0626,N20,VIIRS,h,2,303.69,7.17,D,0
20.83742,95.05183,330.81,0.47,0.47,2026-01-04,0626,N20,VIIRS,l,2,305.34,2.05,D,0
20.97337,95.51279,331.83,0.43,0.46,2026-01-04,0626,N20,VIIRS,n,2,304.58,3.1,D,0
20.97262,95.50877,332.9,0.43,0.46,2026-01-04,0626,N20,VIIRS,n,2,306.25,3.1,D,0
20.97354,95.50918,338.87,0.43,0.46,2026-01-04,0626,N20,VIIRS,n,2,304.85,6.6,D,0
21.25747,96.94752,325.55,0.53,0.42,2026-01-04,0626,N20,VIIRS,n,2,296.46,2.62,D,0
21.06932,95.82959,345.37,0.41,0.45,2026-01-04,0626,N20,VIIRS,n,2,304.74,8.2,D,0
21.06858,95.82569,342.48,0.41,0.45,2026-01-04,0626,N20,VIIRS,n,2,305.18,5.73,D,0
21.13597,96.02724,335.9,0.4,0.44,2026-01-04,0626,N20,VIIRS,n,2,306.73,2.59,D,0
21.08603,95.62411,332.5,0.43,0.46,2026-01-04,0626,N20,VIIRS,n,2,302.82,2.37,D,0
21.08861,95.49321,341.34,0.43,0.46,2026-01-04,0626,N20,VIIRS,n,2,305.3,3.74,D,0
21.21643,95.78222,340.42,0.41,0.45,2026-01-04,0626,N20,VIIRS,n,2,306.84,3.89,D,0
21.23085,95.79139,345.22,0.41,0.45,2026-01-04,0626,N20,VIIRS,n,2,307.63,11.27,D,0
21.24115,95.80127,335.58,0.41,0.45,2026-01-04,0626,N20,VIIRS,n,2,306.25,2.56,D,0
21.36775,96.00893,337.06,0.4,0.44,2026-01-04,0626,N20,VIIRS,n,2,307.29,3.08,D,0
21.37768,95.995,332.34,0.4,0.44,2026-01-04,0626,N20,VIIRS,l,2,305.94,4.13,D,0
21.55387,96.29243,330.47,0.57,0.43,2026-01-04,0626,N20,VIIRS,n,2,299.54,4.8,D,0
21.55776,96.29134,339.71,0.57,0.43,2026-01-04,0626,N20,VIIRS,n,2,298.93,4.8,D,0
21.55618,96.28889,348.46,0.57,0.43,2026-01-04,0626,N20,VIIRS,n,2,302.4,10.47,D,0
21.55323,95.96589,330.97,0.4,0.44,2026-01-04,0626,N20,VIIRS,n,2,304.8,1.61,D,0
21.82895,96.16228,333.46,0.38,0.44,2026-01-04,0626,N20,VIIRS,n,2,303.44,1.85,D,0
21.92457,96.41625,332.39,0.56,0.43,2026-01-04,0626,N20,VIIRS,n,2,294.19,5.65,D,0
22.00271,96.00936,347.08,0.39,0.44,2026-01-04,0626,N20,VIIRS,n,2,302.17,7.33,D,0
22.1524,96.73699,333.58,0.53,0.42,2026-01-04,0626,N20,VIIRS,n,2,299.77,5.81,D,0
22.15562,96.60151,332.55,0.54,0.42,2026-01-04,0626,N20,VIIRS,n,2,301.0,6.65,D,0
22.15361,96.5999,331.01,0.54,0.42,2026-01-04,0626,N20,VIIRS,n,2,297.62,4.19,D,0
22.06027,95.02213,338.94,0.44,0.46,2026-01-04,0626,N20,VIIRS,n,2,300.39,3.38,D,0
22.29933,95.66303,337.53,0.4,0.44,2026-01-04,0626,N20,VIIRS,n,2,302.34,4.56,D,0
22.42992,95.61839,334.88,0.4,0.44,2026-01-04,0626,N20,VIIRS,n,2,302.86,2.41,D,0
22.46616,95.61048,329.72,0.4,0.44,2026-01-04,0626,N20,VIIRS,n,2,301.02,1.28,D,0
22.49184,95.56864,339.58,0.41,0.45,2026-01-04,0626,N20,VIIRS,n,2,301.8,3.34,D,0
22.53065,95.73165,339.69,0.4,0.44,2026-01-04,0626,N20,VIIRS,n,2,302.92,2.25,D,0
22.5285,95.65281,340.45,0.4,0.44,2026-01-04,0626,N20,VIIRS,n,2,303.22,4.28,D,0
22.51274,95.5681,337.23,0.41,0.45,2026-01-04,0626,N20,VIIRS,n,2,302.39,3.22,D,0
22.52912,95.65278,343.36,0.4,0.44,2026-01-04,0626,N20,VIIRS,n,2,303.59,3.69,D,0
22.51281,95.56829,337.51,0.4,0.45,2026-01-04,0626,N20,VIIRS,n,2,302.72,2.95,D,0
23.70878,94.14359,354.21,0.47,0.48,2026-01-04,0626,N20,VIIRS,n,2,295.19,13.19,D,0
23.13914,93.98832,332.73,0.49,0.49,2026-01-04,0626,N20,VIIRS,n,2,297.43,3.8,D,0
23.44029,95.66472,333.78,0.39,0.44,2026-01-04,0626,N20,VIIRS,n,2,298.01,4.32,D,0
23.441,95.66842,338.82,0.39,0.44,2026-01-04,0626,N20,VIIRS,n,2,297.63,4.32,D,0
23.36766,95.5529,339.31,0.39,0.44,2026-01-04,0626,N20,VIIRS,n,2,297.87,3.38,D,0
23.36837,95.55668,331.09,0.39,0.44,2026-01-04,0626,N20,VIIRS,n,2,297.21,7.0,D,0
22.47307,91.73758,330.38,0.35,0.57,2026-01-04,0626,N20,VIIRS,n,2,294.97,1.86,D,0
22.96023,95.3775,329.73,0.41,0.45,2026-01-04,0626,N20,VIIRS,n,2,298.11,5.28,D,0
22.96098,95.3814,342.78,0.41,0.45,2026-01-04,0626,N20,VIIRS,n,2,300.18,9.55,D,0
22.91648,95.32593,333.26,0.41,0.45,2026-01-04,0626,N20,VIIRS,n,2,300.12,2.82,D,0
22.8161,95.37234,328.77,0.41,0.45,2026-01-04,0626,N20,VIIRS,l,2,302.28,3.07,D,0
22.80875,95.37805,332.77,0.41,0.45,2026-01-04,0626,N20,VIIRS,n,2,301.53,3.03,D,0
22.80918,95.37812,329.53,0.41,0.45,2026-01-04,0626,N20,VIIRS,n,2,301.68,3.54,D,0
22.80992,95.38206,328.75,0.41,0.45,2026-01-04,0626,N20,VIIRS,n,2,302.82,3.77,D,0
22.11272,92.02412,334.24,0.34,0.56,2026-01-04,0626,N20,VIIRS,n,2,295.6,1.75,D,0
22.64581,95.36042,349.1,0.41,0.45,2026-01-04,0626,N20,VIIRS,n,2,301.75,5.51,D,0
22.63311,95.33844,346.03,0.42,0.45,2026-01-04,0626,N20,VIIRS,n,2,301.57,4.73,D,0
22.62495,95.34023,341.61,0.42,0.45,2026-01-04,0626,N20,VIIRS,n,2,302.71,4.36,D,0
22.57311,95.22668,330.98,0.42,0.45,2026-01-04,0626,N20,VIIRS,n,2,300.71,1.57,D,0
22.55646,95.35455,334.29,0.42,0.45,2026-01-04,0626,N20,VIIRS,n,2,301.06,5.29,D,0
27.04478,94.55259,341.01,0.39,0.44,2026-01-04,0627,N20,VIIRS,n,2,293.85,5.04,D,0
25.50161,96.6461,339.74,0.48,0.4,2026-01-04,0627,N20,VIIRS,n,2,297.84,4.53,D,0
23.09851,87.77574,331.46,0.6,0.71,2026-01-04,0627,N20,VIIRS,n,2,290.79,3.93,D,0
23.04665,87.79106,332.1,0.6,0.71,2026-01-04,0627,N20,VIIRS,n,2,290.59,4.21,D,0
24.46281,94.67715,327.68,0.42,0.45,2026-01-04,0627,N20,VIIRS,n,2,294.83,1.89,D,0
24.4491,94.86464,339.41,0.41,0.45,2026-01-04,0627,N20,VIIRS,n,2,295.66,5.34,D,0
24.00259,94.23727,325.48,0.46,0.47,2026-01-04,0627,N20,VIIRS,n,2,295.21,2.95,D,0
27.16344,94.17263,335.36,0.4,0.44,2026-01-04,0627,N20,VIIRS,n,2,295.68,2.67,D,0
27.16422,94.17661,327.05,0.4,0.44,2026-01-04,0627,N20,VIIRS,n,2,295.8,3.6,D,0
27.13077,94.13458,338.03,0.41,0.45,2026-01-04,0627,N20,VIIRS,n,2,296.0,4.16,D,0
26.95691,94.0239,327.62,0.41,0.45,2026-01-04,0627,N20,VIIRS,n,2,294.59,2.98,D,0
26.95773,94.02798,328.42,0.41,0.45,2026-01-04,0627,N20,VIIRS,n,2,293.96,2.98,D,0
26.93988,94.0452,330.71,0.41,0.45,2026-01-04,0627,N20,VIIRS,n,2,297.46,11.88,D,0
26.94069,94.04927,349.95,0.41,0.45,2026-01-04,0627,N20,VIIRS,n,2,296.65,11.88,D,0
26.95128,94.14439,326.06,0.41,0.45,2026-01-04,0627,N20,VIIRS,n,2,292.97,2.45,D,0
26.83538,93.92275,326.02,0.42,0.45,2026-01-04,0627,N20,VIIRS,n,2,293.85,0.99,D,0
27.14705,96.06444,327.36,0.48,0.4,2026-01-04,0627,N20,VIIRS,n,2,285.45,7.6,D,0
25.26344,92.32483,326.04,0.57,0.52,2026-01-04,0627,N20,VIIRS,n,2,293.75,4.18,D,0
23.67736,87.4951,325.13,0.61,0.71,2026-01-04,0627,N20,VIIRS,n,2,291.75,2.71,D,0
27.95199,95.90281,325.52,0.48,0.4,2026-01-04,0627,N20,VIIRS,n,2,298.32,3.65,D,0
27.96871,95.99361,331.85,0.48,0.4,2026-01-04,0627,N20,VIIRS,n,2,297.29,3.54,D,0
27.73494,94.86932,338.31,0.54,0.42,2026-01-04,0627,N20,VIIRS,n,2,296.73,5.53,D,0
27.7064,95.05469,328.05,0.53,0.42,2026-01-04,0627,N20,VIIRS,n,2,294.59,3.57,D,0
27.70362,95.06088,335.53,0.53,0.42,2026-01-04,0627,N20,VIIRS,n,2,296.52,3.54,D,0
27.70463,95.06616,327.82,0.53,0.42,2026-01-04,0627,N20,VIIRS,n,2,294.74,3.54,D,0
27.65146,94.93414,327.71,0.54,0.42,2026-01-04,0627,N20,VIIRS,n,2,298.09,3.81,D,0
27.65592,94.97786,330.72,0.54,0.42,2026-01-04,0627,N20,VIIRS,n,2,295.89,6.48,D,0
27.65212,94.97877,332.0,0.54,0.42,2026-01-04,0627,N20,VIIRS,n,2,297.95,6.48,D,0
27.65394,94.9358,326.97,0.54,0.42,2026-01-04,0627,N20,VIIRS,l,2,297.14,2.04,D,0
27.65334,94.97519,336.54,0.54,0.42,2026-01-04,0627,N20,VIIRS,n,2,299.35,9.79,D,0
27.61733,94.91085,327.9,0.54,0.42,2026-01-04,0627,N20,VIIRS,n,2,297.64,2.78,D,0
27.83942,96.21987,326.47,0.47,0.39,2026-01-04,0627,N20,VIIRS,n,2,292.14,2.65,D,0
27.34213,94.7648,334.88,0.56,0.43,2026-01-04,0627,N20,VIIRS,n,2,296.52,4.1,D,0
27.34319,94.77032,330.52,0.56,0.43,2026-01-04,0627,N20,VIIRS,n,2,294.81,4.1,D,0
27.24971,94.30956,340.44,0.39,0.44,2026-01-04,0627,N20,VIIRS,n,2,297.76,3.43,D,0
28.84304,95.87956,331.83,0.47,0.4,2026-01-04,0628,N20,VIIRS,n,2,302.27,8.52,D,0
28.84407,95.88518,328.65,0.47,0.4,2026-01-04,0628,N20,VIIRS,n,2,286.4,6.42,D,0
28.18792,95.78891,326.48,0.48,0.4,2026-01-04,0628,N20,VIIRS,n,2,296.19,3.82,D,0
8.95133,78.12422,336.23,0.39,0.36,2026-01-04,0803,N20,VIIRS,n,2,303.12,6.6,D,0
9.06861,78.35725,336.75,0.39,0.36,2026-01-04,0803,N20,VIIRS,n,2,301.27,0.89,D,0
8.9137,77.79855,333.15,0.4,0.37,2026-01-04,0803,N20,VIIRS,l,2,305.56,3.21,D,0
11.9479,76.59879,334.1,0.41,0.37,2026-01-04,0804,N20,VIIRS,l,2,306.08,2.77,D,0
9.3964,78.85791,334.31,0.38,0.36,2026-01-04,0804,N20,VIIRS,n,2,301.28,3.39,D,0
9.4075,77.82485,330.69,0.39,0.37,2026-01-04,0804,N20,VIIRS,n,2,302.12,2.87,D,0
9.40695,77.82129,331.11,0.39,0.37,2026-01-04,0804,N20,VIIRS,n,2,303.01,2.63,D,0
9.51314,77.78247,336.44,0.39,0.37,2026-01-04,0804,N20,VIIRS,n,2,302.1,2.58,D,0
9.60766,78.15167,337.93,0.39,0.36,2026-01-04,0804,N20,VIIRS,n,2,301.72,2.73,D,0
9.88257,78.32592,339.26,0.39,0.36,2026-01-04,0804,N20,VIIRS,n,2,304.55,3.13,D,0
9.88588,78.32541,336.37,0.39,0.36,2026-01-04,0804,N20,VIIRS,n,2,302.82,3.13,D,0
9.70415,76.92014,333.98,0.41,0.37,2026-01-04,0804,N20,VIIRS,n,2,306.1,3.73,D,0
9.64193,76.4378,335.1,0.43,0.38,2026-01-04,0804,N20,VIIRS,n,2,307.22,4.67,D,0
9.72711,76.95499,330.83,0.41,0.37,2026-01-04,0804,N20,VIIRS,n,2,301.81,2.32,D,0
9.662,76.47447,346.16,0.43,0.38,2026-01-04,0804,N20,VIIRS,n,2,306.55,7.62,D,0
9.66547,76.47391,346.07,0.43,0.38,2026-01-04,0804,N20,VIIRS,n,2,305.26,7.62,D,0
9.77219,76.99274,334.24,0.41,0.37,2026-01-04,0804,N20,VIIRS,n,2,297.88,5.66,D,0
9.79377,76.99698,334.06,0.41,0.37,2026-01-04,0804,N20,VIIRS,n,2,299.59,2.89,D,0
9.83472,76.72639,334.82,0.42,0.38,2026-01-04,0804,N20,VIIRS,n,2,303.37,3.42,D,0
10.93629,78.39844,333.82,0.38,0.36,2026-01-04,0804,N20,VIIRS,n,2,301.1,3.39,D,0
11.13242,78.48049,335.28,0.38,0.36,2026-01-04,0804,N20,VIIRS,n,2,307.62,2.6,D,0
11.2733,79.39154,341.36,0.39,0.36,2026-01-04,0804,N20,VIIRS,n,2,302.36,3.18,D,0
11.27241,78.86547,330.53,0.38,0.36,2026-01-04,0804,N20,VIIRS,n,2,302.3,2.55,D,0
10.88236,76.03288,334.54,0.44,0.38,2026-01-04,0804,N20,VIIRS,n,2,304.75,2.39,D,0
11.13215,77.22794,335.42,0.4,0.37,2026-01-04,0804,N20,VIIRS,n,2,307.27,3.4,D,0
11.51599,78.81593,335.14,0.38,0.36,2026-01-04,0804,N20,VIIRS,n,2,302.79,3.33,D,0
11.42631,78.02802,335.67,0.39,0.36,2026-01-04,0804,N20,VIIRS,n,2,306.84,4.43,D,0
11.57049,78.79223,338.37,0.38,0.36,2026-01-04,0804,N20,VIIRS,n,2,303.21,3.4,D,0
11.59595,78.55911,334.42,0.38,0.36,2026-01-04,0804,N20,VIIRS,n,2,302.5,3.48,D,0
11.76979,76.73888,342.15,0.41,0.37,2026-01-04,0804,N20,VIIRS,n,2,310.18,3.7,D,0
11.86474,76.69568,331.76,0.41,0.37,2026-01-04,0804,N20,VIIRS,n,2,304.67,1.93,D,0
11.84536,76.55082,343.52,0.41,0.37,2026-01-04,0804,N20,VIIRS,n,2,302.28,3.67,D,0
12.35061,79.65915,335.8,0.4,0.37,2026-01-04,0804,N20,VIIRS,n,2,300.57,8.04,D,0
12.15133,78.14594,333.42,0.38,0.36,2026-01-04,0804,N20,VIIRS,n,2,303.51,1.84,D,0
11.94908,76.60624,330.32,0.41,0.37,2026-01-04,0804,N20,VIIRS,n,2,304.88,2.13,D,0
11.94849,76.60252,337.62,0.41,0.37,2026-01-04,0804,N20,VIIRS,n,2,306.91,2.77,D,0
11.94672,76.59133,339.54,0.41,0.37,2026-01-04,0804,N20,VIIRS,n,2,304.26,4.1,D,0
11.95247,76.60572,339.91,0.41,0.37,2026-01-04,0804,N20,VIIRS,n,2,308.07,3.95,D,0
11.95011,76.59077,349.12,0.41,0.37,2026-01-04,0804,N20,VIIRS,n,2,306.76,4.04,D,0
11.95349,76.5902,333.01,0.41,0.37,2026-01-04,0804,N20,VIIRS,l,2,305.71,4.04,D,0
11.95746,76.59337,330.16,0.41,0.37,2026-01-04,0804,N20,VIIRS,n,2,304.03,4.72,D,0
11.95687,76.58963,350.67,0.41,0.37,2026-01-04,0804,N20,VIIRS,n,2,306.71,4.72,D,0
11.9551,76.57841,345.51,0.41,0.37,2026-01-04,0804,N20,VIIRS,n,2,309.2,14.66,D,0
11.96026,76.58906,349.15,0.41,0.37,2026-01-04,0804,N20,VIIRS,n,2,307.75,4.72,D,0
11.95967,76.58533,334.77,0.41,0.37,2026-01-04,0804,N20,VIIRS,l,2,306.21,5.16,D,0
11.96364,76.58849,334.53,0.41,0.37,2026-01-04,0804,N20,VIIRS,l,2,306.79,2.2,D,0
12.18194,76.92161,331.34,0.4,0.37,2026-01-04,0804,N20,VIIRS,n,2,303.64,1.59,D,0
12.14237,76.56268,334.74,0.41,0.37,2026-01-04,0804,N20,VIIRS,n,2,304.49,2.2,D,0
12.3429,77.53806,338.96,0.39,0.36,2026-01-04,0804,N20,VIIRS,n,2,302.1,5.98,D,0
12.34675,77.54109,347.87,0.39,0.36,2026-01-04,0804,N20,VIIRS,n,2,305.33,10.12,D,0
12.34621,77.53754,348.17,0.39,0.36,2026-01-04,0804,N20,VIIRS,n,2,309.22,5.98,D,0
12.34566,77.534,346.1,0.39,0.36,2026-01-04,0804,N20,VIIRS,n,2,304.77,5.98,D,0
12.33646,77.14781,330.18,0.39,0.36,2026-01-04,0804,N20,VIIRS,l,2,304.64,1.7,D,0
12.33591,77.14423,338.32,0.39,0.36,2026-01-04,0804,N20,VIIRS,n,2,305.32,4.82,D,0
12.33534,77.14065,347.73,0.39,0.37,2026-01-04,0804,N20,VIIRS,n,2,306.54,4.82,D,0
12.66024,78.50106,344.42,0.38,0.36,2026-01-04,0804,N20,VIIRS,n,2,304.37,4.19,D,0
12.66354,78.50054,333.51,0.38,0.36,2026-01-04,0804,N20,VIIRS,n,2,302.89,4.19,D,0
12.58306,77.39947,331.01,0.39,0.36,2026-01-04,0804,N20,VIIRS,l,2,303.22,2.55,D,0
12.64303,77.58953,350.68,0.39,0.36,2026-01-04,0804,N20,VIIRS,n,2,306.21,7.86,D,0
12.67025,77.74421,345.87,0.39,0.36,2026-01-04,0804,N20,VIIRS,n,2,303.13,5.49,D,0
12.50306,76.35736,334.3,0.41,0.37,2026-01-04,0804,N20,VIIRS,n,2,302.37,2.18,D,0
12.70464,77.50329,332.03,0.39,0.36,2026-01-04,0804,N20,VIIRS,l,2,303.99,2.06,D,0
12.64515,77.10017,344.68,0.39,0.36,2026-01-04,0804,N20,VIIRS,n,2,306.75,6.98,D,0
12.76252,77.79045,333.19,0.39,0.36,2026-01-04,0804,N20,VIIRS,n,2,303.78,1.52,D,0
12.76582,77.78992,330.1,0.39,0.36,2026-01-04,0804,N20,VIIRS,l,2,303.21,1.52,D,0
12.76528,77.7864,336.13,0.39,0.36,2026-01-04,0804,N20,VIIRS,n,2,301.8,2.03,D,0
12.7495,77.11602,335.57,0.39,0.36,2026-01-04,0805,N20,VIIRS,n,2,302.96,2.29,D,0
16.21663,77.25488,339.4,0.38,0.36,2026-01-04,0805,N20,VIIRS,n,2,306.93,4.15,D,0
16.10686,76.56488,345.86,0.39,0.36,2026-01-04,0805,N20,VIIRS,n,2,306.84,3.65,D,0
16.17122,76.98089,340.34,0.39,0.36,2026-01-04,0805,N20,VIIRS,n,2,306.2,3.6,D,0
16.14979,76.95145,337.82,0.39,0.36,2026-01-04,0805,N20,VIIRS,n,2,306.91,4.53,D,0
16.1465,76.952,340.26,0.39,0.36,2026-01-04,0805,N20,VIIRS,n,2,306.65,4.53,D,0
16.1432,76.95255,330.05,0.39,0.36,2026-01-04,0805,N20,VIIRS,l,2,305.0,1.65,D,0
16.1454,76.96684,334.71,0.39,0.36,2026-01-04,0805,N20,VIIRS,l,2,305.97,7.91,D,0
16.09573,76.77689,340.04,0.39,0.36,2026-01-04,0805,N20,VIIRS,n,2,306.21,2.95,D,0
16.10688,76.89256,337.57,0.39,0.36,2026-01-04,0805,N20,VIIRS,n,2,305.73,3.46,D,0
15.79425,74.99902,334.92,0.43,0.38,2026-01-04,0805,N20,VIIRS,n,2,306.75,5.58,D,0
15.78255,74.99291,334.98,0.43,0.38,2026-01-04,0805,N20,VIIRS,n,2,306.86,5.43,D,0
16.07825,76.86062,331.28,0.39,0.36,2026-01-04,0805,N20,VIIRS,l,2,306.15,1.81,D,0
15.76277,74.95956,333.28,0.43,0.38,2026-01-04,0805,N20,VIIRS,n,2,303.45,2.86,D,0
16.12935,77.28013,337.79,0.38,0.36,2026-01-04,0805,N20,VIIRS,n,2,304.57,2.61,D,0
16.44265,79.43724,345.69,0.42,0.37,2026-01-04,0805,N20,VIIRS,n,2,300.22,5.05,D,0
15.9691,76.3578,331.97,0.39,0.36,2026-01-04,0805,N20,VIIRS,n,2,305.11,1.88,D,0
16.03585,76.78694,337.15,0.39,0.36,2026-01-04,0805,N20,VIIRS,n,2,302.31,3.0,D,0
15.90527,75.97346,347.01,0.4,0.37,2026-01-04,0805,N20,VIIRS,n,2,306.49,5.19,D,0
15.73605,74.93887,342.13,0.43,0.38,2026-01-04,0805,N20,VIIRS,n,2,306.44,5.37,D,0
16.11042,77.33816,338.28,0.38,0.36,2026-01-04,0805,N20,VIIRS,n,2,306.68,2.45,D,0
16.07874,77.21928,348.87,0.38,0.36,2026-01-04,0805,N20,VIIRS,n,2,308.39,5.12,D,0
15.9883,76.67703,339.85,0.39,0.36,2026-01-04,0805,N20,VIIRS,n,2,307.03,2.72,D,0
16.19363,78.02315,330.5,0.39,0.36,2026-01-04,0805,N20,VIIRS,n,2,302.43,2.36,D,0
16.0754,77.26358,336.1,0.38,0.36,2026-01-04,0805,N20,VIIRS,n,2,306.35,2.93,D,0
15.99629,76.83761,331.41,0.39,0.36,2026-01-04,0805,N20,VIIRS,l,2,302.07,1.05,D,0
16.15457,77.87529,333.0,0.39,0.36,2026-01-04,0805,N20,VIIRS,n,2,301.42,2.31,D,0
15.97649,76.84088,334.03,0.39,0.36,2026-01-04,0805,N20,VIIRS,n,2,303.09,7.24,D,0
15.9599,76.79955,332.5,0.39,0.36,2026-01-04,0805,N20,VIIRS,n,2,301.6,2.48,D,0
15.76254,75.72944,336.79,0.41,0.37,2026-01-04,0805,N20,VIIRS,n,2,307.59,2.88,D,0
15.7614,75.72971,336.21,0.41,0.37,2026-01-04,0805,N20,VIIRS,n,2,306.65,1.8,D,0
15.94605,76.95277,337.02,0.39,0.36,2026-01-04,0805,N20,VIIRS,n,2,302.68,2.67,D,0
15.92885,77.32455,336.3,0.38,0.36,2026-01-04,0805,N20,VIIRS,l,2,307.66,3.87,D,0
16.42167,80.75211,333.45,0.47,0.4,2026-01-04,0805,N20,VIIRS,n,2,302.6,2.36,D,0
15.8862,77.09071,334.14,0.39,0.36,2026-01-04,0805,N20,VIIRS,n,2,305.32,2.31,D,0
16.36802,80.55955,334.44,0.46,0.39,2026-01-04,0805,N20,VIIRS,n,2,303.44,4.2,D,0
15.41772,74.47978,341.16,0.46,0.39,2026-01-04,0805,N20,VIIRS,n,2,306.65,20.73,D,0
15.7392,76.47491,336.31,0.39,0.36,2026-01-04,0805,N20,VIIRS,n,2,304.67,2.91,D,0
15.74211,76.51524,334.09,0.39,0.36,2026-01-04,0805,N20,VIIRS,n,2,303.32,2.63,D,0
16.33745,80.57714,349.52,0.46,0.39,2026-01-04,0805,N20,VIIRS,n,2,304.68,6.37,D,0
16.32193,80.54443,339.78,0.46,0.39,2026-01-04,0805,N20,VIIRS,n,2,299.78,3.38,D,0
16.31834,80.54495,336.74,0.46,0.39,2026-01-04,0805,N20,VIIRS,n,2,300.98,3.38,D,0
16.30281,80.5385,334.24,0.46,0.39,2026-01-04,0805,N20,VIIRS,n,2,300.97,5.96,D,0
16.30398,80.54705,333.72,0.46,0.39,2026-01-04,0805,N20,VIIRS,n,2,301.82,4.53,D,0
15.68505,76.49883,333.6,0.39,0.36,2026-01-04,0805,N20,VIIRS,n,2,304.68,2.74,D,0
16.27885,80.55073,343.78,0.46,0.39,2026-01-04,0805,N20,VIIRS,n,2,301.08,7.48,D,0
15.68059,76.49215,337.05,0.39,0.36,2026-01-04,0805,N20,VIIRS,n,2,305.35,2.61,D,0
15.68173,76.49938,339.78,0.39,0.36,2026-01-04,0805,N20,VIIRS,n,2,305.26,2.74,D,0
16.26715,80.49154,345.04,0.46,0.39,2026-01-04,0805,N20,VIIRS,n,2,305.71,10.45,D,0
16.04283,79.09187,331.04,0.4,0.37,2026-01-04,0805,N20,VIIRS,n,2,299.43,2.42,D,0
15.61407,76.52222,336.05,0.39,0.36,2026-01-04,0805,N20,VIIRS,n,2,301.51,2.01,D,0
16.06747,79.5768,333.48,0.42,0.38,2026-01-04,0805,N20,VIIRS,n,2,302.52,4.14,D,0
15.8291,78.01288,334.94,0.39,0.36,2026-01-04,0805,N20,VIIRS,n,2,303.04,2.07,D,0
15.60056,76.60965,333.35,0.39,0.36,2026-01-04,0805,N20,VIIRS,n,2,299.57,2.36,D,0
15.70529,77.37273,335.93,0.38,0.36,2026-01-04,0805,N20,VIIRS,n,2,302.67,3.57,D,0
15.80291,78.08669,336.83,0.39,0.36,2026-01-04,0805,N20,VIIRS,n,2,302.38,3.54,D,0
15.69415,77.41541,333.77,0.38,0.36,2026-01-04,0805,N20,VIIRS,n,2,304.21,2.41,D,0
15.57533,76.66629,331.27,0.39,0.36,2026-01-04,0805,N20,VIIRS,n,2,299.51,1.19,D,0
15.57004,76.78513,336.22,0.39,0.36,2026-01-04,0805,N20,VIIRS,n,2,303.77,3.82,D,0
15.56674,76.78567,343.9,0.39,0.36,2026-01-04,0805,N20,VIIRS,n,2,306.31,8.29,D,0
15.49696,76.53496,338.7,0.39,0.36,2026-01-04,0805,N20,VIIRS,n,2,304.06,8.27,D,0
15.9093,80.01618,336.5,0.43,0.38,2026-01-04,0805,N20,VIIRS,n,2,302.92,2.91,D,0
15.33745,76.27841,343.81,0.4,0.37,2026-01-04,0805,N20,VIIRS,n,2,308.2,3.83,D,2
15.28903,76.08261,330.07,0.4,0.37,2026-01-04,0805,N20,VIIRS,l,2,302.65,0.87,D,0
15.23939,75.7961,337.03,0.41,0.37,2026-01-04,0805,N20,VIIRS,n,2,305.83,2.11,D,0
15.20131,76.02117,339.88,0.4,0.37,2026-01-04,0805,N20,VIIRS,n,2,305.28,3.59,D,0
15.16378,76.38292,331.09,0.4,0.37,2026-01-04,0805,N20,VIIRS,l,2,304.78,1.73,D,2
15.22394,76.76632,336.58,0.39,0.36,2026-01-04,0805,N20,VIIRS,n,2,305.51,3.05,D,0
15.36132,77.72529,334.04,0.38,0.36,2026-01-04,0805,N20,VIIRS,n,2,303.41,3.08,D,0
15.18377,76.64006,333.88,0.39,0.36,2026-01-04,0805,N20,VIIRS,n,2,301.43,6.18,D,2
15.1811,76.6664,334.36,0.39,0.36,2026-01-04,0805,N20,VIIRS,n,2,303.53,3.73,D,2
15.17665,76.65975,333.31,0.39,0.36,2026-01-04,0805,N20,VIIRS,l,2,303.68,3.77,D,2
14.94042,75.21336,333.28,0.43,0.38,2026-01-04,0805,N20,VIIRS,l,2,303.98,11.2,D,0
15.15197,76.56781,337.92,0.39,0.36,2026-01-04,0805,N20,VIIRS,n,2,298.73,3.75,D,0
15.1718,76.69385,330.35,0.39,0.36,2026-01-04,0805,N20,VIIRS,n,2,304.34,1.51,D,2
15.14864,76.56833,332.89,0.39,0.36,2026-01-04,0805,N20,VIIRS,n,2,302.17,3.75,D,0
15.03941,76.06769,335.58,0.4,0.37,2026-01-04,0805,N20,VIIRS,l,2,308.21,2.18,D,0
15.11892,76.76928,341.27,0.39,0.36,2026-01-04,0805,N20,VIIRS,n,2,301.68,3.53,D,0
14.87144,75.69532,340.81,0.41,0.37,2026-01-04,0805,N20,VIIRS,n,2,306.62,4.53,D,0
15.13904,77.49381,331.26,0.38,0.36,2026-01-04,0805,N20,VIIRS,l,2,303.07,1.27,D,0
15.00466,76.9947,337.19,0.39,0.36,2026-01-04,0805,N20,VIIRS,n,2,302.5,2.22,D,0
15.42729,79.99767,332.15,0.43,0.38,2026-01-04,0805,N20,VIIRS,n,2,301.33,7.86,D,0
15.42865,79.99689,333.88,0.43,0.38,2026-01-04,0805,N20,VIIRS,l,2,304.07,8.3,D,0
14.9585,76.91816,332.77,0.39,0.36,2026-01-04,0805,N20,VIIRS,n,2,302.1,1.62,D,0
14.76125,75.75304,339.89,0.41,0.37,2026-01-04,0805,N20,VIIRS,n,2,302.88,5.3,D,0
15.00141,77.28379,340.94,0.39,0.36,2026-01-04,0805,N20,VIIRS,n,2,307.29,3.91,D,0
14.99373,77.27776,331.75,0.39,0.36,2026-01-04,0805,N20,VIIRS,l,2,306.63,1.01,D,0
14.77728,75.94044,334.59,0.41,0.37,2026-01-04,0805,N20,VIIRS,l,2,307.42,3.26,D,0
14.77391,75.94102,336.04,0.41,0.37,2026-01-04,0805,N20,VIIRS,l,2,308.03,3.5,D,0
14.77075,75.96469,339.86,0.41,0.37,2026-01-04,0805,N20,VIIRS,n,2,306.07,3.62,D,0
14.86425,76.57593,330.95,0.39,0.36,2026-01-04,0805,N20,VIIRS,l,2,305.33,1.8,D,0
14.93054,77.08752,345.62,0.39,0.36,2026-01-04,0805,N20,VIIRS,n,2,305.04,7.41,D,0
15.34535,80.11098,341.96,0.43,0.38,2026-01-04,0805,N20,VIIRS,n,2,300.2,1.02,D,3
15.02104,78.01471,330.41,0.38,0.36,2026-01-04,0805,N20,VIIRS,l,2,304.28,2.58,D,0
14.86921,77.04325,330.92,0.39,0.36,2026-01-04,0805,N20,VIIRS,l,2,304.85,1.94,D,0
14.54024,75.14599,336.82,0.44,0.38,2026-01-04,0805,N20,VIIRS,n,2,301.95,3.85,D,0
14.62034,75.83533,344.55,0.41,0.37,2026-01-04,0805,N20,VIIRS,n,2,307.22,10.93,D,0
14.61694,75.8359,341.08,0.41,0.37,2026-01-04,0805,N20,VIIRS,n,2,307.63,10.93,D,0
14.57993,75.73692,349.5,0.42,0.37,2026-01-04,0805,N20,VIIRS,n,2,307.63,6.98,D,0
14.58463,75.9883,341.34,0.41,0.37,2026-01-04,0805,N20,VIIRS,n,2,308.37,3.78,D,0
14.57371,76.0287,339.36,0.41,0.37,2026-01-04,0805,N20,VIIRS,n,2,307.19,4.75,D,0
14.70408,76.98637,337.07,0.39,0.36,2026-01-04,0805,N20,VIIRS,n,2,305.95,2.96,D,0
14.56275,76.26309,337.52,0.4,0.37,2026-01-04,0805,N20,VIIRS,n,2,306.36,4.55,D,0
14.93348,78.85883,333.04,0.39,0.36,2026-01-04,0805,N20,VIIRS,n,2,302.17,9.61,D,0
14.6945,77.29867,333.61,0.39,0.36,2026-01-04,0805,N20,VIIRS,n,2,306.78,2.44,D,0
14.61349,76.90633,335.2,0.39,0.36,2026-01-04,0805,N20,VIIRS,n,2,306.23,4.28,D,0
14.48974,76.1843,330.18,0.4,0.37,2026-01-04,0805,N20,VIIRS,n,2,304.02,2.16,D,0
14.603,76.90439,334.44,0.39,0.36,2026-01-04,0805,N20,VIIRS,n,2,302.38,0.63,D,0
14.33123,75.72043,351.38,0.42,0.38,2026-01-04,0805,N20,VIIRS,n,2,307.26,12.54,D,0
14.70981,78.24765,337.2,0.39,0.36,2026-01-04,0805,N20,VIIRS,n,2,301.47,6.08,D,0
14.29579,75.71841,336.02,0.42,0.38,2026-01-04,0805,N20,VIIRS,n,2,308.65,4.07,D,0
14.45081,76.80132,339.12,0.39,0.36,2026-01-04,0805,N20,VIIRS,n,2,307.5,4.4,D,0
14.59836,78.13871,336.84,0.38,0.36,2026-01-04,0805,N20,VIIRS,n,2,302.01,1.99,D,0
14.29838,76.26288,337.02,0.4,0.37,2026-01-04,0805,N20,VIIRS,n,2,309.11,3.05,D,0
14.22191,76.23793,344.8,0.4,0.37,2026-01-04,0805,N20,VIIRS,n,2,305.42,7.95,D,0
14.21913,76.24213,333.61,0.4,0.37,2026-01-04,0805,N20,VIIRS,l,2,304.03,4.42,D,0
14.2487,76.4485,336.9,0.4,0.37,2026-01-04,0805,N20,VIIRS,n,2,306.18,2.41,D,0
14.24536,76.44907,337.53,0.4,0.37,2026-01-04,0805,N20,VIIRS,n,2,305.99,2.41,D,0
14.47192,77.90512,342.06,0.38,0.36,2026-01-04,0805,N20,VIIRS,n,2,303.53,4.56,D,0
14.05767,76.20438,335.32,0.41,0.37,2026-01-04,0805,N20,VIIRS,n,2,304.8,3.42,D,0
14.25991,77.49855,333.44,0.38,0.36,2026-01-04,0805,N20,VIIRS,l,2,305.78,2.15,D,0
14.15145,77.58873,352.58,0.38,0.36,2026-01-04,0805,N20,VIIRS,n,2,307.15,6.59,D,0
14.14762,77.58575,340.51,0.38,0.36,2026-01-04,0805,N20,VIIRS,n,2,305.77,10.33,D,0
14.14816,77.58927,344.35,0.38,0.36,2026-01-04,0805,N20,VIIRS,n,2,306.35,4.24,D,0
14.1487,77.59279,337.0,0.38,0.36,2026-01-04,0805,N20,VIIRS,n,2,304.49,4.24,D,0
14.15049,77.93587,332.55,0.38,0.36,2026-01-04,0805,N20,VIIRS,n,2,301.53,2.48,D,0
14.15102,77.93939,332.97,0.38,0.36,2026-01-04,0805,N20,VIIRS,n,2,302.13,2.48,D,0
13.96244,77.26501,341.49,0.39,0.36,2026-01-04,0805,N20,VIIRS,n,2,304.92,5.37,D,0
13.99646,77.6658,331.2,0.38,0.36,2026-01-04,0805,N20,VIIRS,l,2,303.8,2.97,D,0
14.09129,78.31203,332.69,0.39,0.36,2026-01-04,0805,N20,VIIRS,n,2,301.74,6.46,D,0
13.88875,77.36074,347.51,0.39,0.36,2026-01-04,0805,N20,VIIRS,n,2,309.14,7.57,D,0
13.7817,76.76224,336.65,0.39,0.37,2026-01-04,0805,N20,VIIRS,l,2,310.31,3.51,D,0
13.82013,77.00687,333.51,0.39,0.36,2026-01-04,0805,N20,VIIRS,n,2,304.49,2.6,D,0
13.71032,76.46388,335.77,0.4,0.37,2026-01-04,0805,N20,VIIRS,n,2,305.91,2.26,D,0
13.73579,76.77027,333.75,0.4,0.37,2026-01-04,0805,N20,VIIRS,n,2,307.12,2.27,D,0
13.73636,76.77389,336.23,0.39,0.37,2026-01-04,0805,N20,VIIRS,n,2,307.1,3.1,D,0
13.81094,77.31945,334.29,0.39,0.36,2026-01-04,0805,N20,VIIRS,n,2,306.35,2.21,D,0
13.44154,75.03927,331.42,0.45,0.39,2026-01-04,0805,N20,VIIRS,l,2,302.08,5.61,D,0
13.81736,77.4926,334.22,0.39,0.36,2026-01-04,0805,N20,VIIRS,n,2,305.5,3.05,D,0
13.80699,77.75465,335.56,0.38,0.36,2026-01-04,0805,N20,VIIRS,n,2,303.79,2.48,D,0
13.73089,77.57195,331.55,0.39,0.36,2026-01-04,0805,N20,VIIRS,n,2,305.09,2.29,D,0
13.41584,75.70518,333.02,0.43,0.38,2026-01-04,0805,N20,VIIRS,n,2,298.26,5.95,D,0
13.41309,75.71006,332.37,0.43,0.38,2026-01-04,0805,N20,VIIRS,n,2,298.24,4.0,D,0
13.40898,75.70652,333.74,0.43,0.38,2026-01-04,0805,N20,VIIRS,n,2,301.47,3.7,D,0
13.81148,78.36782,330.39,0.39,0.36,2026-01-04,0805,N20,VIIRS,n,2,300.26,0.89,D,0
13.68353,77.65918,335.16,0.38,0.36,2026-01-04,0805,N20,VIIRS,n,2,299.45,3.47,D,0
13.69111,77.7085,330.38,0.38,0.36,2026-01-04,0805,N20,VIIRS,n,2,301.35,1.55,D,0
13.71902,77.9132,330.24,0.38,0.36,2026-01-04,0805,N20,VIIRS,n,2,298.8,1.65,D,0
13.51274,76.64737,354.45,0.4,0.37,2026-01-04,0805,N20,VIIRS,n,2,305.33,7.88,D,0
13.57018,77.01586,331.21,0.39,0.36,2026-01-04,0805,N20,VIIRS,l,2,305.87,2.0,D,0
13.51743,76.72114,347.3,0.4,0.37,2026-01-04,0805,N20,VIIRS,n,2,306.86,10.46,D,0
13.35721,75.73051,331.13,0.43,0.38,2026-01-04,0805,N20,VIIRS,n,2,301.19,10.2,D,0
13.51409,76.72168,346.13,0.4,0.37,2026-01-04,0805,N20,VIIRS,n,2,305.89,10.46,D,0
13.4851,76.71165,336.76,0.4,0.37,2026-01-04,0805,N20,VIIRS,n,2,302.59,3.09,D,0
13.3693,76.00378,334.83,0.42,0.37,2026-01-04,0805,N20,VIIRS,n,2,304.27,2.54,D,0
13.41172,76.3131,339.39,0.41,0.37,2026-01-04,0805,N20,VIIRS,n,2,300.38,3.98,D,0
13.39779,76.48604,332.95,0.4,0.37,2026-01-04,0805,N20,VIIRS,l,2,305.03,5.27,D,0
13.57216,77.66322,330.94,0.38,0.36,2026-01-04,0805,N20,VIIRS,n,2,298.36,3.51,D,0
13.55201,77.77922,334.92,0.38,0.36,2026-01-04,0805,N20,VIIRS,n,2,302.27,2.1,D,0
13.55296,77.82952,333.0,0.38,0.36,2026-01-04,0805,N20,VIIRS,n,2,301.14,1.9,D,0
13.41074,77.17125,333.18,0.39,0.36,2026-01-04,0805,N20,VIIRS,n,2,299.31,1.54,D,0
13.39143,77.17799,334.29,0.39,0.36,2026-01-04,0805,N20,VIIRS,n,2,301.07,1.73,D,0
13.35635,77.83307,330.01,0.38,0.36,2026-01-04,0805,N20,VIIRS,n,2,303.76,2.04,D,0
13.22414,77.43511,337.24,0.39,0.36,2026-01-04,0805,N20,VIIRS,n,2,302.73,2.91,D,0
12.98822,76.14558,330.7,0.41,0.37,2026-01-04,0805,N20,VIIRS,l,2,303.61,2.65,D,0
13.31061,78.31252,333.13,0.38,0.36,2026-01-04,0805,N20,VIIRS,n,2,303.17,4.32,D,0
12.94693,75.99631,331.67,0.42,0.38,2026-01-04,0805,N20,VIIRS,n,2,302.35,2.39,D,0
13.01316,76.89093,337.06,0.4,0.37,2026-01-04,0805,N20,VIIRS,n,2,304.91,2.95,D,0
13.09325,77.64523,332.71,0.39,0.36,2026-01-04,0805,N20,VIIRS,n,2,302.17,1.3,D,0
13.14416,78.06564,330.45,0.38,0.36,2026-01-04,0805,N20,VIIRS,l,2,302.17,1.96,D,0
13.08349,78.29227,337.6,0.38,0.36,2026-01-04,0805,N20,VIIRS,n,2,303.2,2.07,D,0
13.0802,78.29279,339.35,0.38,0.36,2026-01-04,0805,N20,VIIRS,n,2,303.66,1.92,D,0
12.54115,75.01467,334.08,0.46,0.39,2026-01-04,0805,N20,VIIRS,n,2,304.76,3.93,D,0
12.84426,77.3531,331.27,0.39,0.36,2026-01-04,0805,N20,VIIRS,l,2,302.53,2.07,D,0
12.85086,77.39569,334.12,0.39,0.36,2026-01-04,0805,N20,VIIRS,n,2,307.59,8.02,D,0
12.85141,77.39925,346.83,0.39,0.36,2026-01-04,0805,N20,VIIRS,n,2,307.47,6.94,D,0
12.83157,77.35876,333.96,0.39,0.36,2026-01-04,0805,N20,VIIRS,l,2,305.71,3.45,D,0
12.89428,77.76519,343.04,0.39,0.36,2026-01-04,0805,N20,VIIRS,n,2,305.4,4.98,D,0
12.7793,77.04482,338.41,0.39,0.36,2026-01-04,0805,N20,VIIRS,n,2,303.48,3.05,D,0
12.70997,76.77795,337.54,0.4,0.37,2026-01-04,0805,N20,VIIRS,n,2,302.66,3.62,D,0
12.75283,77.11548,338.06,0.39,0.36,2026-01-04,0805,N20,VIIRS,n,2,301.24,2.8,D,0
12.74894,77.11241,332.84,0.39,0.36,2026-01-04,0805,N20,VIIRS,n,2,304.11,3.0,D,0
16.2008,77.15159,331.43,0.38,0.36,2026-01-04,0805,N20,VIIRS,n,2,306.36,1.96,D,0
16.83235,77.59373,332.55,0.38,0.36,2026-01-04,0806,N20,VIIRS,n,2,302.05,1.62,D,0
17.60516,83.20267,333.91,0.45,0.47,2026-01-04,0806,N20,VIIRS,n,2,300.57,5.05,D,2
17.03536,78.62243,332.75,0.4,0.37,2026-01-04,0806,N20,VIIRS,n,2,303.15,1.78,D,0
17.03872,78.6219,333.61,0.4,0.37,2026-01-04,0806,N20,VIIRS,n,2,301.31,1.78,D,0
17.34636,80.67144,333.96,0.48,0.4,2026-01-04,0806,N20,VIIRS,n,2,299.97,3.83,D,0
16.96916,77.51228,335.46,0.38,0.36,2026-01-04,0806,N20,VIIRS,n,2,301.35,2.4,D,0
16.64939,75.44019,336.81,0.41,0.37,2026-01-04,0806,N20,VIIRS,n,2,300.61,2.1,D,0
16.65278,75.43961,344.09,0.41,0.37,2026-01-04,0806,N20,VIIRS,n,2,302.11,2.1,D,0
16.65616,75.43903,355.26,0.41,0.37,2026-01-04,0806,N20,VIIRS,l,2,301.99,8.69,D,0
16.60554,75.10431,333.58,0.42,0.38,2026-01-04,0806,N20,VIIRS,n,2,302.44,1.89,D,0
16.63234,75.13949,332.9,0.42,0.38,2026-01-04,0806,N20,VIIRS,n,2,301.45,3.24,D,0
16.42418,73.60651,347.89,0.49,0.4,2026-01-04,0806,N20,VIIRS,n,2,305.25,14.29,D,0
16.91867,76.47333,334.85,0.39,0.36,2026-01-04,0806,N20,VIIRS,n,2,304.1,2.7,D,0
17.51315,79.87057,331.92,0.44,0.38,2026-01-04,0806,N20,VIIRS,n,2,300.2,3.11,D,0
17.65034,80.82631,331.28,0.49,0.4,2026-01-04,0806,N20,VIIRS,n,2,300.61,2.07,D,0
17.84577,82.10739,336.05,0.39,0.44,2026-01-04,0806,N20,VIIRS,n,2,296.57,2.45,D,0
17.11344,76.58797,341.37,0.39,0.36,2026-01-04,0806,N20,VIIRS,n,2,304.94,3.78,D,0
17.17368,76.75853,330.39,0.39,0.36,2026-01-04,0806,N20,VIIRS,l,2,301.69,2.18,D,0
16.74074,73.74482,331.84,0.48,0.4,2026-01-04,0806,N20,VIIRS,n,2,300.17,3.8,D,0
17.37259,77.68789,335.1,0.39,0.36,2026-01-04,0806,N20,VIIRS,n,2,304.84,1.62,D,0
16.74129,73.74525,334.44,0.48,0.4,2026-01-04,0806,N20,VIIRS,n,2,299.25,3.67,D,0
16.83952,74.21103,333.35,0.45,0.39,2026-01-04,0806,N20,VIIRS,n,2,301.69,2.35,D,0
17.28069,76.92354,334.37,0.38,0.36,2026-01-04,0806,N20,VIIRS,n,2,302.01,1.34,D,0
18.04316,82.42132,338.3,0.41,0.45,2026-01-04,0806,N20,VIIRS,n,2,297.67,2.55,D,0
17.71855,79.92121,331.52,0.45,0.39,2026-01-04,0806,N20,VIIRS,n,2,300.16,2.46,D,0
17.62413,79.06606,331.3,0.41,0.37,2026-01-04,0806,N20,VIIRS,n,2,300.62,2.17,D,0
16.91617,74.3213,335.86,0.45,0.39,2026-01-04,0806,N20,VIIRS,n,2,302.19,2.87,D,0
18.31043,84.00879,337.08,0.51,0.5,2026-01-04,0806,N20,VIIRS,n,2,297.02,5.33,D,0
17.81155,80.12254,333.3,0.45,0.39,2026-01-04,0806,N20,VIIRS,n,2,296.86,7.9,D,0
17.21959,76.11547,337.7,0.39,0.36,2026-01-04,0806,N20,VIIRS,n,2,309.58,28.37,D,0
17.81512,80.122,337.06,0.45,0.39,2026-01-04,0806,N20,VIIRS,n,2,297.53,7.9,D,0
17.22976,76.15864,333.9,0.39,0.36,2026-01-04,0806,N20,VIIRS,n,2,305.59,11.22,D,0
17.57729,78.38396,340.76,0.4,0.37,2026-01-04,0806,N20,VIIRS,n,2,302.31,3.45,D,0
17.64402,78.68764,332.95,0.4,0.37,2026-01-04,0806,N20,VIIRS,n,2,302.76,2.31,D,0
18.16336,82.55788,331.14,0.41,0.45,2026-01-04,0806,N20,VIIRS,n,2,295.4,2.58,D,0
17.44696,77.18977,334.51,0.38,0.36,2026-01-04,0806,N20,VIIRS,n,2,305.37,2.66,D,0
17.33006,76.34289,331.05,0.39,0.36,2026-01-04,0806,N20,VIIRS,n,2,303.57,2.38,D,0
18.12345,81.90862,328.2,0.57,0.43,2026-01-04,0806,N20,VIIRS,n,2,298.63,2.84,D,0
17.8726,79.88642,332.27,0.44,0.39,2026-01-04,0806,N20,VIIRS,n,2,299.76,1.63,D,0
17.18984,75.26414,330.17,0.41,0.37,2026-01-04,0806,N20,VIIRS,n,2,300.09,1.46,D,0
17.64307,77.59158,338.07,0.39,0.36,2026-01-04,0806,N20,VIIRS,n,2,304.84,3.84,D,0
17.77105,78.34178,331.05,0.4,0.37,2026-01-04,0806,N20,VIIRS,n,2,300.3,1.99,D,0
17.29165,74.85299,336.26,0.42,0.38,2026-01-04,0806,N20,VIIRS,n,2,300.82,2.28,D,0
17.17226,74.09344,335.33,0.45,0.39,2026-01-04,0806,N20,VIIRS,n,2,303.23,7.38,D,0
17.46144,75.49268,333.38,0.4,0.37,2026-01-04,0806,N20,VIIRS,n,2,302.23,1.93,D,0
17.38476,74.99225,338.23,0.42,0.37,2026-01-04,0806,N20,VIIRS,n,2,303.11,2.1,D,0
17.86706,77.91116,330.23,0.39,0.36,2026-01-04,0806,N20,VIIRS,n,2,303.01,2.7,D,0
17.95203,78.28214,334.03,0.4,0.37,2026-01-04,0806,N20,VIIRS,n,2,303.8,3.04,D,0
17.46527,75.07742,343.51,0.41,0.37,2026-01-04,0806,N20,VIIRS,n,2,302.46,2.1,D,0
18.00118,78.5499,337.69,0.4,0.37,2026-01-04,0806,N20,VIIRS,n,2,301.87,3.57,D,0
17.93228,78.07717,343.53,0.39,0.36,2026-01-04,0806,N20,VIIRS,n,2,304.34,7.5,D,0
17.27006,73.83159,337.88,0.46,0.39,2026-01-04,0806,N20,VIIRS,n,2,299.26,5.97,D,0
17.26933,73.82726,352.38,0.46,0.39,2026-01-04,0806,N20,VIIRS,n,2,300.14,5.97,D,0
18.31508,80.5567,338.03,0.48,0.4,2026-01-04,0806,N20,VIIRS,n,2,298.79,3.93,D,0
17.53701,75.28477,346.23,0.41,0.37,2026-01-04,0806,N20,VIIRS,n,2,303.07,4.84,D,0
18.31484,80.55848,333.45,0.48,0.4,2026-01-04,0806,N20,VIIRS,n,2,298.44,4.96,D,0
17.39815,74.03207,333.0,0.45,0.39,2026-01-04,0806,N20,VIIRS,n,2,300.61,8.31,D,0
17.57113,74.97179,346.11,0.42,0.37,2026-01-04,0806,N20,VIIRS,n,2,302.58,2.38,D,0
17.59229,75.05924,333.62,0.41,0.37,2026-01-04,0806,N20,VIIRS,n,2,301.24,2.59,D,0
18.15742,78.68868,332.0,0.41,0.37,2026-01-04,0806,N20,VIIRS,n,2,300.18,4.29,D,0
17.71527,75.74255,334.33,0.4,0.37,2026-01-04,0806,N20,VIIRS,n,2,303.23,3.79,D,0
17.84589,76.55803,332.72,0.39,0.36,2026-01-04,0806,N20,VIIRS,n,2,300.92,4.1,D,0
18.8214,83.42785,342.12,0.48,0.48,2026-01-04,0806,N20,VIIRS,n,2,301.01,5.69,D,0
18.48029,80.03531,336.85,0.46,0.39,2026-01-04,0806,N20,VIIRS,n,2,301.67,5.48,D,0
18.95267,83.79449,328.36,0.51,0.49,2026-01-04,0806,N20,VIIRS,l,2,303.22,3.56,D,0
17.90025,75.62281,332.44,0.4,0.37,2026-01-04,0806,N20,VIIRS,n,2,298.52,2.15,D,0
17.70877,73.91399,345.32,0.46,0.39,2026-01-04,0806,N20,VIIRS,n,2,295.77,5.7,D,0
18.40961,78.23198,333.75,0.4,0.37,2026-01-04,0806,N20,VIIRS,n,2,301.24,1.94,D,0
17.90013,74.92181,334.35,0.42,0.37,2026-01-04,0806,N20,VIIRS,n,2,301.27,5.96,D,0
18.95854,82.02216,344.03,0.39,0.44,2026-01-04,0806,N20,VIIRS,n,2,304.89,5.83,D,0
18.05427,75.39587,331.93,0.4,0.37,2026-01-04,0806,N20,VIIRS,n,2,299.75,2.88,D,0
18.05367,75.39213,332.42,0.4,0.37,2026-01-04,0806,N20,VIIRS,n,2,302.32,3.38,D,0
19.21928,83.76894,336.69,0.51,0.49,2026-01-04,0806,N20,VIIRS,n,2,300.25,4.53,D,0
18.04831,75.31573,335.67,0.4,0.37,2026-01-04,0806,N20,VIIRS,n,2,301.28,2.19,D,0
17.91209,74.34954,333.63,0.43,0.38,2026-01-04,0806,N20,VIIRS,n,2,298.14,3.49,D,0
18.32215,76.91576,337.28,0.38,0.36,2026-01-04,0806,N20,VIIRS,n,2,303.24,5.19,D,0
17.97268,74.46741,333.31,0.43,0.38,2026-01-04,0806,N20,VIIRS,n,2,299.41,3.05,D,0
19.27157,83.77396,331.25,0.51,0.49,2026-01-04,0806,N20,VIIRS,n,2,301.18,1.79,D,0
18.37838,76.57331,333.45,0.38,0.36,2026-01-04,0806,N20,VIIRS,n,2,302.25,2.08,D,0
18.0345,74.32336,333.61,0.43,0.38,2026-01-04,0806,N20,VIIRS,n,2,301.43,3.86,D,0
18.03628,74.32396,333.53,0.43,0.38,2026-01-04,0806,N20,VIIRS,n,2,301.29,3.7,D,0
18.41616,76.26643,338.54,0.39,0.36,2026-01-04,0806,N20,VIIRS,n,2,303.56,5.35,D,0
18.41946,76.26586,341.27,0.39,0.36,2026-01-04,0806,N20,VIIRS,n,2,302.26,3.78,D,0
18.17477,74.64433,331.84,0.42,0.38,2026-01-04,0806,N20,VIIRS,n,2,301.36,2.96,D,0
18.18946,74.5238,332.8,0.43,0.38,2026-01-04,0806,N20,VIIRS,n,2,299.29,2.77,D,0
18.47828,75.96785,345.18,0.39,0.36,2026-01-04,0806,N20,VIIRS,n,2,301.92,7.22,D,0
19.4437,82.80087,330.63,0.45,0.47,2026-01-04,0806,N20,VIIRS,n,2,299.26,4.3,D,0
18.1098,73.39478,331.87,0.48,0.4,2026-01-04,0806,N20,VIIRS,n,2,297.41,2.35,D,0
19.03487,79.15626,332.44,0.43,0.38,2026-01-04,0806,N20,VIIRS,n,2,299.55,2.95,D,0
18.16303,73.53047,331.18,0.47,0.4,2026-01-04,0806,N20,VIIRS,n,2,299.26,3.16,D,0
18.09767,73.08612,334.51,0.49,0.4,2026-01-04,0806,N20,VIIRS,n,2,301.53,2.96,D,0
18.40071,74.80148,333.47,0.41,0.37,2026-01-04,0806,N20,VIIRS,n,2,300.25,4.14,D,0
19.17319,79.6887,335.13,0.45,0.39,2026-01-04,0806,N20,VIIRS,n,2,302.16,5.2,D,0
19.17611,79.68825,339.65,0.45,0.39,2026-01-04,0806,N20,VIIRS,n,2,300.61,5.94,D,0
19.57765,82.74094,330.54,0.44,0.46,2026-01-04,0806,N20,VIIRS,n,2,298.47,2.91,D,0
18.21809,73.28287,344.34,0.48,0.4,2026-01-04,0806,N20,VIIRS,n,2,301.31,6.5,D,0
18.43849,74.54025,331.97,0.42,0.38,2026-01-04,0806,N20,VIIRS,n,2,297.97,2.69,D,0
19.63253,82.8379,333.53,0.45,0.47,2026-01-04,0806,N20,VIIRS,n,2,298.51,3.27,D,0
20.02056,85.81222,328.41,0.35,0.57,2026-01-04,0806,N20,VIIRS,n,2,295.84,1.84,D,0
19.83417,83.93592,329.72,0.53,0.5,2026-01-04,0806,N20,VIIRS,n,2,299.36,2.34,D,0
19.72588,82.79234,328.81,0.45,0.47,2026-01-04,0806,N20,VIIRS,n,2,300.89,3.16,D,0
19.74716,82.71609,329.58,0.44,0.46,2026-01-04,0806,N20,VIIRS,l,2,300.59,5.52,D,0
18.59168,74.52944,331.52,0.42,0.38,2026-01-04,0806,N20,VIIRS,n,2,299.94,2.39,D,0
19.1145,77.46591,341.39,0.39,0.36,2026-01-04,0806,N20,VIIRS,n,2,303.92,9.68,D,0
19.08058,77.07957,332.09,0.39,0.36,2026-01-04,0806,N20,VIIRS,l,2,302.55,4.07,D,0
19.03486,76.48964,330.64,0.38,0.36,2026-01-04,0806,N20,VIIRS,n,2,300.3,1.22,D,0
19.01172,75.87781,331.7,0.39,0.36,2026-01-04,0806,N20,VIIRS,n,2,299.66,3.05,D,0
18.74874,74.00803,336.72,0.44,0.38,2026-01-04,0806,N20,VIIRS,n,2,300.85,5.15,D,0
18.74972,74.00855,332.18,0.44,0.38,2026-01-04,0806,N20,VIIRS,n,2,298.8,3.97,D,0
19.40501,77.82672,330.29,0.39,0.36,2026-01-04,0806,N20,VIIRS,n,2,299.28,1.1,D,0
19.99844,82.23566,329.26,0.42,0.45,2026-01-04,0806,N20,VIIRS,n,2,297.35,2.85,D,0
18.85573,74.27776,335.31,0.43,0.38,2026-01-04,0806,N20,VIIRS,n,2,300.75,5.17,D,0
18.6918,73.04131,331.53,0.49,0.4,2026-01-04,0806,N20,VIIRS,n,2,301.02,4.08,D,2
18.69161,73.04253,331.46,0.49,0.4,2026-01-04,0806,N20,VIIRS,n,2,301.23,4.18,D,2
19.3848,77.04642,333.81,0.39,0.36,2026-01-04,0806,N20,VIIRS,n,2,299.88,2.82,D,0
19.38425,77.04279,342.29,0.39,0.36,2026-01-04,0806,N20,VIIRS,n,2,302.0,4.53,D,0
19.49808,77.69685,344.21,0.39,0.36,2026-01-04,0806,N20,VIIRS,n,2,301.96,7.39,D,0
20.58798,86.20597,336.85,0.38,0.59,2026-01-04,0806,N20,VIIRS,n,2,294.08,5.39,D,0
19.65637,78.5782,330.39,0.41,0.37,2026-01-04,0806,N20,VIIRS,n,2,301.72,1.79,D,0
19.31668,76.15331,337.19,0.39,0.36,2026-01-04,0806,N20,VIIRS,n,2,301.88,6.9,D,0
19.28441,75.88177,332.47,0.39,0.36,2026-01-04,0806,N20,VIIRS,n,2,301.13,10.84,D,0
19.28211,75.86714,333.14,0.39,0.36,2026-01-04,0806,N20,VIIRS,n,2,299.83,2.86,D,0
20.59005,86.2086,331.55,0.38,0.59,2026-01-04,0806,N20,VIIRS,n,2,293.65,2.7,D,0
20.5897,86.2049,329.8,0.38,0.59,2026-01-04,0806,N20,VIIRS,n,2,294.05,2.7,D,0
19.33788,75.98505,331.25,0.39,0.36,2026-01-04,0806,N20,VIIRS,n,2,295.86,1.73,D,0
19.32422,75.81091,332.38,0.39,0.36,2026-01-04,0806,N20,VIIRS,n,2,299.46,8.83,D,0
19.29225,75.52132,336.54,0.39,0.36,2026-01-04,0806,N20,VIIRS,n,2,297.88,3.15,D,0
19.33093,75.12299,334.99,0.4,0.37,2026-01-04,0806,N20,VIIRS,n,2,298.76,3.78,D,0
19.28699,74.63506,347.79,0.41,0.37,2026-01-04,0806,N20,VIIRS,n,2,298.19,5.46,D,0
19.28748,74.63512,343.55,0.41,0.37,2026-01-04,0806,N20,VIIRS,n,2,296.72,2.77,D,0
20.76108,85.30028,328.93,0.34,0.56,2026-01-04,0806,N20,VIIRS,l,2,300.16,6.0,D,2
19.35318,74.69489,331.34,0.41,0.37,2026-01-04,0806,N20,VIIRS,n,2,296.85,3.33,D,0
20.79262,85.25455,347.08,0.33,0.56,2026-01-04,0806,N20,VIIRS,n,2,302.73,7.26,D,2
19.60203,75.95773,333.02,0.39,0.36,2026-01-04,0806,N20,VIIRS,n,2,299.93,1.74,D,0
19.46498,75.0099,339.53,0.4,0.37,2026-01-04,0806,N20,VIIRS,n,2,299.59,4.93,D,0
20.80643,85.25891,327.06,0.33,0.56,2026-01-04,0806,N20,VIIRS,n,2,298.35,3.05,D,2
19.50401,74.99507,334.53,0.4,0.37,2026-01-04,0806,N20,VIIRS,n,2,295.46,1.31,D,0
20.96035,86.00945,350.52,0.38,0.58,2026-01-04,0806,N20,VIIRS,n,2,295.87,6.95,D,0
20.80694,84.34872,327.68,0.58,0.52,2026-01-04,0806,N20,VIIRS,n,2,297.92,3.77,D,0
16.64246,76.68724,337.69,0.39,0.36,2026-01-04,0806,N20,VIIRS,n,2,303.2,2.85,D,0
16.45168,75.77995,332.94,0.4,0.37,2026-01-04,0806,N20,VIIRS,l,2,303.79,7.23,D,0
17.15057,80.79377,335.7,0.48,0.4,2026-01-04,0806,N20,VIIRS,n,2,299.82,3.62,D,0
16.70183,77.76675,337.39,0.39,0.36,2026-01-04,0806,N20,VIIRS,n,2,303.93,3.7,D,0
16.14095,74.30991,335.14,0.46,0.39,2026-01-04,0806,N20,VIIRS,n,2,302.38,3.49,D,0
16.60959,77.33477,333.64,0.38,0.36,2026-01-04,0806,N20,VIIRS,n,2,305.17,2.68,D,0
16.54729,76.94969,333.77,0.38,0.36,2026-01-04,0806,N20,VIIRS,n,2,307.1,2.88,D,0
16.6063,77.33531,339.79,0.38,0.36,2026-01-04,0806,N20,VIIRS,n,2,305.73,2.68,D,0
16.78658,78.63974,332.59,0.4,0.37,2026-01-04,0806,N20,VIIRS,n,2,304.55,2.26,D,0
16.61772,77.77309,342.17,0.39,0.36,2026-01-04,0806,N20,VIIRS,n,2,304.63,4.42,D,0
16.82989,79.23567,335.39,0.41,0.37,2026-01-04,0806,N20,VIIRS,n,2,304.87,2.68,D,0
16.51854,77.16326,332.66,0.38,0.36,2026-01-04,0806,N20,VIIRS,l,2,306.09,2.28,D,0
16.64571,78.11879,333.27,0.39,0.36,2026-01-04,0806,N20,VIIRS,n,2,303.05,3.86,D,0
16.27512,75.82162,330.54,0.4,0.37,2026-01-04,0806,N20,VIIRS,n,2,304.36,1.32,D,0
16.48995,77.21918,341.5,0.38,0.36,2026-01-04,0806,N20,VIIRS,n,2,302.78,4.45,D,0
16.78882,79.26562,334.41,0.41,0.37,2026-01-04,0806,N20,VIIRS,n,2,303.33,2.91,D,0
16.59337,77.972,332.01,0.39,0.36,2026-01-04,0806,N20,VIIRS,n,2,301.65,2.16,D,0
16.45986,77.11079,336.17,0.38,0.36,2026-01-04,0806,N20,VIIRS,n,2,306.06,2.36,D,0
16.47999,77.28664,333.93,0.38,0.36,2026-01-04,0806,N20,VIIRS,n,2,306.77,2.6,D,0
16.25992,76.07093,332.64,0.4,0.37,2026-01-04,0806,N20,VIIRS,n,2,300.74,2.09,D,0
16.26051,76.07462,342.79,0.4,0.37,2026-01-04,0806,N20,VIIRS,n,2,305.17,4.72,D,0
16.49579,77.59122,340.52,0.38,0.36,2026-01-04,0806,N20,VIIRS,n,2,302.48,5.48,D,0
16.0457,74.80369,332.9,0.44,0.38,2026-01-04,0806,N20,VIIRS,n,2,303.54,3.04,D,0
16.04777,74.80286,334.77,0.44,0.38,2026-01-04,0806,N20,VIIRS,n,2,304.97,2.75,D,0
16.16845,75.57418,343.62,0.41,0.37,2026-01-04,0806,N20,VIIRS,n,2,305.09,4.71,D,0
16.66917,78.89887,333.55,0.4,0.37,2026-01-04,0806,N20,VIIRS,n,2,299.74,1.84,D,0
16.39234,77.20281,339.06,0.38,0.36,2026-01-04,0806,N20,VIIRS,n,2,307.71,3.63,D,0
16.12063,75.79467,330.28,0.4,0.37,2026-01-04,0806,N20,VIIRS,n,2,303.61,1.0,D,0
16.38822,77.62016,339.05,0.38,0.36,2026-01-04,0806,N20,VIIRS,n,2,305.97,5.46,D,0
16.10287,75.81307,342.92,0.4,0.37,2026-01-04,0806,N20,VIIRS,n,2,307.01,9.5,D,0
16.33136,77.26763,332.95,0.38,0.36,2026-01-04,0806,N20,VIIRS,n,2,306.49,1.71,D,0
16.55139,78.85954,331.51,0.4,0.37,2026-01-04,0806,N20,VIIRS,n,2,304.09,0.93,D,0
16.27971,77.13383,340.09,0.38,0.36,2026-01-04,0806,N20,VIIRS,n,2,301.78,4.58,D,0
16.29824,77.27691,334.14,0.38,0.36,2026-01-04,0806,N20,VIIRS,l,2,306.35,2.82,D,0
16.13825,76.43995,330.41,0.39,0.36,2026-01-04,0806,N20,VIIRS,l,2,302.67,2.73,D,0
16.3453,77.78835,339.94,0.39,0.36,2026-01-04,0806,N20,VIIRS,n,2,305.28,4.08,D,0
15.88424,74.88479,335.86,0.43,0.38,2026-01-04,0806,N20,VIIRS,n,2,305.99,4.01,D,0
16.23089,77.05777,333.91,0.38,0.36,2026-01-04,0806,N20,VIIRS,n,2,302.85,3.88,D,0
16.25387,77.20751,330.69,0.38,0.36,2026-01-04,0806,N20,VIIRS,n,2,302.25,1.6,D,0
15.87014,74.82124,331.64,0.44,0.38,2026-01-04,0806,N20,VIIRS,n,2,303.15,1.11,D,0
16.20838,77.02123,335.38,0.39,0.36,2026-01-04,0806,N20,VIIRS,n,2,305.16,3.12,D,0
16.79063,77.38431,332.36,0.38,0.36,2026-01-04,0806,N20,VIIRS,l,2,303.3,2.79,D,0
21.85356,82.75285,339.35,0.47,0.48,2026-01-04,0807,N20,VIIRS,n,2,301.39,4.1,D,0
20.80979,83.88325,332.15,0.54,0.51,2026-01-04,0807,N20,VIIRS,n,2,299.67,3.28,D,0
19.6133,74.99802,332.42,0.4,0.37,2026-01-04,0807,N20,VIIRS,n,2,298.39,2.24,D,0
20.96265,85.18919,338.55,0.33,0.55,2026-01-04,0807,N20,VIIRS,n,2,300.81,6.21,D,2
20.8118,83.77258,337.78,0.53,0.5,2026-01-04,0807,N20,VIIRS,n,2,298.82,5.36,D,0
20.96643,85.17574,333.84,0.33,0.55,2026-01-04,0807,N20,VIIRS,n,2,297.65,6.28,D,2
20.97154,85.17522,332.85,0.33,0.55,2026-01-04,0807,N20,VIIRS,n,2,298.55,4.97,D,2
20.96925,85.15297,326.47,0.33,0.55,2026-01-04,0807,N20,VIIRS,l,2,297.04,3.59,D,2
20.82975,83.80699,327.4,0.54,0.51,2026-01-04,0807,N20,VIIRS,l,2,298.44,2.05,D,0
20.85577,83.75462,334.57,0.53,0.5,2026-01-04,0807,N20,VIIRS,n,2,297.73,4.59,D,0
19.68155,74.85311,338.85,0.4,0.37,2026-01-04,0807,N20,VIIRS,n,2,301.0,5.05,D,0
20.90305,83.84367,332.5,0.54,0.51,2026-01-04,0807,N20,VIIRS,n,2,298.38,2.89,D,0
20.68686,81.70618,340.37,0.4,0.44,2026-01-04,0807,N20,VIIRS,n,2,300.41,6.31,D,0
21.07933,85.03761,336.72,0.33,0.55,2026-01-04,0807,N20,VIIRS,n,2,300.76,6.03,D,2
19.7878,74.68789,333.4,0.41,0.37,2026-01-04,0807,N20,VIIRS,n,2,300.33,2.77,D,0
20.854,81.4473,334.32,0.38,0.44,2026-01-04,0807,N20,VIIRS,n,2,300.57,1.77,D,0
19.74979,73.75629,335.95,0.44,0.38,2026-01-04,0807,N20,VIIRS,n,2,297.69,5.63,D,0
21.13671,83.59614,334.89,0.53,0.5,2026-01-04,0807,N20,VIIRS,n,2,297.55,2.65,D,0
20.88748,81.48791,331.79,0.39,0.44,2026-01-04,0807,N20,VIIRS,n,2,300.58,1.67,D,0
20.94621,81.93158,333.97,0.41,0.45,2026-01-04,0807,N20,VIIRS,n,2,299.43,4.29,D,0
20.93581,81.57217,339.54,0.39,0.44,2026-01-04,0807,N20,VIIRS,n,2,301.01,5.3,D,0
21.19484,83.66374,332.11,0.53,0.5,2026-01-04,0807,N20,VIIRS,n,2,296.92,2.47,D,0
20.89745,80.99324,333.79,0.54,0.42,2026-01-04,0807,N20,VIIRS,n,2,300.19,3.45,D,0
21.23715,83.88098,330.57,0.55,0.51,2026-01-04,0807,N20,VIIRS,n,2,295.61,2.77,D,0
21.22817,83.75413,330.66,0.54,0.51,2026-01-04,0807,N20,VIIRS,n,2,297.03,3.41,D,0
20.98485,81.6386,339.56,0.4,0.44,2026-01-04,0807,N20,VIIRS,n,2,301.46,3.57,D,0
21.2068,83.39164,340.57,0.51,0.49,2026-01-04,0807,N20,VIIRS,n,2,296.26,4.09,D,0
20.96327,80.92067,334.37,0.54,0.42,2026-01-04,0807,N20,VIIRS,n,2,299.25,2.46,D,0
20.14295,75.13945,331.21,0.4,0.37,2026-01-04,0807,N20,VIIRS,n,2,298.2,2.09,D,0
21.07592,81.67217,340.06,0.4,0.44,2026-01-04,0807,N20,VIIRS,n,2,301.65,3.4,D,0
20.97792,80.83685,330.44,0.53,0.42,2026-01-04,0807,N20,VIIRS,n,2,300.63,1.93,D,0
21.12949,82.05337,342.61,0.42,0.45,2026-01-04,0807,N20,VIIRS,n,2,297.59,8.15,D,0
21.14824,82.10461,354.36,0.42,0.46,2026-01-04,0807,N20,VIIRS,n,2,298.61,10.63,D,0
21.15291,82.10815,349.26,0.42,0.46,2026-01-04,0807,N20,VIIRS,n,2,304.76,40.23,D,0
21.15243,82.10408,343.55,0.42,0.46,2026-01-04,0807,N20,VIIRS,n,2,298.32,10.63,D,0
21.15709,82.10762,341.71,0.42,0.46,2026-01-04,0807,N20,VIIRS,n,2,297.28,6.27,D,0
21.16079,82.103,331.79,0.42,0.46,2026-01-04,0807,N20,VIIRS,n,2,295.92,5.35,D,0
21.16594,82.11062,351.07,0.42,0.46,2026-01-04,0807,N20,VIIRS,n,2,299.77,18.22,D,0
21.33567,83.54472,343.8,0.52,0.5,2026-01-04,0807,N20,VIIRS,n,2,297.78,6.13,D,0
20.05494,74.15163,333.09,0.42,0.38,2026-01-04,0807,N20,VIIRS,n,2,300.25,3.69,D,0
21.16054,81.68819,340.96,0.4,0.44,2026-01-04,0807,N20,VIIRS,n,2,301.67,8.88,D,0
21.16046,81.68805,340.91,0.4,0.44,2026-01-04,0807,N20,VIIRS,n,2,301.43,8.92,D,0
20.17467,74.62211,333.76,0.41,0.37,2026-01-04,0807,N20,VIIRS,n,2,299.1,1.13,D,0
20.17805,74.6215,353.92,0.41,0.37,2026-01-04,0807,N20,VIIRS,n,2,301.26,5.7,D,0
20.17742,74.61764,338.87,0.41,0.37,2026-01-04,0807,N20,VIIRS,n,2,300.61,5.7,D,0
21.13498,81.33681,332.5,0.57,0.43,2026-01-04,0807,N20,VIIRS,n,2,299.54,4.36,D,0
20.18142,74.62086,347.8,0.41,0.37,2026-01-04,0807,N20,VIIRS,n,2,301.41,5.7,D,0
21.33924,82.94582,331.06,0.48,0.48,2026-01-04,0807,N20,VIIRS,n,2,298.53,2.27,D,0
21.24388,82.11324,340.67,0.43,0.46,2026-01-04,0807,N20,VIIRS,n,2,299.56,10.28,D,0
21.2434,82.10913,340.39,0.43,0.46,2026-01-04,0807,N20,VIIRS,n,2,300.51,8.15,D,0
21.24806,82.1127,348.45,0.43,0.46,2026-01-04,0807,N20,VIIRS,n,2,300.23,11.57,D,0
21.43254,83.62336,328.09,0.53,0.5,2026-01-04,0807,N20,VIIRS,n,2,299.23,2.91,D,0
21.45479,83.78442,332.04,0.55,0.51,2026-01-04,0807,N20,VIIRS,n,2,296.25,3.93,D,0
21.46119,83.79961,339.48,0.55,0.51,2026-01-04,0807,N20,VIIRS,n,2,296.51,4.7,D,0
21.37489,82.16834,331.41,0.43,0.46,2026-01-04,0807,N20,VIIRS,n,2,298.63,2.75,D,0
20.50521,75.73,332.38,0.39,0.36,2026-01-04,0807,N20,VIIRS,n,2,299.67,3.06,D,0
21.52565,83.12587,330.76,0.5,0.49,2026-01-04,0807,N20,VIIRS,n,2,298.2,2.98,D,0
20.4337,74.76794,339.13,0.4,0.37,2026-01-04,0807,N20,VIIRS,n,2,300.16,2.39,D,0
20.43309,74.76412,345.26,0.4,0.37,2026-01-04,0807,N20,VIIRS,n,2,300.5,3.43,D,0
21.7746,84.89672,331.2,0.32,0.55,2026-01-04,0807,N20,VIIRS,n,2,296.29,1.74,D,0
21.79925,84.88741,328.51,0.32,0.55,2026-01-04,0807,N20,VIIRS,n,2,295.62,3.16,D,0
21.63194,83.32222,335.69,0.51,0.5,2026-01-04,0807,N20,VIIRS,n,2,298.02,3.95,D,0
21.63022,83.14397,331.35,0.5,0.49,2026-01-04,0807,N20,VIIRS,n,2,299.2,1.72,D,0
21.82932,84.8812,338.6,0.32,0.55,2026-01-04,0807,N20,VIIRS,n,2,296.26,3.15,D,0
20.43139,74.25941,343.67,0.42,0.37,2026-01-04,0807,N20,VIIRS,n,2,301.09,5.6,D,0
20.4348,74.25881,337.16,0.42,0.37,2026-01-04,0807,N20,VIIRS,n,2,301.75,5.6,D,0
20.43413,74.25482,335.07,0.42,0.37,2026-01-04,0807,N20,VIIRS,n,2,300.29,5.78,D,0
21.82869,84.88357,326.0,0.32,0.55,2026-01-04,0807,N20,VIIRS,n,2,295.68,2.58,D,0
21.82837,84.88039,332.08,0.32,0.55,2026-01-04,0807,N20,VIIRS,n,2,296.25,3.0,D,0
21.59251,82.41756,340.69,0.45,0.47,2026-01-04,0807,N20,VIIRS,n,2,298.41,4.15,D,0
20.5431,74.79138,334.38,0.4,0.37,2026-01-04,0807,N20,VIIRS,n,2,300.1,4.59,D,0
21.92422,85.2252,325.81,0.34,0.56,2026-01-04,0807,N20,VIIRS,l,2,300.49,4.29,D,0
21.67871,82.78685,340.93,0.47,0.48,2026-01-04,0807,N20,VIIRS,n,2,297.05,60.64,D,0
21.68311,82.78631,341.26,0.47,0.48,2026-01-04,0807,N20,VIIRS,n,2,298.43,29.33,D,0
21.68258,82.78172,342.08,0.47,0.48,2026-01-04,0807,N20,VIIRS,n,2,305.59,29.33,D,0
21.6191,82.16334,340.14,0.43,0.46,2026-01-04,0807,N20,VIIRS,n,2,297.73,7.17,D,0
21.75562,83.30471,333.3,0.51,0.5,2026-01-04,0807,N20,VIIRS,n,2,298.87,2.17,D,0
20.65315,75.1783,333.42,0.39,0.36,2026-01-04,0807,N20,VIIRS,n,2,298.84,4.26,D,0
21.94596,84.94415,330.2,0.33,0.55,2026-01-04,0807,N20,VIIRS,n,2,296.16,2.68,D,0
21.45631,80.47707,338.94,0.52,0.41,2026-01-04,0807,N20,VIIRS,n,2,299.87,4.07,D,0
21.7446,82.85844,340.53,0.48,0.48,2026-01-04,0807,N20,VIIRS,n,2,299.02,8.45,D,0
21.87615,83.95254,333.64,0.57,0.52,2026-01-04,0807,N20,VIIRS,n,2,297.96,4.02,D,0
21.88091,83.95198,343.68,0.57,0.52,2026-01-04,0807,N20,VIIRS,n,2,298.77,8.29,D,0
21.80298,83.2245,334.89,0.51,0.49,2026-01-04,0807,N20,VIIRS,n,2,297.57,3.64,D,0
21.75815,82.81908,340.79,0.48,0.48,2026-01-04,0807,N20,VIIRS,n,2,298.84,4.64,D,0
21.4766,80.4539,332.79,0.52,0.41,2026-01-04,0807,N20,VIIRS,n,2,300.05,3.01,D,0
21.76638,82.65573,332.73,0.47,0.48,2026-01-04,0807,N20,VIIRS,n,2,297.65,3.29,D,0
21.77282,82.67319,330.46,0.47,0.48,2026-01-04,0807,N20,VIIRS,n,2,298.76,5.56,D,0
21.82265,82.9917,334.04,0.49,0.49,2026-01-04,0807,N20,VIIRS,n,2,298.68,3.7,D,0
21.79048,82.63432,330.92,0.47,0.47,2026-01-04,0807,N20,VIIRS,n,2,297.62,2.81,D,0
21.83518,82.90395,332.73,0.48,0.48,2026-01-04,0807,N20,VIIRS,n,2,297.62,4.93,D,0
21.80687,82.62312,342.51,0.47,0.47,2026-01-04,0807,N20,VIIRS,n,2,298.0,5.59,D,0
21.81123,82.62257,345.72,0.47,0.47,2026-01-04,0807,N20,VIIRS,n,2,298.91,5.59,D,0
21.80387,82.62525,336.09,0.47,0.47,2026-01-04,0807,N20,VIIRS,n,2,296.39,3.44,D,0
21.83899,82.90561,329.15,0.49,0.48,2026-01-04,0807,N20,VIIRS,n,2,296.87,2.41,D,0
21.80823,82.62469,344.34,0.47,0.47,2026-01-04,0807,N20,VIIRS,n,2,299.21,5.76,D,0
21.81259,82.62412,338.15,0.47,0.47,2026-01-04,0807,N20,VIIRS,n,2,299.48,5.76,D,0
20.71854,74.59404,337.31,0.4,0.37,2026-01-04,0807,N20,VIIRS,n,2,302.49,4.19,D,0
20.71792,74.59022,351.31,0.4,0.37,2026-01-04,0807,N20,VIIRS,n,2,299.61,4.19,D,0
20.72128,74.58958,341.93,0.4,0.37,2026-01-04,0807,N20,VIIRS,n,2,300.99,4.19,D,0
21.99954,84.25525,328.82,0.59,0.53,2026-01-04,0807,N20,VIIRS,n,2,296.77,4.81,D,0
21.88104,83.08376,339.76,0.5,0.49,2026-01-04,0807,N20,VIIRS,n,2,298.21,3.69,D,0
21.91954,83.35391,327.93,0.52,0.5,2026-01-04,0807,N20,VIIRS,n,2,300.66,3.45,D,2
21.91899,83.34888,330.31,0.52,0.5,2026-01-04,0807,N20,VIIRS,n,2,301.39,3.45,D,2
22.00269,84.04806,329.4,0.58,0.52,2026-01-04,0807,N20,VIIRS,n,2,297.51,3.22,D,0
21.84218,82.534,334.4,0.46,0.47,2026-01-04,0807,N20,VIIRS,n,2,297.39,3.31,D,0
21.83258,82.44983,331.72,0.45,0.47,2026-01-04,0807,N20,VIIRS,n,2,298.07,2.01,D,0
21.85979,82.65012,329.9,0.47,0.48,2026-01-04,0807,N20,VIIRS,n,2,298.32,3.81,D,0
21.86286,82.5993,330.31,0.46,0.47,2026-01-04,0807,N20,VIIRS,n,2,299.27,2.98,D,0
22.35541,87.4186,326.71,0.48,0.65,2026-01-04,0807,N20,VIIRS,n,2,290.33,2.55,D,0
21.87202,82.52567,350.21,0.46,0.47,2026-01-04,0807,N20,VIIRS,n,2,298.77,5.85,D,0
21.87274,82.49398,333.52,0.46,0.47,2026-01-04,0807,N20,VIIRS,n,2,297.42,6.61,D,0
21.90103,82.58542,332.26,0.46,0.47,2026-01-04,0807,N20,VIIRS,n,2,298.16,4.16,D,0
21.90434,82.57594,338.7,0.46,0.47,2026-01-04,0807,N20,VIIRS,n,2,297.98,7.17,D,0
22.04097,83.73299,367.0,0.55,0.51,2026-01-04,0807,N20,VIIRS,h,2,310.54,13.52,D,2
22.04156,83.73836,328.97,0.55,0.51,2026-01-04,0807,N20,VIIRS,n,2,300.16,13.52,D,2
22.04037,83.72764,340.48,0.55,0.51,2026-01-04,0807,N20,VIIRS,n,2,301.67,10.54,D,2
21.86775,82.23015,341.4,0.44,0.46,2026-01-04,0807,N20,VIIRS,n,2,300.23,6.81,D,0
21.90121,82.57722,329.16,0.46,0.47,2026-01-04,0807,N20,VIIRS,n,2,299.03,4.01,D,0
21.90556,82.57667,337.2,0.46,0.47,2026-01-04,0807,N20,VIIRS,n,2,297.5,4.01,D,0
21.86709,82.23068,347.98,0.44,0.46,2026-01-04,0807,N20,VIIRS,n,2,300.85,5.97,D,0
20.87703,74.96362,330.31,0.4,0.37,2026-01-04,0807,N20,VIIRS,n,2,299.53,2.35,D,0
22.03842,83.73573,338.21,0.55,0.51,2026-01-04,0807,N20,VIIRS,n,2,303.49,10.49,D,2
22.03787,83.73038,354.39,0.55,0.51,2026-01-04,0807,N20,VIIRS,n,2,304.4,12.24,D,2
22.04313,83.73525,337.88,0.55,0.51,2026-01-04,0807,N20,VIIRS,n,2,303.05,8.3,D,2
22.04258,83.72987,347.48,0.55,0.51,2026-01-04,0807,N20,VIIRS,n,2,305.82,11.97,D,2
22.3772,87.28081,325.5,0.47,0.64,2026-01-04,0807,N20,VIIRS,n,2,293.49,4.13,D,2
21.91252,82.48069,329.47,0.46,0.47,2026-01-04,0807,N20,VIIRS,n,2,297.9,1.36,D,0
21.91684,82.48012,338.35,0.46,0.47,2026-01-04,0807,N20,VIIRS,n,2,297.32,9.42,D,0
21.91635,82.47569,338.52,0.46,0.47,2026-01-04,0807,N20,VIIRS,n,2,301.43,17.32,D,0
21.94736,82.71407,340.77,0.47,0.48,2026-01-04,0807,N20,VIIRS,n,2,298.14,5.62,D,0
21.95176,82.71352,351.76,0.47,0.48,2026-01-04,0807,N20,VIIRS,n,2,300.96,12.13,D,0
21.925,82.47457,341.86,0.46,0.47,2026-01-04,0807,N20,VIIRS,n,2,299.53,4.34,D,0
21.92432,82.42979,340.64,0.45,0.47,2026-01-04,0807,N20,VIIRS,n,2,297.81,4.11,D,0
21.92283,82.41663,329.64,0.45,0.47,2026-01-04,0807,N20,VIIRS,n,2,297.24,3.1,D,0
21.93365,82.47347,336.97,0.46,0.47,2026-01-04,0807,N20,VIIRS,n,2,297.62,2.77,D,0
21.94504,82.53522,336.32,0.46,0.47,2026-01-04,0807,N20,VIIRS,n,2,297.14,2.63,D,0
21.9509,82.54805,335.78,0.46,0.47,2026-01-04,0807,N20,VIIRS,n,2,298.01,7.56,D,0
21.94989,82.53912,329.67,0.46,0.47,2026-01-04,0807,N20,VIIRS,n,2,298.7,6.1,D,0
21.99885,82.93491,332.38,0.49,0.49,2026-01-04,0807,N20,VIIRS,n,2,297.89,3.15,D,0
21.95627,82.55644,340.48,0.46,0.47,2026-01-04,0807,N20,VIIRS,n,2,299.4,7.0,D,0
21.00101,70.812,336.14,0.4,0.44,2026-01-04,0807,N20,VIIRS,n,2,306.18,10.01,D,0
21.00502,70.8112,367.0,0.4,0.44,2026-01-04,0807,N20,VIIRS,h,2,308.7,10.01,D,0
21.00433,70.8075,354.31,0.4,0.44,2026-01-04,0807,N20,VIIRS,n,2,310.81,10.01,D,0
21.00901,70.81039,346.57,0.4,0.44,2026-01-04,0807,N20,VIIRS,n,2,303.91,8.67,D,0
21.00833,70.80666,336.68,0.4,0.44,2026-01-04,0807,N20,VIIRS,n,2,306.92,8.67,D,0
21.58631,74.03693,342.7,0.41,0.37,2026-01-04,0807,N20,VIIRS,n,2,301.96,6.17,D,0
21.04575,70.84453,344.33,0.39,0.44,2026-01-04,0807,N20,VIIRS,n,2,306.67,6.11,D,0
21.05044,70.84745,335.87,0.39,0.44,2026-01-04,0807,N20,VIIRS,n,2,305.27,4.01,D,0
22.06017,75.34364,342.78,0.39,0.36,2026-01-04,0807,N20,VIIRS,n,2,301.82,10.78,D,0
22.15294,75.65804,332.95,0.38,0.36,2026-01-04,0807,N20,VIIRS,n,2,300.03,3.76,D,0
23.16485,82.34475,328.22,0.47,0.47,2026-01-04,0807,N20,VIIRS,l,2,300.77,3.98,D,2
23.16433,82.34021,343.75,0.46,0.47,2026-01-04,0807,N20,VIIRS,n,2,304.59,3.98,D,2
23.16379,82.33558,335.7,0.46,0.47,2026-01-04,0807,N20,VIIRS,n,2,300.68,3.01,D,2
23.16594,82.34572,325.94,0.47,0.47,2026-01-04,0807,N20,VIIRS,l,2,300.25,4.2,D,2
23.16545,82.34117,345.41,0.47,0.47,2026-01-04,0807,N20,VIIRS,n,2,304.58,4.2,D,2
23.16495,82.33659,342.14,0.47,0.47,2026-01-04,0807,N20,VIIRS,n,2,302.07,6.46,D,2
23.65189,87.6636,329.82,0.52,0.66,2026-01-04,0807,N20,VIIRS,n,2,292.56,3.98,D,0
22.81023,78.99068,331.33,0.45,0.39,2026-01-04,0807,N20,VIIRS,n,2,292.64,3.06,D,0
22.82114,78.8817,332.63,0.45,0.39,2026-01-04,0807,N20,VIIRS,n,2,293.95,3.03,D,0
21.84694,71.76065,331.74,0.51,0.41,2026-01-04,0807,N20,VIIRS,l,2,305.16,1.94,D,0
21.84715,71.75781,337.24,0.51,0.41,2026-01-04,0807,N20,VIIRS,n,2,306.13,3.96,D,0
23.01814,79.17986,326.04,0.47,0.39,2026-01-04,0807,N20,VIIRS,n,2,294.35,2.15,D,0
23.006,79.05793,327.92,0.46,0.39,2026-01-04,0807,N20,VIIRS,n,2,295.33,2.01,D,0
23.05678,79.10962,330.15,0.46,0.39,2026-01-04,0807,N20,VIIRS,n,2,295.21,3.1,D,0
23.04146,78.96635,336.56,0.46,0.39,2026-01-04,0807,N20,VIIRS,n,2,295.73,4.36,D,0
23.03405,78.722,332.12,0.45,0.39,2026-01-04,0807,N20,VIIRS,n,2,291.93,2.79,D,0
23.06948,78.93047,330.27,0.45,0.39,2026-01-04,0807,N20,VIIRS,n,2,294.94,2.97,D,0
23.06888,78.92606,329.15,0.45,0.39,2026-01-04,0807,N20,VIIRS,n,2,296.4,2.97,D,0
23.07158,78.92718,337.15,0.45,0.39,2026-01-04,0807,N20,VIIRS,n,2,296.35,6.23,D,0
21.95996,70.9253,332.41,0.56,0.43,2026-01-04,0807,N20,VIIRS,n,2,305.12,2.52,D,0
22.3646,73.11645,330.92,0.44,0.38,2026-01-04,0807,N20,VIIRS,n,2,302.07,2.7,D,2
22.8405,74.24052,342.1,0.4,0.37,2026-01-04,0807,N20,VIIRS,n,2,301.27,4.8,D,0
22.84385,74.23989,342.21,0.4,0.37,2026-01-04,0807,N20,VIIRS,n,2,300.12,4.8,D,0
22.60711,71.62207,331.69,0.51,0.41,2026-01-04,0807,N20,VIIRS,l,2,302.45,3.64,D,0
21.93834,82.3614,332.33,0.45,0.47,2026-01-04,0807,N20,VIIRS,n,2,297.85,1.91,D,0
21.94415,82.37392,330.36,0.45,0.47,2026-01-04,0807,N20,VIIRS,n,2,297.12,2.9,D,0
22.00398,82.70228,336.37,0.47,0.48,2026-01-04,0807,N20,VIIRS,n,2,298.81,3.27,D,0
22.10019,83.43177,342.56,0.53,0.5,2026-01-04,0807,N20,VIIRS,n,2,299.35,8.67,D,0
22.00533,82.52302,333.06,0.46,0.47,2026-01-04,0807,N20,VIIRS,n,2,297.82,2.56,D,0
22.00376,82.50965,335.93,0.46,0.47,2026-01-04,0807,N20,VIIRS,n,2,297.36,4.51,D,0
22.00967,82.52245,332.19,0.46,0.47,2026-01-04,0807,N20,VIIRS,n,2,298.76,3.18,D,0
22.1,83.43487,339.9,0.53,0.5,2026-01-04,0807,N20,VIIRS,n,2,298.54,4.45,D,0
22.00708,82.52449,338.78,0.46,0.47,2026-01-04,0807,N20,VIIRS,n,2,297.71,3.13,D,0
22.00512,82.50665,335.7,0.46,0.47,2026-01-04,0807,N20,VIIRS,n,2,297.57,4.33,D,0
22.08494,83.11695,329.68,0.5,0.49,2026-01-04,0807,N20,VIIRS,n,2,298.65,3.12,D,0
22.04,82.66243,336.32,0.47,0.48,2026-01-04,0807,N20,VIIRS,n,2,299.01,2.66,D,0
22.02998,82.45373,335.74,0.46,0.47,2026-01-04,0807,N20,VIIRS,n,2,297.85,3.98,D,0
22.04668,82.52386,331.06,0.46,0.47,2026-01-04,0807,N20,VIIRS,n,2,298.82,4.54,D,0
20.92017,74.28217,345.73,0.41,0.37,2026-01-04,0807,N20,VIIRS,n,2,302.27,4.71,D,0
20.91953,74.27826,332.56,0.41,0.37,2026-01-04,0807,N20,VIIRS,n,2,300.59,4.03,D,0
20.92355,74.28152,335.01,0.41,0.37,2026-01-04,0807,N20,VIIRS,n,2,302.51,4.71,D,0
20.92291,74.27763,344.54,0.41,0.37,2026-01-04,0807,N20,VIIRS,n,2,301.99,4.03,D,0
22.12927,82.54165,330.24,0.46,0.47,2026-01-04,0807,N20,VIIRS,n,2,296.99,2.61,D,0
22.14468,82.52138,339.66,0.46,0.47,2026-01-04,0807,N20,VIIRS,n,2,297.44,8.31,D,0
22.15977,82.53777,331.39,0.46,0.47,2026-01-04,0807,N20,VIIRS,n,2,297.7,2.68,D,0
22.22865,83.07621,350.01,0.5,0.49,2026-01-04,0807,N20,VIIRS,n,2,296.76,8.37,D,0
22.08856,81.84341,330.07,0.42,0.45,2026-01-04,0807,N20,VIIRS,n,2,299.81,2.0,D,0
22.01553,81.23109,332.9,0.39,0.44,2026-01-04,0807,N20,VIIRS,n,2,297.35,2.51,D,0
21.07723,74.38535,355.22,0.41,0.37,2026-01-04,0807,N20,VIIRS,n,2,302.92,5.63,D,0
21.08122,74.38857,367.0,0.41,0.37,2026-01-04,0807,N20,VIIRS,h,2,303.35,6.95,D,0
21.0806,74.38471,355.45,0.41,0.37,2026-01-04,0807,N20,VIIRS,l,2,303.59,10.47,D,0
21.08459,74.38793,354.55,0.41,0.37,2026-01-04,0807,N20,VIIRS,n,2,302.77,6.95,D,0
21.08397,74.38408,353.01,0.41,0.37,2026-01-04,0807,N20,VIIRS,n,2,301.39,10.47,D,0
21.08295,74.35638,346.22,0.41,0.37,2026-01-04,0807,N20,VIIRS,n,2,302.76,9.16,D,0
21.08232,74.35251,348.91,0.41,0.37,2026-01-04,0807,N20,VIIRS,n,2,302.83,11.09,D,0
21.08169,74.34864,334.97,0.41,0.37,2026-01-04,0807,N20,VIIRS,n,2,301.41,11.09,D,0
21.08507,74.348,344.77,0.41,0.37,2026-01-04,0807,N20,VIIRS,n,2,303.52,11.09,D,0
21.08695,74.35961,356.35,0.41,0.37,2026-01-04,0807,N20,VIIRS,l,2,302.55,9.16,D,0
21.08632,74.35575,355.81,0.41,0.37,2026-01-04,0807,N20,VIIRS,l,2,303.23,9.16,D,0
21.08907,74.35123,347.17,0.41,0.37,2026-01-04,0807,N20,VIIRS,n,2,303.27,6.61,D,0
21.09032,74.35897,356.04,0.41,0.37,2026-01-04,0807,N20,VIIRS,l,2,303.52,8.57,D,0
21.0897,74.3551,355.85,0.41,0.37,2026-01-04,0807,N20,VIIRS,l,2,303.68,8.57,D,0
21.09307,74.35446,351.09,0.41,0.37,2026-01-04,0807,N20,VIIRS,n,2,301.62,8.57,D,0
22.17011,81.9493,334.79,0.43,0.46,2026-01-04,0807,N20,VIIRS,n,2,297.83,1.86,D,0
21.17518,74.57303,336.21,0.4,0.37,2026-01-04,0807,N20,VIIRS,n,2,299.51,2.03,D,0
22.17758,81.24225,337.33,0.39,0.44,2026-01-04,0807,N20,VIIRS,n,2,300.94,2.75,D,0
21.23458,74.43939,353.4,0.4,0.37,2026-01-04,0807,N20,VIIRS,n,2,302.39,6.7,D,0
21.23395,74.43555,338.78,0.4,0.37,2026-01-04,0807,N20,VIIRS,n,2,301.33,2.72,D,0
21.23794,74.43877,340.1,0.4,0.37,2026-01-04,0807,N20,VIIRS,n,2,302.11,2.91,D,0
21.23731,74.43491,341.88,0.4,0.37,2026-01-04,0807,N20,VIIRS,n,2,301.67,2.9,D,0
22.78799,86.20808,333.63,0.41,0.6,2026-01-04,0807,N20,VIIRS,n,2,291.69,5.49,D,2
22.79358,86.2077,336.11,0.41,0.6,2026-01-04,0807,N20,VIIRS,n,2,291.39,5.22,D,2
21.4129,74.95113,333.72,0.39,0.36,2026-01-04,0807,N20,VIIRS,n,2,299.81,5.9,D,0
21.38064,74.75108,338.77,0.4,0.37,2026-01-04,0807,N20,VIIRS,n,2,305.76,13.35,D,0
21.22474,73.80838,330.55,0.42,0.38,2026-01-04,0807,N20,VIIRS,n,2,303.15,1.92,D,0
21.38398,74.75047,339.03,0.4,0.37,2026-01-04,0807,N20,VIIRS,n,2,300.98,6.45,D,0
22.79839,86.20826,351.67,0.41,0.6,2026-01-04,0807,N20,VIIRS,n,2,291.1,6.18,D,2
21.10049,72.63683,335.64,0.47,0.4,2026-01-04,0807,N20,VIIRS,n,2,304.81,9.68,D,2
21.10566,72.64509,337.55,0.47,0.4,2026-01-04,0807,N20,VIIRS,n,2,308.09,20.16,D,2
22.014,78.38947,331.56,0.42,0.38,2026-01-04,0807,N20,VIIRS,n,2,298.31,2.47,D,0
21.21889,73.09524,336.13,0.45,0.39,2026-01-04,0807,N20,VIIRS,n,2,302.89,3.35,D,0
20.83846,70.79422,340.31,0.4,0.44,2026-01-04,0807,N20,VIIRS,n,2,304.52,3.04,D,0
21.51654,74.12296,338.67,0.41,0.37,2026-01-04,0807,N20,VIIRS,n,2,301.25,3.36,D,0
21.51589,74.11904,349.05,0.41,0.37,2026-01-04,0807,N20,VIIRS,n,2,302.81,4.99,D,0
22.06319,77.66695,331.45,0.4,0.37,2026-01-04,0807,N20,VIIRS,n,2,298.55,3.11,D,0
25.12138,73.26934,343.9,0.41,0.37,2026-01-04,0808,N20,VIIRS,n,2,301.55,2.39,D,0
23.6375,68.77083,334.2,0.47,0.48,2026-01-04,0808,N20,VIIRS,n,2,303.03,3.19,D,0
23.63839,68.77533,331.98,0.47,0.48,2026-01-04,0808,N20,VIIRS,l,2,303.33,3.19,D,0
23.2813,69.81474,338.74,0.41,0.45,2026-01-04,0808,N20,VIIRS,n,2,298.61,6.09,D,0
22.9787,72.22511,330.89,0.47,0.4,2026-01-04,0808,N20,VIIRS,n,2,302.27,1.93,D,0
23.51995,73.52108,342.16,0.41,0.37,2026-01-04,0808,N20,VIIRS,n,2,298.55,4.89,D,0
22.92903,70.1074,343.95,0.4,0.44,2026-01-04,0808,N20,VIIRS,n,2,312.29,8.85,D,0
24.82149,69.24271,333.13,0.42,0.45,2026-01-04,0808,N20,VIIRS,n,2,299.48,1.53,D,0
23.08233,68.89146,332.05,0.47,0.48,2026-01-04,0808,N20,VIIRS,n,2,305.61,1.8,D,0
25.33735,73.21397,341.34,0.41,0.37,2026-01-04,0808,N20,VIIRS,n,2,299.71,25.24,D,0
25.33868,73.22197,343.53,0.41,0.37,2026-01-04,0808,N20,VIIRS,n,2,300.14,5.62,D,0
25.33464,73.21865,355.52,0.41,0.37,2026-01-04,0808,N20,VIIRS,l,2,304.18,5.71,D,0
25.33531,73.22266,355.34,0.41,0.37,2026-01-04,0808,N20,VIIRS,l,2,304.46,12.11,D,0
25.33398,73.21465,339.65,0.41,0.37,2026-01-04,0808,N20,VIIRS,n,2,302.7,5.71,D,0
24.44012,69.26942,350.99,0.42,0.46,2026-01-04,0808,N20,VIIRS,n,2,306.12,9.91,D,0
25.86744,68.74706,331.87,0.43,0.46,2026-01-04,0808,N20,VIIRS,n,2,295.02,3.07,D,0
27.59763,80.2057,330.39,0.39,0.44,2026-01-04,0808,N20,VIIRS,n,2,287.65,2.65,D,0
27.63774,80.56586,327.95,0.41,0.45,2026-01-04,0808,N20,VIIRS,n,2,289.44,1.84,D,0
25.90439,69.28405,340.69,0.4,0.44,2026-01-04,0808,N20,VIIRS,n,2,302.27,3.53,D,0
26.53956,72.84241,339.77,0.41,0.37,2026-01-04,0808,N20,VIIRS,n,2,299.47,1.67,D,0
26.53486,72.85596,335.67,0.41,0.37,2026-01-04,0808,N20,VIIRS,n,2,301.37,3.31,D,0
25.67127,68.70472,342.02,0.43,0.46,2026-01-04,0808,N20,VIIRS,n,2,299.16,5.37,D,0
25.67256,68.81895,339.21,0.43,0.46,2026-01-04,0808,N20,VIIRS,n,2,296.88,19.16,D,0
25.67422,68.8133,329.34,0.43,0.46,2026-01-04,0808,N20,VIIRS,n,2,295.61,11.21,D,0
25.67504,68.81748,336.94,0.43,0.46,2026-01-04,0808,N20,VIIRS,n,2,305.98,16.85,D,0
25.67091,68.81847,329.53,0.43,0.46,2026-01-04,0808,N20,VIIRS,n,2,295.15,16.85,D,0
25.58127,68.49525,336.56,0.45,0.47,2026-01-04,0808,N20,VIIRS,n,2,294.5,3.91,D,0
25.5275,68.62199,332.66,0.44,0.46,2026-01-04,0808,N20,VIIRS,n,2,294.6,4.94,D,0
25.52787,68.62476,342.4,0.44,0.46,2026-01-04,0808,N20,VIIRS,n,2,295.65,8.18,D,0
25.57388,69.08163,338.58,0.42,0.45,2026-01-04,0808,N20,VIIRS,n,2,296.54,3.61,D,0
25.56092,69.42912,341.42,0.4,0.44,2026-01-04,0808,N20,VIIRS,n,2,298.52,3.16,D,0
27.35719,82.05513,329.19,0.5,0.49,2026-01-04,0808,N20,VIIRS,n,2,288.69,3.39,D,0
25.27343,68.75629,337.4,0.44,0.46,2026-01-04,0808,N20,VIIRS,n,2,298.29,3.6,D,0
25.13603,68.6162,332.07,0.45,0.47,2026-01-04,0808,N20,VIIRS,n,2,296.92,2.73,D,0
25.15399,69.26305,341.79,0.41,0.45,2026-01-04,0808,N20,VIIRS,n,2,302.51,3.2,D,0
24.88779,68.29153,341.67,0.48,0.48,2026-01-04,0808,N20,VIIRS,n,2,299.06,9.34,D,0
29.85069,79.0523,328.06,0.55,0.42,2026-01-04,0809,N20,VIIRS,n,2,290.78,3.81,D,0
29.93662,79.81406,334.13,0.4,0.44,2026-01-04,0809,N20,VIIRS,n,2,291.56,2.86,D,0
28.48207,69.98791,342.75,0.5,0.41,2026-01-04,0809,N20,VIIRS,n,2,296.83,9.4,D,0
28.51229,70.17229,331.7,0.49,0.4,2026-01-04,0809,N20,VIIRS,n,2,294.14,4.87,D,0
29.94797,80.1509,325.21,0.42,0.45,2026-01-04,0809,N20,VIIRS,l,2,297.16,3.53,D,0
28.48491,70.189,332.18,0.49,0.4,2026-01-04,0809,N20,VIIRS,n,2,297.62,15.54,D,0
28.43487,69.94143,331.39,0.5,0.41,2026-01-04,0809,N20,VIIRS,n,2,296.58,8.87,D,0
29.96647,80.61934,338.82,0.45,0.47,2026-01-04,0809,N20,VIIRS,n,2,296.79,5.81,D,0
29.75545,79.02343,331.93,0.54,0.42,2026-01-04,0809,N20,VIIRS,n,2,293.27,4.5,D,0
29.78113,79.34887,330.98,0.56,0.43,2026-01-04,0809,N20,VIIRS,n,2,294.1,3.81,D,0
29.8349,79.97999,331.98,0.41,0.45,2026-01-04,0809,N20,VIIRS,n,2,289.18,3.39,D,0
29.82764,79.98991,329.03,0.41,0.45,2026-01-04,0809,N20,VIIRS,n,2,289.87,3.56,D,0
29.69493,79.39367,337.65,0.57,0.43,2026-01-04,0809,N20,VIIRS,n,2,295.0,6.93,D,0
28.27772,69.98451,330.16,0.5,0.41,2026-01-04,0809,N20,VIIRS,n,2,294.4,8.48,D,0
29.668,79.73392,339.7,0.39,0.44,2026-01-04,0809,N20,VIIRS,n,2,293.7,5.02,D,0
29.64578,79.60468,331.96,0.39,0.44,2026-01-04,0809,N20,VIIRS,n,2,290.84,2.17,D,0
29.71066,80.66689,328.03,0.44,0.46,2026-01-04,0809,N20,VIIRS,n,2,296.86,3.12,D,0
28.02658,69.35779,330.12,0.55,0.42,2026-01-04,0809,N20,VIIRS,n,2,293.04,10.42,D,0
29.58767,79.79442,330.2,0.4,0.44,2026-01-04,0809,N20,VIIRS,n,2,297.34,3.9,D,0
29.58809,79.79827,332.56,0.4,0.44,2026-01-04,0809,N20,VIIRS,n,2,297.87,3.9,D,0
29.81068,82.0995,330.89,0.54,0.51,2026-01-04,0809,N20,VIIRS,n,2,287.96,3.22,D,0
29.81105,82.10358,331.55,0.54,0.51,2026-01-04,0809,N20,VIIRS,n,2,290.11,5.76,D,0
29.60244,80.04539,354.26,0.41,0.45,2026-01-04,0809,N20,VIIRS,n,2,296.43,7.72,D,0
29.53281,79.44491,339.18,0.57,0.43,2026-01-04,0809,N20,VIIRS,n,2,294.2,6.76,D,0
29.61695,80.87849,341.57,0.46,0.47,2026-01-04,0809,N20,VIIRS,n,2,297.6,8.66,D,0
29.46409,79.53792,327.32,0.57,0.43,2026-01-04,0809,N20,VIIRS,n,2,289.58,5.31,D,0
29.46072,79.54386,349.56,0.57,0.43,2026-01-04,0809,N20,VIIRS,n,2,291.56,13.76,D,0
27.65245,68.34745,332.63,0.42,0.45,2026-01-04,0809,N20,VIIRS,n,2,293.11,1.85,D,0
29.25835,78.75605,327.46,0.52,0.41,2026-01-04,0809,N20,VIIRS,n,2,290.84,3.57,D,0
27.78022,69.30106,330.49,0.55,0.43,2026-01-04,0809,N20,VIIRS,n,2,293.62,3.85,D,0
28.86017,76.19186,336.8,0.41,0.37,2026-01-04,0809,N20,VIIRS,n,2,289.26,5.33,D,0
27.54976,68.40404,334.66,0.42,0.45,2026-01-04,0809,N20,VIIRS,n,2,297.38,8.69,D,0
27.55057,68.40817,334.69,0.42,0.45,2026-01-04,0809,N20,VIIRS,n,2,292.27,6.93,D,0
29.30382,79.7697,329.46,0.39,0.44,2026-01-04,0809,N20,VIIRS,n,2,291.13,3.27,D,0
27.96632,72.5343,339.19,0.41,0.37,2026-01-04,0809,N20,VIIRS,n,2,303.32,1.97,D,0
27.90136,72.94865,338.99,0.4,0.37,2026-01-04,0809,N20,VIIRS,n,2,296.24,3.45,D,0
28.80994,79.52597,331.96,0.56,0.43,2026-01-04,0809,N20,VIIRS,n,2,288.85,4.73,D,0
28.75581,79.78232,331.03,0.39,0.44,2026-01-04,0809,N20,VIIRS,n,2,287.95,1.77,D,0
26.89015,68.39581,339.29,0.43,0.46,2026-01-04,0809,N20,VIIRS,n,2,295.67,7.57,D,0
26.83547,68.25213,348.44,0.44,0.46,2026-01-04,0809,N20,VIIRS,n,2,294.99,6.75,D,0
27.533,72.40369,336.49,0.41,0.37,2026-01-04,0809,N20,VIIRS,n,2,299.56,2.44,D,0
27.5337,72.40781,335.41,0.41,0.37,2026-01-04,0809,N20,VIIRS,n,2,299.77,2.44,D,0
27.5323,72.40279,345.74,0.41,0.37,2026-01-04,0809,N20,VIIRS,n,2,300.14,2.58,D,0
27.5296,72.40763,340.75,0.41,0.37,2026-01-04,0809,N20,VIIRS,n,2,299.61,2.58,D,0
27.53029,72.41177,347.33,0.41,0.37,2026-01-04,0809,N20,VIIRS,n,2,299.32,3.94,D,0
27.52621,72.40836,339.69,0.41,0.37,2026-01-04,0809,N20,VIIRS,n,2,299.64,4.57,D,0
27.5269,72.41248,335.64,0.41,0.37,2026-01-04,0809,N20,VIIRS,n,2,300.07,1.71,D,0
27.49296,72.39835,356.33,0.41,0.37,2026-01-04,0809,N20,VIIRS,l,2,300.11,3.65,D,0
27.49227,72.39423,336.34,0.41,0.37,2026-01-04,0809,N20,VIIRS,n,2,300.18,3.65,D,0
27.49365,72.40248,337.26,0.41,0.37,2026-01-04,0809,N20,VIIRS,n,2,299.54,2.12,D,0
27.49573,72.41486,336.57,0.41,0.37,2026-01-04,0809,N20,VIIRS,n,2,300.8,1.59,D,0
28.45345,79.72449,330.47,0.57,0.43,2026-01-04,0809,N20,VIIRS,n,2,289.62,4.22,D,0
28.45465,79.7205,329.15,0.57,0.43,2026-01-04,0809,N20,VIIRS,n,2,289.19,2.87,D,0
26.60759,68.20998,338.61,0.45,0.47,2026-01-04,0809,N20,VIIRS,n,2,295.41,7.22,D,0
28.38114,79.74872,341.26,0.57,0.43,2026-01-04,0809,N20,VIIRS,n,2,289.31,9.65,D,0
26.35744,68.38432,328.58,0.44,0.46,2026-01-04,0809,N20,VIIRS,n,2,294.11,2.57,D,0
27.17879,72.92555,347.93,0.4,0.37,2026-01-04,0809,N20,VIIRS,n,2,299.77,3.24,D,0
26.24782,68.14659,340.46,0.46,0.47,2026-01-04,0809,N20,VIIRS,n,2,295.59,5.29,D,0
27.03471,72.73355,339.44,0.41,0.37,2026-01-04,0809,N20,VIIRS,n,2,299.78,2.07,D,0
27.0121,73.07949,339.33,0.4,0.37,2026-01-04,0809,N20,VIIRS,n,2,299.07,1.41,D,0
26.90532,72.63304,334.31,0.41,0.37,2026-01-04,0809,N20,VIIRS,n,2,299.62,1.39,D,0
26.19876,68.93593,334.34,0.41,0.45,2026-01-04,0809,N20,VIIRS,n,2,294.64,5.5,D,0
27.85238,80.45233,331.87,0.41,0.45,2026-01-04,0809,N20,VIIRS,n,2,289.92,3.16,D,0
27.80595,80.11164,336.82,0.39,0.44,2026-01-04,0809,N20,VIIRS,n,2,289.89,2.45,D,0
26.7675,72.73299,343.12,0.41,0.37,2026-01-04,0809,N20,VIIRS,n,2,302.35,1.7,D,0
26.76412,72.7337,338.87,0.41,0.37,2026-01-04,0809,N20,VIIRS,n,2,301.09,1.7,D,0
27.77231,80.14059,339.04,0.39,0.44,2026-01-04,0809,N20,VIIRS,n,2,287.67,5.22,D,0
25.92682,68.44793,338.35,0.44,0.46,2026-01-04,0809,N20,VIIRS,n,2,295.52,4.81,D,0
25.92682,68.44727,343.37,0.45,0.47,2026-01-04,0809,N20,VIIRS,n,2,295.49,5.06,D,0
28.12554,84.23959,326.43,0.35,0.57,2026-01-04,0809,N20,VIIRS,n,2,285.98,1.75,D,0
26.74704,73.20656,356.21,0.4,0.37,2026-01-04,0809,N20,VIIRS,l,2,300.71,6.45,D,0
25.90733,68.59213,339.45,0.44,0.46,2026-01-04,0809,N20,VIIRS,n,2,297.61,8.13,D,0
26.74305,73.20328,344.92,0.4,0.37,2026-01-04,0809,N20,VIIRS,n,2,300.25,3.68,D,0
26.7437,73.20725,354.92,0.4,0.37,2026-01-04,0809,N20,VIIRS,n,2,299.87,7.17,D,0
26.73971,73.20396,335.05,0.4,0.37,2026-01-04,0809,N20,VIIRS,n,2,299.49,3.68,D,0
26.74036,73.20794,336.3,0.4,0.37,2026-01-04,0809,N20,VIIRS,n,2,299.46,7.17,D,0
26.73507,73.19669,346.3,0.4,0.37,2026-01-04,0809,N20,VIIRS,n,2,300.52,3.77,D,0
26.73174,73.19737,356.36,0.4,0.37,2026-01-04,0809,N20,VIIRS,n,2,299.67,3.77,D,0
25.95537,68.92158,342.59,0.42,0.45,2026-01-04,0809,N20,VIIRS,n,2,301.61,9.05,D,0
27.53298,72.40691,347.51,0.41,0.37,2026-01-04,0809,N20,VIIRS,n,2,299.59,2.58,D,0
29.14378,70.57257,332.24,0.46,0.39,2026-01-04,0809,N20,VIIRS,n,2,293.85,4.11,D,0
29.19824,70.5134,348.17,0.46,0.39,2026-01-04,0809,N20,VIIRS,n,2,295.95,15.71,D,0
29.2018,70.51257,347.8,0.46,0.39,2026-01-04,0809,N20,VIIRS,n,2,295.41,15.71,D,0
30.61958,78.42932,330.24,0.52,0.41,2026-01-04,0809,N20,VIIRS,n,2,288.99,5.96,D,0
29.53141,70.8227,333.91,0.45,0.39,2026-01-04,0809,N20,VIIRS,n,2,294.2,3.44,D,0
30.63837,78.26313,345.29,0.51,0.41,2026-01-04,0809,N20,VIIRS,n,2,294.72,8.44,D,0
29.73091,71.94277,325.9,0.41,0.37,2026-01-04,0809,N20,VIIRS,n,2,292.17,1.27,D,0
30.71706,78.3761,326.22,0.52,0.41,2026-01-04,0809,N20,VIIRS,n,2,290.21,2.91,D,0
29.62814,70.8956,328.66,0.44,0.38,2026-01-04,0809,N20,VIIRS,n,2,292.3,2.83,D,0
29.18819,68.45129,355.87,0.39,0.44,2026-01-04,0809,N20,VIIRS,n,2,297.1,8.11,D,0
29.63427,70.78618,328.65,0.45,0.39,2026-01-04,0809,N20,VIIRS,n,2,296.15,2.54,D,0
29.95881,72.62326,332.01,0.39,0.36,2026-01-04,0809,N20,VIIRS,n,2,291.45,4.54,D,0
29.7351,70.98353,327.63,0.44,0.38,2026-01-04,0809,N20,VIIRS,n,2,292.46,2.21,D,0
29.73068,70.83544,329.59,0.44,0.39,2026-01-04,0809,N20,VIIRS,n,2,292.79,2.83,D,0
30.84963,78.26037,330.36,0.51,0.41,2026-01-04,0809,N20,VIIRS,n,2,294.24,3.84,D,0
30.80307,77.75289,330.91,0.48,0.4,2026-01-04,0809,N20,VIIRS,n,2,295.2,5.14,D,0
30.8019,77.75046,329.04,0.48,0.4,2026-01-04,0809,N20,VIIRS,n,2,294.94,5.8,D,0
29.83326,71.02224,329.45,0.43,0.38,2026-01-04,0809,N20,VIIRS,n,2,291.98,2.6,D,0
30.85135,77.78793,330.59,0.49,0.4,2026-01-04,0809,N20,VIIRS,n,2,295.85,3.47,D,0
29.87394,70.96664,339.37,0.44,0.38,2026-01-04,0809,N20,VIIRS,n,2,293.88,6.4,D,0
29.98017,70.90665,337.4,0.44,0.38,2026-01-04,0809,N20,VIIRS,n,2,292.46,5.63,D,0
28.53949,70.21696,332.57,0.49,0.4,2026-01-04,0809,N20,VIIRS,n,2,296.76,3.67,D,0
29.95223,79.76892,332.62,0.4,0.44,2026-01-04,0809,N20,VIIRS,n,2,292.19,3.17,D,0
29.93488,79.16138,336.82,0.55,0.43,2026-01-04,0809,N20,VIIRS,n,2,293.85,7.0,D,0
28.66218,70.49631,329.85,0.47,0.4,2026-01-04,0809,N20,VIIRS,n,2,295.18,2.72,D,0
28.7575,70.98485,331.94,0.45,0.39,2026-01-04,0809,N20,VIIRS,n,2,294.49,3.46,D,0
29.91527,78.88515,332.1,0.54,0.42,2026-01-04,0809,N20,VIIRS,n,2,291.51,3.88,D,0
28.7508,70.78221,336.54,0.46,0.39,2026-01-04,0809,N20,VIIRS,n,2,296.93,10.69,D,0
28.79664,70.73534,337.74,0.46,0.39,2026-01-04,0809,N20,VIIRS,n,2,295.56,4.72,D,0
28.80019,70.73453,346.56,0.46,0.39,2026-01-04,0809,N20,VIIRS,n,2,298.64,10.75,D,0
28.90444,70.80787,339.95,0.45,0.39,2026-01-04,0809,N20,VIIRS,n,2,295.18,3.82,D,0
28.91612,70.62728,329.47,0.46,0.39,2026-01-04,0809,N20,VIIRS,n,2,292.9,2.88,D,0
28.55006,70.29568,330.39,0.48,0.4,2026-01-04,0809,N20,VIIRS,n,2,294.1,16.06,D,0
29.14345,71.80273,333.22,0.42,0.37,2026-01-04,0809,N20,VIIRS,n,2,292.94,3.38,D,0
30.24428,78.97455,330.09,0.55,0.42,2026-01-04,0809,N20,VIIRS,n,2,292.54,3.44,D,0
30.2437,78.96947,328.18,0.55,0.42,2026-01-04,0809,N20,VIIRS,n,2,290.91,5.66,D,0
32.93475,73.86732,328.2,0.39,0.36,2026-01-04,0810,N20,VIIRS,n,2,287.81,1.82,D,0
30.25062,72.09789,338.53,0.4,0.37,2026-01-04,0810,N20,VIIRS,n,2,289.91,7.44,D,0
30.35397,72.02048,342.13,0.4,0.37,2026-01-04,0810,N20,VIIRS,n,2,290.42,4.21,D,0
30.20573,70.94532,329.57,0.43,0.38,2026-01-04,0810,N20,VIIRS,n,2,291.91,2.08,D,0
30.18782,70.8429,327.44,0.44,0.38,2026-01-04,0810,N20,VIIRS,n,2,288.98,3.82,D,0
30.18703,70.83842,326.6,0.44,0.38,2026-01-04,0810,N20,VIIRS,n,2,291.74,5.06,D,0
30.26063,70.84048,326.47,0.44,0.38,2026-01-04,0810,N20,VIIRS,n,2,289.74,2.26,D,0
30.37866,71.03137,334.3,0.43,0.38,2026-01-04,0810,N20,VIIRS,n,2,293.66,12.16,D,0
31.51757,77.66927,327.25,0.49,0.4,2026-01-04,0810,N20,VIIRS,n,2,289.29,2.84,D,0
31.54768,77.66972,341.05,0.49,0.4,2026-01-04,0810,N20,VIIRS,n,2,297.95,5.06,D,0
31.54987,77.66557,336.14,0.49,0.4,2026-01-04,0810,N20,VIIRS,n,2,286.61,7.83,D,0
32.03268,73.00291,326.0,0.38,0.36,2026-01-04,0810,N20,VIIRS,n,2,287.62,1.76,D,0
33.17405,73.39323,326.56,0.38,0.36,2026-01-04,0810,N20,VIIRS,n,2,285.9,1.3,D,0
33.62653,71.56297,327.72,0.39,0.36,2026-01-04,0810,N20,VIIRS,n,2,289.65,2.05,D,0
33.5518,70.84686,344.45,0.41,0.37,2026-01-04,0810,N20,VIIRS,n,2,285.37,13.35,D,0
33.65104,70.17374,337.94,0.42,0.38,2026-01-04,0811,N20,VIIRS,n,2,290.69,4.86,D,0
34.30833,73.27257,329.17,0.39,0.36,2026-01-04,0811,N20,VIIRS,n,2,287.19,3.56,D,0
28.68436,95.84982,304.64,0.48,0.48,2026-01-04,1853,N20,VIIRS,n,2,277.27,1.01,N,0
27.46248,95.47715,296.63,0.48,0.48,2026-01-04,1853,N20,VIIRS,n,2,282.58,0.31,N,2
27.37993,95.33267,299.19,0.49,0.49,2026-01-04,1853,N20,VIIRS,n,2,282.84,0.61,N,0
27.37856,95.08461,296.46,0.51,0.49,2026-01-04,1853,N20,VIIRS,n,2,282.31,0.44,N,2
27.3189,95.26331,297.8,0.5,0.49,2026-01-04,1853,N20,VIIRS,n,2,282.44,0.64,N,2
26.37348,96.57619,297.69,0.4,0.45,2026-01-04,1853,N20,VIIRS,n,2,281.94,0.4,N,0
23.55112,87.23869,295.94,0.72,0.76,2026-01-04,1854,N20,VIIRS,n,2,284.04,2.12,N,2
25.32092,93.8567,312.52,0.58,0.52,2026-01-04,1854,N20,VIIRS,n,2,276.43,2.19,N,0
25.26163,91.55817,310.47,0.4,0.6,2026-01-04,1854,N20,VIIRS,n,2,280.28,1.09,N,0
24.63085,96.10143,337.53,0.41,0.45,2026-01-04,1854,N20,VIIRS,n,2,286.67,4.95,N,0
23.69889,87.11,295.45,0.74,0.76,2026-01-04,1854,N20,VIIRS,n,2,283.32,4.59,N,0
23.69843,87.11731,303.4,0.74,0.76,2026-01-04,1854,N20,VIIRS,n,2,283.76,2.07,N,0
23.69275,87.09477,301.21,0.74,0.76,2026-01-04,1854,N20,VIIRS,n,2,284.75,3.27,N,2
